data,preco_brl_saca,preco_usd_saca
1996-09-02,123.09,121.15
1996-09-03,119.68,117.69
1996-09-04,119.39,117.44
1996-09-05,118.42,116.38
1996-09-06,118.09,115.98
1996-09-09,117.3,115.11
1996-09-10,116.84,114.71
1996-09-11,114.0,111.94
1996-09-12,115.76,113.46
1996-09-13,115.97,113.84
1996-09-16,116.4,114.27
1996-09-17,118.07,115.86
1996-09-18,117.29,115.09
1996-09-19,115.93,113.76
1996-09-20,115.56,113.35
1996-09-23,115.85,113.63
1996-09-24,116.28,114.04
1996-09-25,116.21,113.9
1996-09-26,115.52,113.23
1996-09-27,115.1,112.77
1996-09-30,112.45,110.13
1996-10-01,113.83,111.48
1996-10-02,114.21,111.85
1996-10-04,116.52,114.0
1996-10-07,119.45,116.87
1996-10-08,118.95,116.35
1996-10-09,119.67,116.91
1996-10-10,118.97,116.16
1996-10-11,119.41,116.5
1996-10-14,117.42,114.6
1996-10-15,117.02,114.21
1996-10-16,115.75,112.96
1996-10-17,114.31,111.57
1996-10-18,113.48,110.76
1996-10-21,115.35,112.57
1996-10-22,119.32,116.09
1996-10-23,118.83,115.82
1996-10-24,116.22,113.32
1996-10-25,115.09,112.02
1996-10-28,116.12,112.79
1996-10-29,115.68,112.56
1996-10-30,115.83,112.77
1996-10-31,116.18,112.99
1996-11-01,116.39,113.28
1996-11-04,116.63,113.5
1996-11-05,117.24,114.08
1996-11-06,119.25,116.05
1996-11-07,119.71,116.38
1996-11-08,119.13,115.68
1996-11-11,115.92,112.58
1996-11-12,117.33,113.88
1996-11-13,119.88,116.36
1996-11-14,120.84,117.26
1996-11-18,120.3,116.75
1996-11-19,121.39,117.86
1996-11-20,122.86,119.21
1996-11-21,119.71,116.13
1996-11-22,120.34,116.75
1996-11-25,119.49,115.91
1996-11-26,119.96,116.28
1996-11-27,119.97,116.23
1996-11-28,119.77,115.98
1996-11-29,118.58,114.82
1996-12-02,117.87,114.15
1996-12-03,119.21,115.44
1996-12-04,119.4,115.52
1996-12-05,119.58,115.58
1996-12-06,119.58,115.58
1996-12-09,120.73,116.68
1996-12-10,121.72,117.49
1996-12-11,122.45,118.13
1996-12-12,123.81,119.27
1996-12-13,125.97,121.38
1996-12-16,126.52,121.78
1996-12-17,128.27,123.34
1996-12-18,131.96,127.11
1996-12-19,130.55,125.77
1996-12-20,131.33,126.51
1996-12-23,130.38,125.53
1996-12-26,132.94,127.98
1996-12-27,136.43,131.16
1996-12-30,137.62,132.47
1997-01-02,138.65,133.41
1997-01-03,141.29,135.9
1997-01-06,140.07,134.66
1997-01-07,144.49,138.92
1997-01-08,148.71,142.88
1997-01-09,151.82,145.81
1997-01-10,152.41,146.42
1997-01-13,151.88,145.8
1997-01-14,154.98,148.75
1997-01-15,156.8,150.45
1997-01-16,157.64,151.07
1997-01-17,158.6,151.94
1997-01-20,161.18,154.54
1997-01-21,162.13,155.43
1997-01-22,171.66,164.52
1997-01-23,178.99,171.5
1997-01-24,175.42,168.08
1997-01-27,171.18,164.0
1997-01-28,172.39,165.24
1997-01-29,180.27,172.43
1997-01-30,173.41,165.88
1997-01-31,170.86,163.36
1997-02-03,174.24,166.72
1997-02-04,178.1,170.25
1997-02-05,174.82,167.0
1997-02-06,179.14,171.1
1997-02-07,180.34,172.2
1997-02-12,199.28,190.22
1997-02-13,205.31,195.78
1997-02-14,204.9,195.27
1997-02-17,201.41,192.04
1997-02-18,192.33,183.31
1997-02-19,200.19,190.63
1997-02-20,202.13,192.46
1997-02-24,195.59,186.21
1997-02-25,202.23,192.49
1997-02-26,207.55,197.44
1997-02-27,204.32,194.41
1997-02-28,206.7,196.66
1997-03-03,212.08,201.75
1997-03-04,218.78,208.07
1997-03-05,227.09,215.74
1997-03-06,223.55,212.36
1997-03-07,218.56,207.6
1997-03-10,228.81,217.33
1997-03-11,231.88,220.1
1997-03-12,231.67,219.8
1997-03-13,219.55,208.03
1997-03-14,221.74,210.2
1997-03-17,209.77,198.14
1997-03-18,206.55,195.04
1997-03-19,211.91,199.81
1997-03-20,211.21,199.25
1997-03-21,209.53,197.45
1997-03-24,203.53,191.76
1997-03-25,212.82,200.55
1997-03-26,225.54,212.54
1997-03-31,225.96,213.25
1997-04-01,228.33,215.63
1997-04-02,228.89,216.03
1997-04-03,214.75,203.04
1997-04-04,211.37,199.75
1997-04-07,215.1,203.11
1997-04-08,214.62,202.76
1997-04-09,220.2,208.03
1997-04-10,220.36,208.16
1997-04-11,219.83,207.56
1997-04-14,220.62,208.19
1997-04-15,221.14,208.56
1997-04-16,229.95,216.77
1997-04-17,228.81,215.65
1997-04-18,230.47,217.1
1997-04-22,223.84,210.59
1997-04-23,228.52,214.95
1997-04-24,228.85,215.28
1997-04-25,226.68,213.29
1997-04-28,228.15,214.65
1997-04-29,230.44,216.74
1997-04-30,234.46,220.44
1997-05-02,234.67,220.55
1997-05-05,236.32,222.04
1997-05-06,232.4,218.27
1997-05-07,232.21,218.04
1997-05-08,234.51,220.21
1997-05-09,234.17,219.65
1997-05-12,240.42,225.39
1997-05-13,244.76,229.3
1997-05-14,244.89,229.34
1997-05-15,251.43,235.53
1997-05-16,251.18,235.34
1997-05-19,249.44,233.6
1997-05-20,247.15,231.39
1997-05-21,255.02,238.65
1997-05-22,265.94,248.66
1997-05-23,265.31,247.93
1997-05-26,265.42,247.64
1997-05-27,278.41,259.32
1997-05-28,300.35,280.0
1997-05-30,282.38,263.49
1997-06-02,258.31,241.28
1997-06-03,266.97,249.21
1997-06-04,267.33,249.26
1997-06-05,257.51,240.01
1997-06-06,263.12,245.28
1997-06-09,269.85,251.56
1997-06-10,250.39,233.42
1997-06-11,244.2,227.54
1997-06-12,253.04,235.72
1997-06-13,236.14,219.77
1997-06-16,230.4,214.62
1997-06-17,242.38,225.7
1997-06-18,231.55,215.44
1997-06-19,241.77,224.8
1997-06-20,240.8,223.44
1997-06-23,234.3,217.69
1997-06-24,230.68,214.18
1997-06-25,228.49,212.25
1997-06-26,216.36,200.98
1997-06-27,213.79,198.49
1997-06-30,216.52,201.0
1997-07-01,216.54,201.08
1997-07-02,212.75,197.52
1997-07-03,209.18,194.16
1997-07-04,207.24,192.32
1997-07-07,197.63,183.36
1997-07-08,201.62,186.85
1997-07-10,187.71,173.9
1997-07-11,193.34,179.0
1997-07-14,193.33,178.93
1997-07-15,188.82,174.75
1997-07-16,190.88,176.62
1997-07-17,189.09,175.0
1997-07-18,192.82,178.32
1997-07-21,185.57,171.64
1997-07-22,190.95,176.59
1997-07-23,199.91,184.76
1997-07-24,198.11,183.11
1997-07-25,195.52,180.69
1997-07-28,202.17,186.78
1997-07-29,202.26,186.74
1997-07-30,201.41,186.0
1997-07-31,198.91,183.67
1997-08-01,199.74,184.41
1997-08-04,207.72,191.79
1997-08-05,212.52,196.03
1997-08-06,209.95,193.64
1997-08-07,217.1,200.24
1997-08-08,216.91,199.81
1997-08-11,214.64,197.73
1997-08-12,209.43,192.89
1997-08-13,204.68,188.47
1997-08-14,208.7,192.17
1997-08-15,204.64,188.23
1997-08-18,205.12,188.48
1997-08-19,211.52,194.16
1997-08-20,205.36,188.62
1997-08-21,209.22,192.22
1997-08-22,207.05,189.71
1997-08-25,207.15,189.8
1997-08-26,208.55,190.92
1997-08-27,212.68,194.76
1997-08-28,214.01,196.02
1997-08-29,220.3,201.74
1997-09-01,221.28,202.68
1997-09-02,227.33,208.16
1997-09-03,235.33,215.41
1997-09-04,240.38,220.13
1997-09-05,235.64,215.95
1997-09-08,234.72,215.12
1997-09-09,231.2,211.92
1997-09-10,230.28,210.97
1997-09-11,233.12,213.54
1997-09-12,219.85,201.31
1997-09-15,215.8,197.6
1997-09-16,211.41,193.48
1997-09-17,217.74,199.18
1997-09-18,211.79,193.62
1997-09-19,217.31,198.61
1997-09-22,213.67,195.26
1997-09-23,212.34,193.94
1997-09-24,212.53,194.09
1997-09-25,208.18,190.05
1997-09-26,207.24,189.17
1997-09-29,205.74,187.74
1997-09-30,205.86,187.82
1997-10-01,204.97,186.92
1997-10-02,202.78,184.9
1997-10-03,204.12,186.09
1997-10-06,211.27,192.57
1997-10-07,204.07,185.96
1997-10-08,207.74,189.3
1997-10-09,205.72,187.38
1997-10-10,208.21,189.58
1997-10-13,207.95,189.37
1997-10-14,208.59,189.9
1997-10-15,210.38,191.41
1997-10-16,205.45,186.89
1997-10-17,199.83,181.76
1997-10-20,199.86,181.73
1997-10-21,199.78,181.65
1997-10-22,200.3,181.99
1997-10-23,198.57,180.44
1997-10-24,197.88,179.74
1997-10-27,198.16,179.41
1997-10-28,196.08,178.1
1997-10-29,197.75,179.46
1997-10-30,196.98,178.04
1997-10-31,195.09,176.92
1997-11-03,190.96,173.19
1997-11-04,189.46,171.67
1997-11-05,193.45,175.29
1997-11-06,189.87,171.5
1997-11-07,195.22,176.43
1997-11-10,199.18,180.19
1997-11-11,198.75,179.91
1997-11-12,201.4,182.08
1997-11-13,203.85,184.01
1997-11-14,204.81,185.01
1997-11-17,204.32,184.82
1997-11-18,205.46,185.82
1997-11-19,209.35,188.96
1997-11-20,204.78,184.49
1997-11-21,205.04,184.8
1997-11-24,203.97,183.99
1997-11-25,205.77,185.4
1997-11-26,207.5,186.89
1997-11-27,207.69,187.45
1997-11-28,208.06,187.57
1997-12-01,215.71,194.49
1997-12-02,220.82,199.11
1997-12-03,222.12,200.09
1997-12-04,223.59,201.41
1997-12-05,227.59,205.0
1997-12-08,228.61,205.66
1997-12-09,239.89,215.81
1997-12-10,247.53,222.2
1997-12-11,245.91,220.53
1997-12-12,244.97,219.41
1997-12-15,249.01,223.81
1997-12-16,232.7,208.96
1997-12-17,224.82,201.87
1997-12-18,226.06,202.98
1997-12-19,221.52,198.87
1997-12-22,217.19,194.86
1997-12-23,222.41,199.56
1997-12-26,221.09,198.33
1997-12-29,225.11,201.96
1997-12-30,225.8,202.31
1998-01-02,226.14,202.61
1998-01-05,230.0,206.09
1998-01-06,226.2,202.67
1998-01-07,230.03,205.92
1998-01-08,237.43,212.06
1998-01-09,238.48,213.37
1998-01-12,238.58,213.24
1998-01-13,247.7,221.53
1998-01-14,249.61,222.81
1998-01-15,250.63,223.57
1998-01-16,246.19,219.62
1998-01-19,244.52,218.48
1998-01-20,251.71,224.73
1998-01-21,252.1,225.05
1998-01-22,248.69,222.02
1998-01-23,248.64,221.78
1998-01-26,247.77,221.0
1998-01-27,240.28,214.13
1998-01-28,245.65,218.86
1998-01-29,248.16,220.96
1998-01-30,247.0,219.92
1998-02-02,248.87,221.59
1998-02-03,247.66,220.32
1998-02-04,248.22,220.81
1998-02-05,247.91,220.54
1998-02-06,245.0,217.76
1998-02-09,238.36,211.86
1998-02-10,233.66,207.5
1998-02-11,232.16,206.16
1998-02-12,232.18,206.14
1998-02-13,232.17,205.95
1998-02-16,230.03,204.11
1998-02-17,229.46,203.4
1998-02-18,236.67,209.79
1998-02-19,242.83,215.08
1998-02-20,241.68,214.04
1998-02-25,239.06,211.67
1998-02-26,238.65,211.29
1998-02-27,231.98,205.28
1998-03-02,228.38,202.09
1998-03-03,224.81,198.95
1998-03-04,226.28,200.06
1998-03-05,223.95,197.99
1998-03-06,219.48,194.03
1998-03-09,221.34,195.51
1998-03-10,220.43,194.71
1998-03-11,221.38,195.56
1998-03-12,215.77,190.59
1998-03-13,210.36,185.65
1998-03-16,211.09,186.3
1998-03-17,205.94,181.78
1998-03-18,200.46,176.77
1998-03-19,193.75,170.84
1998-03-20,192.01,169.29
1998-03-23,192.92,170.08
1998-03-24,193.83,170.87
1998-03-25,195.11,171.83
1998-03-26,196.06,172.67
1998-03-27,195.47,172.05
1998-03-30,196.45,172.91
1998-03-31,198.14,174.25
1998-04-01,195.19,171.66
1998-04-02,194.85,171.36
1998-04-03,191.28,168.07
1998-04-06,192.84,169.26
1998-04-07,192.36,169.01
1998-04-08,194.35,170.61
1998-04-13,200.68,176.13
1998-04-14,201.08,176.39
1998-04-15,199.79,175.18
1998-04-16,196.65,172.38
1998-04-17,197.28,172.9
1998-04-20,196.25,171.92
1998-04-22,193.5,169.36
1998-04-23,181.92,159.08
1998-04-24,178.83,156.45
1998-04-27,176.84,154.52
1998-04-28,174.98,152.77
1998-04-29,172.97,151.06
1998-04-30,168.66,147.48
1998-05-04,160.86,140.66
1998-05-05,164.76,143.96
1998-05-06,160.26,140.0
1998-05-07,159.86,139.64
1998-05-08,160.65,140.29
1998-05-11,160.91,140.46
1998-05-12,160.61,140.13
1998-05-13,160.49,139.86
1998-05-14,162.89,142.06
1998-05-15,161.78,141.09
1998-05-18,162.86,141.74
1998-05-19,167.76,146.13
1998-05-20,168.15,146.4
1998-05-21,166.55,144.84
1998-05-22,167.93,145.81
1998-05-25,167.43,145.3
1998-05-26,162.0,140.44
1998-05-27,160.21,139.21
1998-05-28,160.34,139.46
1998-05-29,158.89,138.12
1998-06-01,150.97,131.08
1998-06-02,153.14,133.04
1998-06-03,154.55,134.24
1998-06-04,154.21,133.97
1998-06-05,152.75,132.59
1998-06-08,145.31,126.06
1998-06-09,146.88,127.32
1998-06-10,146.76,127.21
1998-06-12,144.89,125.5
1998-06-15,142.57,123.54
1998-06-16,140.38,121.59
1998-06-17,139.68,120.92
1998-06-18,137.17,118.71
1998-06-19,132.77,114.97
1998-06-22,129.7,112.3
1998-06-23,128.97,111.68
1998-06-24,127.17,110.03
1998-06-25,128.55,111.24
1998-06-26,127.38,110.15
1998-06-29,126.02,108.99
1998-06-30,125.41,108.43
1998-07-01,126.29,109.18
1998-07-02,125.32,108.36
1998-07-03,125.37,108.37
1998-07-06,127.2,109.83
1998-07-07,126.98,109.62
1998-07-08,129.57,111.39
1998-07-10,128.76,111.04
1998-07-13,124.33,106.82
1998-07-14,125.7,108.1
1998-07-15,126.28,108.65
1998-07-16,127.1,109.4
1998-07-17,127.49,109.85
1998-07-20,128.59,110.83
1998-07-21,128.93,111.09
1998-07-22,132.65,114.06
1998-07-23,132.12,113.33
1998-07-24,131.08,112.28
1998-07-27,130.98,112.44
1998-07-28,134.06,114.96
1998-07-29,135.4,116.52
1998-07-30,141.43,121.7
1998-07-31,147.76,127.05
1998-08-03,148.74,127.73
1998-08-04,146.38,125.54
1998-08-05,145.11,124.31
1998-08-06,144.16,123.47
1998-08-07,143.42,122.8
1998-08-10,141.84,121.36
1998-08-11,134.39,114.98
1998-08-12,131.48,112.23
1998-08-13,131.02,111.84
1998-08-14,125.97,107.47
1998-08-17,129.05,110.02
1998-08-18,131.06,111.64
1998-08-19,132.07,112.5
1998-08-20,129.74,110.51
1998-08-21,130.0,110.64
1998-08-24,131.96,112.31
1998-08-25,137.0,116.6
1998-08-26,133.99,114.31
1998-08-27,134.31,114.18
1998-08-28,136.54,116.09
1998-08-31,134.18,114.15
1998-09-01,133.48,113.41
1998-09-02,132.61,112.66
1998-09-03,132.63,112.59
1998-09-04,131.62,111.72
1998-09-08,133.0,113.08
1998-09-09,131.69,111.7
1998-09-10,127.33,108.0
1998-09-11,121.58,103.12
1998-09-14,118.18,100.14
1998-09-15,119.21,101.06
1998-09-16,120.06,101.74
1998-09-17,117.6,99.74
1998-09-18,118.04,99.95
1998-09-21,118.17,100.02
1998-09-22,119.22,100.73
1998-09-23,119.13,100.66
1998-09-24,119.84,101.26
1998-09-25,119.84,101.16
1998-09-28,123.96,104.65
1998-09-29,122.0,102.99
1998-09-30,119.85,101.1
1998-10-01,117.56,99.74
1998-10-02,116.35,98.22
1998-10-05,118.2,99.74
1998-10-06,119.76,101.26
1998-10-07,121.98,103.17
1998-10-08,126.94,107.18
1998-10-09,125.1,105.44
1998-10-13,120.55,101.51
1998-10-14,120.78,101.62
1998-10-15,124.64,104.87
1998-10-16,121.83,102.51
1998-10-19,122.72,103.16
1998-10-20,121.34,102.13
1998-10-21,122.28,102.76
1998-10-22,123.63,103.89
1998-10-23,123.41,103.62
1998-10-26,126.77,106.44
1998-10-27,122.62,102.87
1998-10-28,124.1,104.11
1998-10-29,125.28,105.17
1998-10-30,126.58,106.1
1998-11-03,141.37,118.66
1998-11-04,134.75,113.19
1998-11-05,134.32,113.04
1998-11-06,135.38,113.95
1998-11-09,132.02,110.97
1998-11-10,130.85,109.88
1998-11-11,130.92,110.02
1998-11-12,129.98,109.15
1998-11-13,128.75,108.14
1998-11-16,129.99,109.16
1998-11-17,130.88,109.95
1998-11-18,129.47,108.55
1998-11-19,130.73,109.37
1998-11-20,131.12,109.61
1998-11-23,129.01,107.92
1998-11-24,131.64,109.95
1998-11-25,133.4,111.22
1998-11-26,133.08,110.91
1998-11-27,134.78,112.27
1998-11-30,135.13,112.46
1998-12-01,135.44,112.74
1998-12-02,135.35,112.76
1998-12-03,137.64,114.51
1998-12-04,136.84,113.8
1998-12-07,137.03,113.96
1998-12-08,138.05,114.71
1998-12-09,139.03,115.53
1998-12-10,143.23,119.15
1998-12-11,142.75,118.5
1998-12-14,144.96,120.35
1998-12-15,148.15,123.05
1998-12-16,147.24,122.21
1998-12-17,146.77,121.64
1998-12-18,146.28,121.24
1998-12-21,141.75,117.48
1998-12-22,142.53,118.09
1998-12-23,143.59,118.9
1998-12-28,142.52,117.98
1998-12-29,145.5,120.45
1998-12-30,147.0,121.69
1999-01-04,151.98,125.89
1999-01-05,148.43,122.86
1999-01-06,149.95,124.01
1999-01-07,150.71,124.55
1999-01-08,151.5,125.21
1999-01-11,152.64,126.07
1999-01-12,152.46,125.9
1999-01-13,156.65,118.67
1999-01-14,163.03,123.51
1999-01-15,172.16,119.56
1999-01-18,171.29,107.73
1999-01-19,166.63,106.36
1999-01-20,168.85,106.87
1999-01-21,181.07,105.89
1999-01-22,180.67,104.43
1999-01-26,192.44,104.59
1999-01-27,191.75,100.39
1999-01-28,190.17,97.52
1999-01-29,196.74,94.13
1999-02-01,191.85,99.92
1999-02-02,181.86,103.33
1999-02-03,176.89,97.73
1999-02-04,175.42,96.92
1999-02-05,179.48,98.07
1999-02-08,184.31,96.5
1999-02-09,187.24,98.03
1999-02-10,187.43,99.17
1999-02-11,190.8,99.37
1999-02-12,191.44,100.23
1999-02-17,185.45,96.59
1999-02-18,187.91,97.87
1999-02-19,190.05,97.96
1999-02-22,195.2,99.08
1999-02-23,201.26,100.13
1999-02-24,199.21,97.65
1999-02-25,195.64,95.44
1999-02-26,193.81,94.54
1999-03-01,196.61,91.45
1999-03-02,200.74,92.94
1999-03-03,196.11,89.96
1999-03-04,198.52,95.91
1999-03-05,197.38,99.44
1999-03-08,192.85,97.4
1999-03-09,191.16,101.14
1999-03-10,188.43,100.76
1999-03-11,188.59,98.74
1999-03-12,188.71,98.29
1999-03-15,185.29,99.09
1999-03-16,187.03,99.75
1999-03-17,189.23,100.66
1999-03-18,184.18,99.29
1999-03-19,184.15,99.54
1999-03-22,182.96,99.16
1999-03-23,181.04,97.86
1999-03-24,182.41,98.6
1999-03-25,179.7,100.11
1999-03-26,183.46,103.65
1999-03-29,188.81,107.28
1999-03-30,188.16,107.52
1999-03-31,183.82,106.87
1999-04-05,180.07,103.49
1999-04-06,179.81,103.63
1999-04-07,176.63,101.81
1999-04-08,171.11,99.77
1999-04-09,170.92,100.24
1999-04-12,169.12,99.78
1999-04-13,165.27,99.26
1999-04-14,165.47,98.49
1999-04-15,166.03,100.02
1999-04-16,166.23,98.95
1999-04-19,173.94,103.53
1999-04-20,172.94,99.96
1999-04-22,169.01,99.54
1999-04-23,167.08,98.57
1999-04-26,169.99,99.82
1999-04-27,174.35,101.96
1999-04-28,172.62,102.51
1999-04-29,174.79,104.6
1999-04-30,174.38,104.54
1999-05-03,172.54,103.01
1999-05-04,172.85,102.52
1999-05-05,174.49,103.68
1999-05-06,173.96,103.48
1999-05-07,173.95,104.79
1999-05-10,175.22,106.26
1999-05-11,179.61,108.39
1999-05-12,178.32,107.88
1999-05-13,175.78,106.21
1999-05-14,179.91,108.64
1999-05-17,180.8,108.39
1999-05-18,189.74,113.89
1999-05-19,200.48,119.9
1999-05-20,199.7,118.45
1999-05-21,197.89,116.41
1999-05-24,197.63,114.57
1999-05-25,200.41,115.84
1999-05-26,208.05,122.1
1999-05-27,209.3,121.69
1999-05-28,205.72,119.54
1999-05-31,206.04,119.65
1999-06-01,204.88,117.41
1999-06-02,208.22,119.81
1999-06-04,206.89,119.11
1999-06-07,193.0,110.79
1999-06-08,183.0,104.45
1999-06-09,183.19,104.68
1999-06-10,183.98,104.53
1999-06-11,183.89,103.13
1999-06-14,183.61,102.52
1999-06-15,182.93,102.77
1999-06-16,186.59,105.54
1999-06-17,185.8,106.23
1999-06-18,186.53,105.98
1999-06-21,181.3,102.55
1999-06-22,185.05,104.25
1999-06-23,185.71,103.92
1999-06-24,186.18,103.66
1999-06-25,183.8,102.34
1999-06-28,179.72,101.08
1999-06-29,179.24,101.21
1999-06-30,179.87,102.55
1999-07-01,174.95,98.73
1999-07-02,168.09,95.4
1999-07-05,162.65,92.05
1999-07-06,154.1,86.67
1999-07-07,155.51,87.22
1999-07-08,163.13,90.73
1999-07-12,155.22,84.59
1999-07-13,157.25,86.16
1999-07-14,162.06,89.0
1999-07-15,159.2,88.05
1999-07-16,156.9,87.31
1999-07-19,161.01,89.9
1999-07-20,160.89,88.69
1999-07-21,160.9,88.55
1999-07-22,164.14,90.39
1999-07-23,159.81,87.81
1999-07-26,163.17,89.41
1999-07-27,165.47,91.32
1999-07-28,162.23,90.53
1999-07-29,161.56,90.16
1999-07-30,156.26,86.72
1999-08-02,160.69,88.05
1999-08-03,160.84,88.42
1999-08-04,159.85,87.25
1999-08-05,161.13,87.15
1999-08-06,159.69,86.56
1999-08-09,161.37,86.57
1999-08-10,161.99,86.86
1999-08-11,166.26,89.44
1999-08-12,161.37,86.39
1999-08-13,170.76,91.07
1999-08-16,154.8,82.21
1999-08-17,158.13,84.15
1999-08-18,161.78,84.92
1999-08-19,161.09,83.12
1999-08-20,160.65,83.89
1999-08-23,160.03,85.49
1999-08-24,160.57,83.72
1999-08-25,161.73,83.37
1999-08-26,160.76,83.82
1999-08-27,160.41,82.6
1999-08-30,157.77,81.79
1999-08-31,158.02,82.35
1999-09-01,163.68,84.81
1999-09-02,164.2,85.61
1999-09-03,160.8,83.97
1999-09-06,159.84,83.95
1999-09-08,158.51,84.09
1999-09-09,152.28,81.3
1999-09-10,148.64,79.28
1999-09-13,149.68,79.03
1999-09-14,149.96,79.76
1999-09-15,146.69,78.03
1999-09-16,145.92,77.49
1999-09-17,145.02,77.22
1999-09-20,141.97,75.8
1999-09-21,140.24,74.48
1999-09-22,139.51,73.7
1999-09-23,142.84,75.1
1999-09-24,144.6,75.59
1999-09-27,146.3,76.0
1999-09-28,148.89,77.11
1999-09-29,151.86,78.89
1999-09-30,145.58,74.89
1999-10-01,143.9,74.25
1999-10-04,146.39,75.42
1999-10-05,153.18,78.47
1999-10-06,155.33,79.49
1999-10-07,154.72,79.88
1999-10-08,155.1,79.25
1999-10-11,165.77,85.01
1999-10-13,214.27,109.38
1999-10-14,193.95,98.55
1999-10-15,197.96,100.08
1999-10-18,169.3,84.73
1999-10-19,174.24,86.99
1999-10-20,175.22,88.01
1999-10-21,164.15,82.49
1999-10-22,170.79,86.52
1999-10-25,186.8,94.16
1999-10-26,178.01,89.23
1999-10-27,180.35,90.63
1999-10-28,188.18,95.33
1999-10-29,191.7,98.36
1999-11-01,208.43,107.27
1999-11-03,200.32,103.1
1999-11-04,199.68,104.0
1999-11-05,196.96,102.53
1999-11-08,209.47,108.59
1999-11-09,214.0,110.59
1999-11-10,211.74,109.71
1999-11-11,218.07,112.76
1999-11-12,229.4,118.55
1999-11-16,242.97,125.63
1999-11-17,245.88,127.33
1999-11-18,218.48,113.2
1999-11-19,224.15,116.02
1999-11-22,227.88,117.83
1999-11-23,215.35,111.41
1999-11-24,214.89,111.34
1999-11-25,217.27,112.69
1999-11-26,217.03,112.74
1999-11-29,232.4,120.92
1999-11-30,252.3,131.2
1999-12-01,252.08,131.71
1999-12-02,268.33,140.93
1999-12-03,274.57,146.2
1999-12-06,251.32,134.61
1999-12-07,249.79,134.3
1999-12-08,248.1,133.03
1999-12-09,231.07,123.63
1999-12-10,241.1,129.35
1999-12-13,237.96,128.49
1999-12-14,234.67,126.78
1999-12-15,243.65,131.84
1999-12-16,251.05,136.67
1999-12-17,252.42,139.61
1999-12-20,260.96,144.02
1999-12-21,230.62,126.3
1999-12-22,223.98,123.0
1999-12-23,228.38,124.66
1999-12-27,227.01,123.91
1999-12-28,227.69,124.35
1999-12-29,226.75,125.34
1999-12-30,229.21,128.05
2000-01-03,217.0,119.23
2000-01-04,220.51,118.62
2000-01-05,230.85,125.46
2000-01-06,231.9,125.76
2000-01-07,230.81,125.99
2000-01-10,240.49,132.43
2000-01-11,236.49,129.8
2000-01-12,237.28,129.66
2000-01-13,237.34,130.91
2000-01-14,227.42,125.93
2000-01-17,222.33,123.93
2000-01-18,224.64,125.29
2000-01-19,224.98,125.48
2000-01-20,218.37,122.47
2000-01-21,215.03,121.21
2000-01-24,214.56,120.95
2000-01-25,212.11,119.36
2000-01-26,214.58,120.55
2000-01-27,214.71,120.55
2000-01-28,213.85,118.87
2000-01-31,209.59,117.55
2000-02-01,211.22,118.0
2000-02-02,213.16,119.28
2000-02-03,214.29,119.98
2000-02-04,216.7,122.5
2000-02-07,215.33,121.66
2000-02-08,212.0,120.04
2000-02-09,210.08,118.83
2000-02-10,210.58,119.24
2000-02-11,209.91,118.59
2000-02-14,201.45,113.62
2000-02-15,196.56,110.49
2000-02-16,194.05,109.39
2000-02-17,191.58,107.99
2000-02-18,188.6,106.02
2000-02-21,184.07,103.47
2000-02-22,184.41,103.2
2000-02-23,184.24,103.27
2000-02-24,181.37,102.01
2000-02-25,172.84,97.59
2000-02-28,176.32,99.17
2000-02-29,176.51,99.78
2000-03-01,180.52,102.28
2000-03-02,189.06,107.54
2000-03-03,192.88,110.4
2000-03-08,196.99,113.02
2000-03-09,200.86,115.37
2000-03-10,199.89,114.55
2000-03-13,198.88,113.91
2000-03-14,193.5,111.4
2000-03-15,192.66,110.73
2000-03-16,200.13,115.15
2000-03-17,198.08,113.84
2000-03-20,192.38,110.69
2000-03-21,194.88,112.13
2000-03-22,197.4,114.1
2000-03-23,188.08,109.35
2000-03-24,189.98,109.56
2000-03-27,189.74,108.55
2000-03-28,197.06,113.06
2000-03-29,195.56,112.0
2000-03-30,195.02,111.5
2000-03-31,194.66,112.0
2000-04-03,189.0,108.44
2000-04-04,187.45,107.24
2000-04-05,189.47,108.45
2000-04-06,188.15,107.76
2000-04-07,187.13,107.43
2000-04-10,180.53,103.69
2000-04-11,179.52,102.93
2000-04-12,173.85,99.11
2000-04-13,175.46,98.3
2000-04-14,172.61,96.76
2000-04-17,172.22,96.97
2000-04-18,175.99,99.83
2000-04-19,178.04,100.25
2000-04-20,180.73,101.19
2000-04-24,177.62,98.9
2000-04-25,181.16,101.21
2000-04-26,178.91,99.28
2000-04-27,178.28,98.71
2000-04-28,180.09,99.61
2000-05-02,184.67,102.42
2000-05-03,177.24,97.49
2000-05-04,181.83,100.29
2000-05-05,182.43,101.24
2000-05-08,182.46,100.92
2000-05-09,183.48,101.26
2000-05-10,182.24,100.19
2000-05-11,178.24,97.66
2000-05-12,172.12,93.7
2000-05-15,171.63,93.99
2000-05-16,173.1,95.11
2000-05-17,171.84,93.9
2000-05-18,171.86,93.71
2000-05-19,180.91,98.37
2000-05-22,190.65,103.0
2000-05-23,190.58,102.68
2000-05-24,185.38,100.64
2000-05-25,178.93,96.82
2000-05-26,178.59,97.27
2000-05-29,177.54,96.43
2000-05-30,180.11,98.37
2000-05-31,169.07,92.59
2000-06-01,170.93,94.07
2000-06-02,172.17,95.54
2000-06-05,167.38,93.41
2000-06-06,158.04,87.8
2000-06-07,163.27,90.91
2000-06-08,163.59,90.68
2000-06-09,165.31,91.58
2000-06-12,164.54,91.06
2000-06-13,163.63,90.35
2000-06-14,163.53,90.35
2000-06-15,158.47,87.45
2000-06-16,156.46,86.73
2000-06-19,153.27,84.91
2000-06-20,150.12,83.35
2000-06-21,144.18,79.57
2000-06-23,152.4,83.46
2000-06-26,150.48,82.5
2000-06-27,150.41,82.51
2000-06-28,149.24,81.95
2000-06-29,147.18,81.27
2000-06-30,140.21,77.55
2000-07-03,138.21,76.19
2000-07-04,138.44,76.49
2000-07-05,140.59,77.93
2000-07-06,134.22,74.53
2000-07-07,130.22,72.34
2000-07-10,139.35,77.55
2000-07-11,151.16,83.79
2000-07-12,151.38,83.96
2000-07-13,170.8,94.26
2000-07-14,147.1,81.5
2000-07-17,168.06,93.52
2000-07-18,195.57,108.83
2000-07-19,182.33,101.01
2000-07-20,155.06,86.29
2000-07-21,160.12,89.11
2000-07-24,138.95,77.54
2000-07-25,139.75,78.03
2000-07-26,141.54,79.07
2000-07-27,142.53,80.07
2000-07-28,143.76,80.5
2000-07-31,141.0,79.04
2000-08-01,141.94,79.34
2000-08-02,142.9,79.57
2000-08-03,143.37,79.87
2000-08-04,143.24,79.93
2000-08-07,143.07,79.62
2000-08-08,142.25,79.29
2000-08-09,133.35,74.17
2000-08-10,135.85,75.64
2000-08-11,139.22,77.26
2000-08-14,134.21,74.31
2000-08-15,135.3,75.0
2000-08-16,133.83,73.81
2000-08-17,137.32,75.95
2000-08-18,138.0,75.91
2000-08-21,138.21,75.85
2000-08-22,138.99,76.49
2000-08-23,135.13,74.12
2000-08-24,139.97,76.91
2000-08-25,139.48,76.47
2000-08-28,133.76,73.01
2000-08-29,134.43,73.54
2000-08-30,132.91,72.87
2000-08-31,133.43,73.11
2000-09-01,134.87,73.9
2000-09-04,132.57,72.56
2000-09-05,130.6,71.6
2000-09-06,134.77,74.01
2000-09-08,137.64,75.67
2000-09-11,138.68,76.11
2000-09-12,139.54,76.25
2000-09-13,142.84,78.01
2000-09-14,137.92,75.04
2000-09-15,137.65,74.57
2000-09-18,140.78,75.77
2000-09-19,141.17,76.18
2000-09-20,135.08,72.74
2000-09-21,134.0,72.28
2000-09-22,134.36,72.75
2000-09-25,136.26,73.78
2000-09-26,141.13,76.25
2000-09-27,135.57,73.24
2000-09-28,138.33,75.02
2000-09-29,143.07,77.54
2000-10-02,135.41,73.11
2000-10-03,137.08,74.02
2000-10-04,138.37,74.63
2000-10-05,138.02,74.65
2000-10-06,139.62,75.22
2000-10-09,140.31,75.68
2000-10-10,140.95,75.95
2000-10-11,145.23,78.12
2000-10-13,143.04,76.37
2000-10-16,153.39,82.07
2000-10-17,157.93,84.32
2000-10-18,157.62,84.07
2000-10-19,154.03,82.06
2000-10-20,151.56,80.32
2000-10-23,142.05,74.92
2000-10-24,143.39,75.03
2000-10-25,142.57,74.1
2000-10-26,139.52,72.03
2000-10-27,140.78,73.48
2000-10-30,137.91,71.94
2000-10-31,140.54,73.93
2000-11-01,141.87,73.93
2000-11-03,142.19,73.18
2000-11-06,144.51,74.6
2000-11-07,144.13,73.76
2000-11-08,145.4,73.92
2000-11-09,145.6,74.09
2000-11-10,146.01,74.99
2000-11-13,142.12,72.77
2000-11-14,142.71,73.07
2000-11-16,140.62,72.07
2000-11-17,141.47,71.92
2000-11-20,142.65,74.41
2000-11-21,138.9,72.34
2000-11-22,138.22,71.54
2000-11-23,138.89,71.11
2000-11-24,138.67,70.82
2000-11-27,138.94,70.49
2000-11-28,140.94,71.62
2000-11-29,142.13,72.66
2000-11-30,136.98,69.15
2000-12-01,137.25,69.57
2000-12-04,135.89,68.67
2000-12-05,134.34,68.58
2000-12-06,135.35,68.5
2000-12-07,136.78,69.26
2000-12-08,131.04,66.55
2000-12-11,132.1,67.13
2000-12-12,132.56,67.29
2000-12-13,131.07,67.01
2000-12-14,124.96,63.62
2000-12-15,124.42,63.32
2000-12-18,123.06,62.91
2000-12-19,120.95,61.93
2000-12-20,120.17,61.34
2000-12-21,122.84,62.87
2000-12-22,120.42,61.47
2000-12-26,124.28,63.37
2000-12-27,123.57,63.01
2000-12-28,124.5,63.78
2001-01-02,119.92,61.78
2001-01-03,119.18,61.69
2001-01-04,121.26,62.47
2001-01-05,121.92,62.36
2001-01-08,121.48,62.26
2001-01-09,122.32,62.92
2001-01-10,122.4,62.93
2001-01-11,123.34,63.06
2001-01-12,126.12,64.71
2001-01-15,130.98,67.24
2001-01-16,131.51,67.34
2001-01-17,133.54,68.27
2001-01-18,127.28,65.07
2001-01-19,133.45,68.15
2001-01-22,138.54,70.79
2001-01-23,136.76,69.77
2001-01-24,137.66,69.84
2001-01-25,129.84,65.78
2001-01-26,130.04,65.81
2001-01-29,128.25,64.94
2001-01-30,124.65,63.37
2001-01-31,124.77,63.21
2001-02-01,126.69,63.69
2001-02-02,125.23,62.93
2001-02-05,125.0,62.37
2001-02-06,125.67,62.8
2001-02-07,124.84,62.23
2001-02-08,125.18,62.84
2001-02-09,126.93,64.07
2001-02-12,127.2,64.14
2001-02-13,128.3,64.57
2001-02-14,128.49,64.6
2001-02-15,127.71,64.24
2001-02-16,123.47,61.86
2001-02-19,124.03,61.95
2001-02-20,128.28,63.79
2001-02-21,128.67,62.89
2001-02-22,129.8,63.5
2001-02-23,130.99,64.27
2001-02-28,130.4,63.73
2001-03-01,128.77,63.03
2001-03-02,129.33,63.77
2001-03-05,129.04,63.82
2001-03-06,130.9,64.33
2001-03-07,131.08,64.19
2001-03-08,128.81,62.74
2001-03-09,124.85,61.02
2001-03-12,125.31,60.89
2001-03-13,124.77,60.48
2001-03-14,124.94,60.19
2001-03-15,121.51,57.94
2001-03-16,121.36,57.03
2001-03-19,122.85,58.03
2001-03-20,123.97,59.49
2001-03-21,122.91,57.87
2001-03-22,122.41,56.59
2001-03-23,123.09,56.62
2001-03-26,125.18,58.63
2001-03-27,122.99,57.85
2001-03-28,123.36,58.0
2001-03-29,123.35,57.32
2001-03-30,122.95,57.11
2001-04-02,121.56,56.1
2001-04-03,120.68,55.43
2001-04-04,119.74,55.05
2001-04-05,118.98,55.24
2001-04-06,117.7,54.34
2001-04-09,117.6,54.47
2001-04-10,116.0,54.23
2001-04-11,115.49,53.59
2001-04-12,115.42,53.56
2001-04-16,114.27,52.01
2001-04-17,112.64,51.22
2001-04-18,114.93,52.65
2001-04-19,113.91,52.01
2001-04-20,113.2,49.89
2001-04-23,121.4,53.69
2001-04-24,114.89,50.75
2001-04-25,114.82,50.07
2001-04-26,114.98,51.31
2001-04-27,121.74,55.29
2001-04-30,120.68,54.83
2001-05-02,123.64,55.24
2001-05-03,128.33,57.94
2001-05-04,127.15,57.48
2001-05-07,131.17,59.19
2001-05-08,132.1,58.76
2001-05-09,132.07,58.36
2001-05-10,133.12,58.9
2001-05-11,133.3,58.31
2001-05-14,127.64,55.18
2001-05-15,130.79,55.92
2001-05-16,133.42,57.53
2001-05-17,133.35,57.88
2001-05-18,136.53,59.23
2001-05-21,132.58,57.15
2001-05-22,132.76,57.15
2001-05-23,131.81,56.19
2001-05-24,131.57,56.01
2001-05-25,127.41,54.92
2001-05-28,126.68,54.27
2001-05-29,127.58,54.34
2001-05-30,127.87,54.48
2001-05-31,124.46,52.41
2001-06-01,126.62,53.27
2001-06-04,127.2,53.4
2001-06-05,128.6,53.81
2001-06-06,126.58,53.01
2001-06-07,126.17,53.3
2001-06-08,127.41,54.01
2001-06-11,124.36,52.27
2001-06-12,126.0,52.39
2001-06-13,126.63,52.28
2001-06-15,128.38,53.05
2001-06-18,134.98,54.98
2001-06-19,127.2,51.31
2001-06-20,126.11,51.08
2001-06-21,127.47,53.54
2001-06-22,121.79,52.68
2001-06-25,119.91,52.13
2001-06-26,120.23,51.67
2001-06-27,120.33,52.16
2001-06-28,119.69,52.04
2001-06-29,118.92,51.48
2001-07-02,115.53,49.54
2001-07-03,116.29,49.44
2001-07-04,117.13,48.36
2001-07-05,116.75,47.27
2001-07-06,118.65,47.08
2001-07-10,117.59,47.22
2001-07-11,117.71,46.27
2001-07-12,117.74,46.44
2001-07-13,117.57,46.02
2001-07-16,119.63,46.33
2001-07-17,118.59,47.44
2001-07-18,119.75,48.62
2001-07-19,118.56,47.25
2001-07-20,118.15,48.18
2001-07-23,116.54,48.26
2001-07-24,119.25,48.26
2001-07-25,115.83,46.56
2001-07-26,114.96,46.35
2001-07-27,113.96,46.33
2001-07-30,113.2,46.87
2001-07-31,113.49,45.99
2001-08-01,113.09,45.33
2001-08-02,112.11,44.97
2001-08-03,112.15,44.77
2001-08-06,110.92,45.05
2001-08-07,110.68,44.56
2001-08-08,110.86,44.9
2001-08-09,110.97,44.98
2001-08-10,107.2,43.5
2001-08-13,110.47,44.21
2001-08-14,110.98,44.11
2001-08-15,111.78,44.85
2001-08-16,112.6,45.0
2001-08-17,121.46,48.2
2001-08-20,113.97,45.24
2001-08-21,114.43,44.88
2001-08-22,115.99,45.97
2001-08-23,119.26,47.14
2001-08-24,116.65,45.78
2001-08-27,116.8,45.62
2001-08-28,117.16,45.79
2001-08-29,118.45,46.52
2001-08-30,115.45,45.6
2001-08-31,116.29,45.34
2001-09-03,114.56,44.64
2001-09-04,111.41,43.57
2001-09-05,112.31,43.57
2001-09-06,112.37,43.49
2001-09-10,112.46,43.14
2001-09-11,112.35,42.24
2001-09-12,111.89,41.66
2001-09-13,112.57,42.32
2001-09-14,113.43,42.45
2001-09-17,111.53,41.8
2001-09-18,111.89,41.53
2001-09-19,111.79,41.25
2001-09-20,111.24,40.33
2001-09-21,112.12,39.55
2001-09-24,112.34,41.3
2001-09-25,111.59,41.1
2001-09-26,112.43,41.06
2001-09-27,111.62,41.73
2001-09-28,107.57,40.29
2001-10-01,104.74,39.1
2001-10-02,103.31,38.16
2001-10-03,101.97,37.48
2001-10-04,102.78,37.55
2001-10-05,104.5,37.62
2001-10-08,103.32,37.29
2001-10-09,104.08,37.41
2001-10-10,104.02,37.52
2001-10-11,103.01,37.03
2001-10-15,102.39,36.92
2001-10-16,102.4,37.72
2001-10-17,103.3,37.93
2001-10-18,107.67,39.01
2001-10-19,103.55,37.86
2001-10-22,102.12,37.5
2001-10-23,104.11,38.13
2001-10-24,104.35,37.8
2001-10-25,107.82,39.71
2001-10-26,104.95,38.48
2001-10-29,106.45,39.08
2001-10-30,106.57,39.14
2001-10-31,109.13,40.43
2001-11-01,110.78,41.41
2001-11-05,111.67,42.98
2001-11-06,114.22,43.76
2001-11-07,113.1,44.14
2001-11-08,110.39,43.07
2001-11-09,108.49,42.73
2001-11-12,107.93,42.29
2001-11-13,107.9,42.78
2001-11-14,112.88,44.35
2001-11-16,113.74,44.99
2001-11-19,111.66,44.31
2001-11-20,111.15,43.5
2001-11-21,112.63,44.27
2001-11-22,112.86,44.54
2001-11-23,112.95,45.11
2001-11-26,113.38,45.72
2001-11-27,108.81,44.02
2001-11-28,108.64,43.75
2001-11-29,109.16,42.98
2001-11-30,109.46,43.85
2001-12-03,107.3,43.74
2001-12-04,106.96,43.89
2001-12-05,106.96,43.91
2001-12-06,107.21,44.3
2001-12-07,106.38,44.46
2001-12-10,105.0,45.03
2001-12-11,105.84,44.47
2001-12-12,106.22,44.8
2001-12-13,106.4,44.82
2001-12-14,106.07,44.62
2001-12-17,103.95,44.12
2001-12-18,103.51,44.52
2001-12-19,102.04,44.46
2001-12-20,105.11,45.03
2001-12-21,103.68,44.34
2001-12-26,101.48,43.7
2001-12-27,103.63,44.48
2001-12-28,102.68,44.33
2002-01-02,104.77,45.47
2002-01-03,105.95,46.16
2002-01-04,106.5,45.67
2002-01-07,106.98,45.91
2002-01-08,108.4,45.66
2002-01-09,112.45,47.35
2002-01-10,113.72,46.95
2002-01-11,109.89,45.75
2002-01-14,111.4,46.49
2002-01-15,112.14,47.23
2002-01-16,111.55,47.11
2002-01-17,111.51,46.83
2002-01-18,109.69,46.36
2002-01-21,108.79,45.83
2002-01-22,109.63,46.04
2002-01-23,110.96,46.53
2002-01-24,112.22,46.8
2002-01-25,110.9,45.96
2002-01-28,110.49,45.56
2002-01-29,110.92,45.5
2002-01-30,110.92,45.61
2002-01-31,110.51,45.78
2002-02-01,110.72,45.81
2002-02-04,110.56,45.58
2002-02-05,110.05,45.42
2002-02-06,110.31,45.28
2002-02-07,111.24,45.16
2002-02-08,111.41,45.29
2002-02-13,110.0,45.63
2002-02-14,111.08,45.69
2002-02-15,111.28,45.83
2002-02-18,110.45,45.51
2002-02-19,111.67,46.07
2002-02-20,113.18,46.58
2002-02-21,114.61,47.32
2002-02-22,112.63,46.39
2002-02-25,109.47,45.42
2002-02-26,109.13,45.59
2002-02-27,108.72,45.59
2002-02-28,108.63,46.28
2002-03-01,109.07,46.51
2002-03-04,108.69,46.75
2002-03-05,111.29,47.72
2002-03-06,112.76,47.62
2002-03-07,111.71,47.08
2002-03-08,113.12,48.12
2002-03-11,119.41,50.64
2002-03-12,121.54,52.14
2002-03-13,118.65,50.51
2002-03-14,118.24,50.42
2002-03-15,118.43,50.2
2002-03-18,112.47,48.04
2002-03-19,114.76,48.98
2002-03-20,119.83,51.1
2002-03-21,117.72,50.22
2002-03-22,118.76,50.54
2002-03-25,118.78,50.23
2002-03-26,119.9,51.11
2002-03-27,121.04,51.62
2002-03-28,122.06,52.5
2002-04-01,123.12,53.44
2002-04-02,126.95,55.22
2002-04-03,126.41,54.7
2002-04-04,122.49,53.21
2002-04-05,118.77,52.09
2002-04-08,117.11,51.07
2002-04-09,121.02,53.08
2002-04-10,120.29,53.06
2002-04-11,119.49,52.32
2002-04-12,115.91,50.31
2002-04-15,116.7,50.26
2002-04-16,115.36,49.7
2002-04-17,114.76,49.38
2002-04-18,119.87,51.49
2002-04-19,115.56,49.7
2002-04-22,116.93,49.93
2002-04-23,118.22,50.07
2002-04-24,115.84,49.13
2002-04-25,112.23,47.47
2002-04-26,111.82,47.14
2002-04-29,110.67,46.81
2002-04-30,111.17,47.07
2002-05-02,108.54,45.28
2002-05-03,107.74,44.73
2002-05-06,109.25,45.13
2002-05-07,109.34,44.9
2002-05-08,108.93,44.66
2002-05-09,106.41,43.03
2002-05-10,106.33,43.08
2002-05-13,105.67,41.91
2002-05-14,106.56,42.29
2002-05-15,105.67,42.17
2002-05-16,107.64,43.63
2002-05-17,106.74,43.11
2002-05-20,107.35,43.22
2002-05-21,109.15,43.96
2002-05-22,107.38,42.53
2002-05-23,107.32,42.44
2002-05-24,107.0,42.45
2002-05-27,107.28,42.44
2002-05-28,107.19,42.4
2002-05-29,108.23,43.05
2002-05-31,108.56,43.15
2002-06-03,107.55,42.41
2002-06-04,108.26,41.69
2002-06-05,107.86,41.34
2002-06-06,108.95,40.96
2002-06-07,107.25,40.03
2002-06-10,108.0,40.97
2002-06-11,109.32,40.31
2002-06-12,109.87,39.31
2002-06-13,106.3,39.23
2002-06-14,105.44,38.82
2002-06-17,104.71,39.32
2002-06-18,104.82,38.62
2002-06-19,104.84,38.73
2002-06-20,105.76,38.22
2002-06-21,105.5,37.81
2002-06-24,104.88,37.73
2002-06-25,105.01,37.17
2002-06-26,104.81,36.37
2002-06-27,104.09,36.46
2002-06-28,104.25,36.54
2002-07-01,103.84,35.86
2002-07-02,107.29,37.1
2002-07-03,103.2,36.02
2002-07-04,102.99,36.15
2002-07-05,103.64,36.11
2002-07-08,103.36,36.13
2002-07-10,106.09,37.21
2002-07-11,110.65,39.63
2002-07-12,105.61,37.57
2002-07-15,104.81,36.75
2002-07-16,105.79,36.84
2002-07-17,106.12,36.63
2002-07-18,102.84,36.07
2002-07-19,102.94,35.87
2002-07-22,102.59,35.34
2002-07-23,104.15,35.67
2002-07-24,102.18,34.69
2002-07-25,104.31,34.83
2002-07-26,103.72,34.42
2002-07-29,104.81,32.91
2002-07-30,105.12,31.86
2002-07-31,107.29,30.92
2002-08-01,106.56,33.72
2002-08-02,106.93,35.52
2002-08-05,105.52,33.34
2002-08-06,107.26,34.43
2002-08-07,106.11,35.14
2002-08-08,106.2,36.43
2002-08-09,106.46,35.14
2002-08-12,108.93,34.53
2002-08-13,110.4,34.88
2002-08-14,110.94,34.62
2002-08-15,109.57,34.13
2002-08-16,109.94,35.18
2002-08-19,108.65,34.99
2002-08-20,108.32,34.94
2002-08-21,108.6,35.2
2002-08-22,111.21,35.36
2002-08-23,111.39,35.78
2002-08-26,109.31,35.38
2002-08-27,109.78,35.02
2002-08-28,113.58,36.4
2002-08-29,114.38,37.2
2002-08-30,112.65,37.42
2002-09-02,113.16,36.96
2002-09-03,120.04,38.72
2002-09-04,125.68,40.35
2002-09-05,124.37,39.46
2002-09-06,126.05,39.89
2002-09-09,136.47,43.96
2002-09-10,133.77,42.63
2002-09-11,134.23,43.22
2002-09-12,140.9,45.07
2002-09-13,142.94,45.23
2002-09-16,148.8,46.27
2002-09-17,148.39,45.66
2002-09-18,145.91,43.49
2002-09-19,142.47,41.3
2002-09-20,135.58,39.82
2002-09-23,133.75,37.41
2002-09-24,137.54,36.39
2002-09-25,140.08,38.22
2002-09-26,141.46,37.62
2002-09-27,143.98,37.16
2002-09-30,141.31,37.58
2002-10-01,145.24,40.23
2002-10-02,146.71,40.08
2002-10-03,146.72,39.71
2002-10-04,145.48,40.19
2002-10-07,150.39,40.27
2002-10-08,152.02,40.81
2002-10-09,159.61,41.19
2002-10-10,159.99,40.1
2002-10-11,158.35,41.45
2002-10-14,170.19,44.21
2002-10-15,195.53,50.79
2002-10-16,187.3,47.78
2002-10-17,184.71,47.3
2002-10-18,168.2,43.41
2002-10-21,180.4,46.08
2002-10-22,176.47,45.13
2002-10-23,177.06,45.23
2002-10-24,187.62,49.37
2002-10-25,190.03,50.95
2002-10-28,172.47,45.63
2002-10-29,163.52,42.69
2002-10-30,164.15,44.19
2002-10-31,175.29,48.29
2002-11-01,168.62,46.84
2002-11-04,173.67,49.06
2002-11-05,179.43,50.9
2002-11-06,180.26,49.32
2002-11-07,184.08,51.13
2002-11-08,185.85,52.35
2002-11-11,179.52,51.07
2002-11-12,178.65,49.49
2002-11-13,181.69,50.05
2002-11-14,184.4,50.04
2002-11-18,187.97,52.8
2002-11-19,193.62,54.46
2002-11-20,197.47,56.18
2002-11-21,195.99,55.6
2002-11-22,197.26,55.41
2002-11-25,192.93,54.5
2002-11-26,195.6,54.18
2002-11-27,198.15,55.19
2002-11-28,198.8,55.07
2002-11-29,199.13,54.41
2002-12-02,204.12,56.26
2002-12-03,200.45,54.32
2002-12-04,198.36,53.25
2002-12-05,202.54,53.72
2002-12-06,192.95,51.45
2002-12-09,189.83,50.15
2002-12-10,191.43,50.31
2002-12-11,180.96,47.87
2002-12-12,180.15,47.6
2002-12-13,178.68,47.9
2002-12-16,178.43,49.56
2002-12-17,180.01,50.35
2002-12-18,178.82,50.8
2002-12-19,177.88,51.04
2002-12-20,174.96,50.13
2002-12-23,174.01,49.58
2002-12-26,172.26,48.25
2002-12-27,171.49,48.44
2002-12-30,171.1,48.2
2003-01-02,172.6,48.89
2003-01-03,171.78,49.86
2003-01-06,176.4,52.66
2003-01-07,181.07,54.87
2003-01-08,182.09,54.85
2003-01-09,182.19,54.96
2003-01-10,185.59,56.32
2003-01-13,184.3,55.68
2003-01-14,185.91,57.03
2003-01-15,188.96,56.78
2003-01-16,189.92,57.38
2003-01-17,193.08,57.21
2003-01-20,199.11,58.46
2003-01-21,200.2,57.53
2003-01-22,202.89,57.72
2003-01-23,204.45,57.92
2003-01-24,203.85,56.23
2003-01-27,201.72,55.72
2003-01-28,200.34,55.04
2003-01-29,196.76,54.58
2003-01-30,195.19,54.83
2003-01-31,197.88,56.22
2003-02-03,201.7,57.38
2003-02-04,198.76,55.68
2003-02-05,197.42,55.43
2003-02-06,201.75,56.17
2003-02-07,202.19,56.32
2003-02-10,203.48,56.76
2003-02-11,202.04,56.4
2003-02-12,199.87,55.44
2003-02-13,191.62,52.35
2003-02-14,194.81,53.15
2003-02-17,193.96,53.58
2003-02-18,193.25,53.83
2003-02-19,191.95,53.1
2003-02-20,193.95,53.65
2003-02-21,191.91,52.98
2003-02-24,187.08,52.17
2003-02-25,183.56,50.92
2003-02-26,179.13,50.01
2003-02-27,179.4,50.32
2003-02-28,172.79,48.4
2003-03-05,174.73,49.18
2003-03-06,178.64,51.04
2003-03-07,179.07,51.16
2003-03-10,182.62,51.85
2003-03-11,174.25,50.0
2003-03-12,174.64,50.33
2003-03-13,176.15,51.69
2003-03-14,173.53,50.52
2003-03-17,167.21,48.54
2003-03-18,169.0,49.06
2003-03-19,175.21,50.52
2003-03-20,180.05,51.74
2003-03-21,180.28,52.94
2003-03-24,174.18,51.23
2003-03-25,170.77,50.67
2003-03-26,170.39,50.34
2003-03-27,169.97,50.18
2003-03-28,176.7,52.54
2003-03-31,176.97,52.78
2003-04-01,176.95,53.39
2003-04-02,178.93,54.85
2003-04-03,183.26,56.3
2003-04-04,179.78,55.83
2003-04-07,178.59,56.66
2003-04-08,176.67,55.47
2003-04-09,175.95,55.07
2003-04-10,175.61,54.1
2003-04-11,177.03,55.24
2003-04-14,169.0,53.45
2003-04-15,172.13,55.88
2003-04-16,171.19,55.31
2003-04-17,173.26,57.18
2003-04-22,177.34,58.3
2003-04-23,175.31,58.44
2003-04-24,173.75,57.67
2003-04-25,172.16,57.25
2003-04-28,168.48,56.88
2003-04-29,170.47,58.54
2003-04-30,174.11,59.79
2003-05-02,174.12,58.73
2003-05-05,178.34,58.67
2003-05-06,182.31,60.27
2003-05-07,179.0,60.78
2003-05-08,177.59,60.92
2003-05-09,174.57,60.72
2003-05-12,174.27,60.83
2003-05-13,172.85,59.81
2003-05-14,169.3,58.54
2003-05-15,170.53,57.42
2003-05-16,172.78,58.67
2003-05-19,171.78,57.26
2003-05-20,180.84,59.45
2003-05-21,175.04,58.35
2003-05-22,176.37,59.15
2003-05-23,174.79,59.9
2003-05-26,171.63,56.7
2003-05-27,164.41,54.26
2003-05-28,165.1,54.81
2003-05-29,164.6,56.1
2003-05-30,162.54,54.73
2003-06-02,166.6,55.9
2003-06-03,166.77,56.63
2003-06-04,165.33,56.62
2003-06-05,164.88,57.61
2003-06-06,162.28,56.39
2003-06-09,159.9,55.83
2003-06-10,160.75,56.01
2003-06-11,162.28,56.88
2003-06-12,162.32,56.65
2003-06-13,160.61,56.55
2003-06-16,160.51,55.83
2003-06-17,160.36,55.97
2003-06-18,158.69,54.91
2003-06-20,153.05,52.96
2003-06-23,152.78,53.38
2003-06-24,153.85,53.61
2003-06-25,152.06,53.15
2003-06-26,155.68,53.68
2003-06-27,154.48,53.64
2003-06-30,158.33,55.71
2003-07-01,157.16,55.4
2003-07-02,161.98,57.52
2003-07-03,158.39,56.07
2003-07-04,158.23,55.71
2003-07-07,158.12,54.84
2003-07-08,160.67,56.0
2003-07-10,160.51,55.46
2003-07-11,160.8,55.56
2003-07-14,163.99,57.3
2003-07-15,163.57,57.29
2003-07-16,164.21,57.58
2003-07-17,165.87,57.79
2003-07-18,165.38,57.22
2003-07-21,159.11,55.27
2003-07-22,158.32,54.92
2003-07-23,159.21,54.98
2003-07-24,160.35,55.49
2003-07-25,165.79,57.33
2003-07-28,165.25,57.04
2003-07-29,170.6,58.07
2003-07-30,170.66,57.46
2003-07-31,172.71,58.25
2003-08-01,178.46,58.9
2003-08-04,180.17,58.69
2003-08-05,175.7,58.14
2003-08-06,179.44,58.79
2003-08-07,179.43,60.17
2003-08-08,177.74,59.5
2003-08-11,170.47,56.73
2003-08-12,170.15,56.16
2003-08-13,174.51,57.67
2003-08-14,171.42,56.95
2003-08-15,170.62,57.03
2003-08-18,169.67,56.52
2003-08-19,170.03,56.88
2003-08-20,169.78,56.69
2003-08-21,175.08,58.26
2003-08-22,173.65,58.17
2003-08-25,172.44,57.57
2003-08-26,171.84,57.51
2003-08-27,170.82,57.73
2003-08-28,171.26,57.9
2003-08-29,171.12,57.44
2003-09-01,170.98,57.26
2003-09-02,171.4,57.31
2003-09-03,170.95,57.72
2003-09-04,172.94,58.98
2003-09-05,174.11,59.91
2003-09-08,182.77,62.06
2003-09-09,184.06,62.97
2003-09-10,183.22,63.4
2003-09-11,185.61,63.67
2003-09-12,180.95,62.33
2003-09-15,171.5,59.51
2003-09-16,168.65,57.9
2003-09-17,168.95,58.06
2003-09-18,168.32,58.02
2003-09-19,169.79,58.49
2003-09-22,172.08,59.28
2003-09-23,173.1,59.22
2003-09-24,174.39,59.68
2003-09-25,173.36,58.97
2003-09-26,169.09,57.61
2003-09-29,170.38,58.19
2003-09-30,169.09,58.47
2003-10-01,173.59,59.76
2003-10-02,171.58,59.33
2003-10-03,172.74,59.83
2003-10-06,167.71,58.56
2003-10-07,168.16,58.8
2003-10-08,165.19,58.0
2003-10-09,162.98,57.53
2003-10-10,162.66,57.44
2003-10-13,160.96,56.74
2003-10-14,162.42,57.39
2003-10-15,162.94,57.39
2003-10-16,164.28,57.64
2003-10-17,162.74,56.72
2003-10-20,165.94,57.7
2003-10-21,168.7,59.05
2003-10-22,168.06,58.68
2003-10-23,170.41,59.48
2003-10-24,171.79,59.84
2003-10-27,174.75,60.89
2003-10-28,175.72,61.44
2003-10-29,166.96,58.68
2003-10-30,165.64,58.14
2003-10-31,163.04,56.85
2003-11-03,162.47,57.01
2003-11-04,166.99,58.37
2003-11-05,166.49,58.15
2003-11-06,168.03,58.41
2003-11-07,167.56,58.4
2003-11-10,166.54,57.69
2003-11-11,167.07,57.47
2003-11-12,167.35,57.65
2003-11-13,171.77,58.42
2003-11-14,171.47,58.12
2003-11-17,169.85,57.93
2003-11-18,170.4,57.9
2003-11-19,171.83,58.37
2003-11-20,167.67,56.97
2003-11-21,166.23,56.89
2003-11-24,165.01,56.49
2003-11-25,166.7,56.76
2003-11-26,167.55,56.83
2003-11-27,166.63,56.6
2003-11-28,166.18,56.39
2003-12-01,168.76,57.68
2003-12-02,177.64,60.59
2003-12-03,177.28,60.46
2003-12-04,171.99,58.4
2003-12-05,174.27,59.37
2003-12-08,181.94,61.84
2003-12-09,178.27,60.74
2003-12-10,178.13,60.53
2003-12-11,176.59,60.11
2003-12-12,178.36,60.71
2003-12-15,167.82,57.45
2003-12-16,172.51,58.74
2003-12-17,174.76,59.63
2003-12-18,173.41,59.13
2003-12-19,173.6,59.37
2003-12-22,174.94,59.91
2003-12-23,173.08,59.5
2003-12-26,171.54,59.13
2003-12-29,172.8,60.38
2003-12-30,172.92,59.57
2004-01-02,172.5,59.92
2004-01-05,179.64,62.94
2004-01-06,185.07,64.53
2004-01-07,184.04,64.39
2004-01-08,182.87,64.1
2004-01-09,184.33,65.07
2004-01-12,191.99,68.86
2004-01-13,188.18,67.06
2004-01-14,185.98,66.0
2004-01-15,187.41,66.58
2004-01-16,192.21,67.94
2004-01-19,192.64,67.83
2004-01-20,200.91,70.79
2004-01-21,202.05,71.02
2004-01-22,200.0,70.45
2004-01-23,197.99,69.71
2004-01-26,208.59,73.32
2004-01-27,210.2,73.24
2004-01-28,205.02,70.79
2004-01-29,203.81,69.54
2004-01-30,202.64,69.11
2004-02-02,201.75,68.53
2004-02-03,205.98,70.59
2004-02-04,198.5,68.0
2004-02-05,199.35,67.99
2004-02-06,202.9,69.15
2004-02-09,198.84,67.98
2004-02-10,207.25,70.95
2004-02-11,206.25,70.95
2004-02-12,207.15,71.53
2004-02-13,205.0,70.54
2004-02-16,205.13,70.54
2004-02-17,206.58,70.77
2004-02-18,196.92,66.96
2004-02-19,198.97,67.22
2004-02-20,199.68,67.46
2004-02-25,203.43,69.17
2004-02-26,210.15,71.63
2004-02-27,209.61,72.13
2004-03-01,206.6,71.34
2004-03-02,207.0,71.58
2004-03-03,202.64,70.17
2004-03-04,203.6,70.45
2004-03-05,204.24,71.19
2004-03-08,205.52,71.46
2004-03-09,200.93,69.74
2004-03-10,205.36,70.81
2004-03-11,208.48,71.67
2004-03-12,206.53,71.19
2004-03-15,210.01,72.29
2004-03-16,211.52,73.01
2004-03-17,208.74,71.68
2004-03-18,207.89,71.49
2004-03-19,208.94,72.0
2004-03-22,210.51,72.26
2004-03-23,209.83,71.98
2004-03-24,207.1,70.68
2004-03-25,198.68,67.65
2004-03-26,202.61,68.94
2004-03-29,203.86,69.34
2004-03-30,205.49,70.64
2004-03-31,207.04,71.49
2004-04-01,209.0,72.32
2004-04-02,205.85,71.1
2004-04-05,200.03,69.55
2004-04-06,204.49,71.1
2004-04-07,205.02,71.41
2004-04-08,203.69,70.6
2004-04-12,203.08,70.46
2004-04-13,199.2,68.86
2004-04-14,201.86,69.92
2004-04-15,202.56,69.85
2004-04-16,202.07,69.46
2004-04-19,203.65,70.06
2004-04-20,202.39,69.12
2004-04-22,197.41,67.42
2004-04-23,197.41,67.84
2004-04-26,202.11,69.43
2004-04-27,202.16,69.35
2004-04-28,200.62,68.01
2004-04-29,199.95,67.39
2004-04-30,199.44,68.02
2004-05-03,199.76,67.03
2004-05-04,203.5,68.52
2004-05-05,202.14,68.41
2004-05-06,200.92,66.95
2004-05-07,200.38,65.44
2004-05-10,207.92,66.22
2004-05-11,211.26,68.68
2004-05-12,210.35,66.95
2004-05-13,211.18,67.38
2004-05-14,210.75,68.16
2004-05-17,203.71,65.21
2004-05-18,210.87,67.35
2004-05-19,215.03,68.61
2004-05-20,215.77,67.16
2004-05-21,217.65,67.89
2004-05-24,227.99,71.65
2004-05-25,233.45,73.88
2004-05-26,241.4,76.37
2004-05-27,240.74,77.16
2004-05-28,253.76,82.12
2004-05-31,249.61,78.25
2004-06-01,247.07,78.06
2004-06-02,255.61,81.61
2004-06-03,252.07,80.15
2004-06-04,251.04,80.15
2004-06-07,245.1,78.76
2004-06-08,251.52,80.64
2004-06-09,255.81,81.83
2004-06-11,255.11,81.27
2004-06-14,246.57,77.88
2004-06-15,243.2,77.48
2004-06-16,242.7,77.29
2004-06-17,235.38,74.99
2004-06-18,239.81,76.35
2004-06-21,234.08,74.81
2004-06-22,228.24,72.83
2004-06-23,233.51,74.68
2004-06-24,231.49,74.82
2004-06-25,221.45,71.18
2004-06-28,222.95,71.25
2004-06-29,219.42,70.6
2004-06-30,222.95,71.78
2004-07-01,216.59,70.46
2004-07-02,205.36,67.51
2004-07-05,203.3,67.23
2004-07-06,199.23,65.37
2004-07-07,197.58,65.1
2004-07-08,194.87,63.71
2004-07-09,197.4,64.91
2004-07-12,196.96,64.9
2004-07-13,197.56,64.99
2004-07-14,199.96,66.08
2004-07-15,202.35,67.11
2004-07-16,201.22,67.05
2004-07-19,201.62,67.32
2004-07-20,208.17,69.25
2004-07-21,202.81,66.98
2004-07-22,206.02,67.75
2004-07-23,199.78,65.37
2004-07-26,198.19,64.41
2004-07-27,196.36,64.08
2004-07-28,196.12,64.22
2004-07-29,197.22,64.94
2004-07-30,194.78,64.12
2004-08-02,194.79,63.78
2004-08-03,196.93,64.5
2004-08-04,196.45,64.31
2004-08-05,195.69,63.76
2004-08-06,197.33,65.08
2004-08-09,198.36,65.25
2004-08-10,196.7,64.94
2004-08-11,196.84,64.82
2004-08-12,193.29,63.69
2004-08-13,195.29,64.64
2004-08-16,201.4,66.95
2004-08-17,202.71,67.66
2004-08-18,196.35,65.78
2004-08-19,196.76,65.85
2004-08-20,198.24,66.84
2004-08-23,204.66,69.05
2004-08-24,203.37,68.8
2004-08-25,203.98,69.1
2004-08-26,205.06,69.37
2004-08-27,204.04,69.05
2004-08-30,199.09,67.58
2004-08-31,200.31,68.39
2004-09-01,204.39,69.69
2004-09-02,206.15,70.12
2004-09-03,201.73,68.9
2004-09-06,199.84,68.6
2004-09-08,200.22,69.02
2004-09-09,205.26,70.78
2004-09-10,205.55,70.81
2004-09-13,212.47,72.99
2004-09-14,214.99,73.91
2004-09-15,213.56,73.59
2004-09-16,218.63,75.78
2004-09-17,220.02,76.69
2004-09-20,220.94,76.82
2004-09-21,230.8,80.44
2004-09-22,237.92,82.55
2004-09-23,233.57,81.07
2004-09-24,238.33,83.04
2004-09-27,246.69,85.87
2004-09-28,230.04,80.24
2004-09-29,232.52,81.47
2004-09-30,231.06,80.82
2004-10-01,221.32,77.96
2004-10-04,207.56,73.45
2004-10-05,214.08,75.65
2004-10-06,216.81,76.29
2004-10-07,218.94,76.8
2004-10-08,219.77,77.69
2004-10-11,212.33,75.29
2004-10-13,205.57,72.39
2004-10-14,206.75,71.99
2004-10-15,214.59,75.11
2004-10-18,210.74,73.71
2004-10-19,211.29,73.39
2004-10-20,215.89,75.17
2004-10-21,219.7,76.9
2004-10-22,218.22,76.01
2004-10-25,218.84,75.91
2004-10-26,219.91,76.73
2004-10-27,226.11,79.0
2004-10-28,225.64,78.7
2004-10-29,214.97,75.19
2004-11-01,213.75,74.92
2004-11-03,224.18,79.24
2004-11-04,224.54,79.63
2004-11-05,226.74,80.4
2004-11-08,229.82,81.04
2004-11-09,230.77,81.66
2004-11-10,238.34,84.31
2004-11-11,234.47,83.17
2004-11-12,233.98,83.86
2004-11-16,247.59,88.9
2004-11-17,247.97,89.78
2004-11-18,249.14,89.72
2004-11-19,247.45,88.82
2004-11-22,250.74,91.01
2004-11-23,253.89,92.52
2004-11-24,248.87,90.33
2004-11-25,246.44,89.78
2004-11-26,246.53,90.17
2004-11-29,255.56,93.0
2004-11-30,256.87,94.51
2004-12-01,254.15,93.75
2004-12-02,260.79,95.42
2004-12-03,256.35,94.63
2004-12-06,254.37,93.55
2004-12-07,256.11,93.2
2004-12-08,262.92,95.3
2004-12-09,262.75,94.48
2004-12-10,264.1,95.17
2004-12-13,250.51,90.63
2004-12-14,253.64,91.73
2004-12-15,266.11,97.66
2004-12-16,270.98,98.93
2004-12-17,279.03,101.99
2004-12-20,282.01,105.38
2004-12-21,283.42,104.93
2004-12-22,270.92,100.12
2004-12-23,283.81,105.04
2004-12-27,284.92,105.92
2004-12-28,286.13,106.37
2004-12-29,293.04,109.88
2004-12-30,287.57,108.11
2005-01-03,282.71,105.72
2005-01-04,278.12,103.01
2005-01-05,280.43,103.56
2005-01-06,276.45,101.52
2005-01-07,280.42,103.44
2005-01-10,278.01,102.85
2005-01-11,271.28,99.7
2005-01-12,280.31,103.78
2005-01-13,285.5,105.66
2005-01-14,283.67,104.98
2005-01-17,284.26,105.21
2005-01-18,295.62,108.76
2005-01-19,293.83,108.42
2005-01-20,290.49,106.88
2005-01-21,288.76,107.43
2005-01-24,284.8,106.23
2005-01-25,287.16,106.83
2005-01-26,291.44,109.4
2005-01-27,287.64,107.89
2005-01-28,285.3,107.78
2005-01-31,286.28,109.64
2005-02-01,285.22,109.28
2005-02-02,285.79,109.29
2005-02-03,288.33,110.77
2005-02-04,296.74,113.52
2005-02-09,308.17,118.3
2005-02-10,312.85,119.45
2005-02-11,314.33,120.71
2005-02-14,307.77,119.29
2005-02-15,314.21,121.55
2005-02-16,310.26,120.21
2005-02-17,307.44,119.96
2005-02-18,307.17,119.34
2005-02-21,306.29,118.81
2005-02-22,300.57,115.65
2005-02-23,318.05,122.61
2005-02-24,311.22,118.24
2005-02-25,303.74,116.02
2005-02-28,313.13,120.9
2005-03-01,313.2,119.63
2005-03-02,315.98,119.55
2005-03-03,317.54,118.4
2005-03-04,317.41,119.5
2005-03-07,324.94,121.29
2005-03-08,335.6,124.57
2005-03-09,334.06,123.54
2005-03-10,348.5,128.41
2005-03-11,344.81,126.77
2005-03-14,347.12,126.09
2005-03-15,345.27,124.83
2005-03-16,347.99,125.9
2005-03-17,349.13,128.45
2005-03-18,343.03,126.25
2005-03-21,340.39,124.82
2005-03-22,342.25,126.85
2005-03-23,334.77,121.73
2005-03-24,323.86,118.2
2005-03-28,337.69,124.01
2005-03-29,341.64,126.63
2005-03-30,352.01,131.54
2005-03-31,357.48,133.99
2005-04-01,349.0,131.2
2005-04-04,342.77,129.79
2005-04-05,343.53,130.82
2005-04-06,345.43,132.81
2005-04-07,337.07,129.84
2005-04-08,322.38,124.66
2005-04-11,319.51,123.55
2005-04-12,320.25,124.42
2005-04-13,312.04,121.75
2005-04-14,303.06,117.6
2005-04-15,320.38,122.33
2005-04-18,319.9,122.71
2005-04-19,349.63,135.78
2005-04-20,351.57,137.22
2005-04-22,353.85,139.48
2005-04-25,348.45,138.11
2005-04-26,352.16,138.86
2005-04-27,352.22,139.99
2005-04-28,345.5,135.33
2005-04-29,339.25,134.14
2005-05-02,332.24,132.32
2005-05-03,330.52,132.58
2005-05-04,340.23,137.86
2005-05-05,337.32,136.84
2005-05-06,340.53,138.31
2005-05-09,332.4,135.73
2005-05-10,324.06,130.99
2005-05-11,332.7,135.46
2005-05-12,324.58,131.3
2005-05-13,325.71,131.71
2005-05-16,316.47,127.76
2005-05-17,319.6,128.77
2005-05-18,322.34,131.03
2005-05-19,310.36,126.78
2005-05-20,312.15,127.88
2005-05-23,317.78,130.88
2005-05-24,325.4,133.96
2005-05-25,324.21,134.53
2005-05-27,319.69,134.1
2005-05-30,318.23,134.22
2005-05-31,309.13,128.32
2005-06-01,309.24,126.58
2005-06-02,321.34,133.12
2005-06-03,333.57,137.44
2005-06-06,324.19,132.16
2005-06-07,331.53,134.6
2005-06-08,319.04,129.59
2005-06-09,301.04,120.51
2005-06-10,299.52,121.12
2005-06-13,301.06,122.93
2005-06-14,300.45,123.39
2005-06-15,303.29,124.56
2005-06-16,302.44,125.7
2005-06-17,300.34,125.77
2005-06-20,301.68,126.02
2005-06-21,293.62,123.73
2005-06-22,300.23,126.04
2005-06-23,295.33,123.11
2005-06-24,286.13,120.22
2005-06-27,277.71,116.93
2005-06-28,274.52,115.98
2005-06-29,270.72,114.96
2005-06-30,272.74,116.86
2005-07-01,261.06,110.76
2005-07-04,262.82,111.08
2005-07-05,261.25,109.91
2005-07-06,264.03,110.2
2005-07-07,264.01,111.07
2005-07-08,262.06,110.81
2005-07-11,258.7,110.51
2005-07-12,260.66,111.25
2005-07-13,260.35,110.55
2005-07-14,265.87,113.76
2005-07-15,259.81,111.13
2005-07-18,245.59,105.04
2005-07-19,240.12,102.53
2005-07-20,243.3,103.75
2005-07-21,242.76,103.0
2005-07-22,246.99,103.0
2005-07-25,250.99,101.95
2005-07-26,251.81,102.74
2005-07-27,247.58,101.51
2005-07-28,255.74,106.25
2005-07-29,262.24,109.73
2005-08-01,254.95,107.71
2005-08-02,266.19,113.66
2005-08-03,264.38,114.4
2005-08-04,264.72,114.9
2005-08-05,261.6,113.25
2005-08-08,256.21,110.01
2005-08-09,257.61,112.25
2005-08-10,259.74,113.97
2005-08-11,265.79,113.3
2005-08-12,263.48,110.99
2005-08-15,238.8,102.49
2005-08-16,246.1,104.41
2005-08-17,247.77,105.25
2005-08-18,242.53,101.86
2005-08-19,250.24,102.14
2005-08-22,252.97,106.07
2005-08-23,257.27,106.75
2005-08-24,253.39,103.89
2005-08-25,247.2,103.08
2005-08-26,243.23,101.22
2005-08-29,243.04,101.9
2005-08-30,247.57,103.85
2005-08-31,254.12,107.77
2005-09-01,260.43,110.26
2005-09-02,255.68,109.69
2005-09-05,254.8,108.98
2005-09-06,248.91,107.06
2005-09-08,238.16,102.61
2005-09-09,236.16,102.24
2005-09-12,225.38,97.06
2005-09-13,224.09,96.26
2005-09-14,232.62,99.92
2005-09-15,226.94,98.84
2005-09-16,219.25,95.37
2005-09-19,210.92,91.86
2005-09-20,226.58,98.51
2005-09-21,220.37,96.87
2005-09-22,229.16,100.69
2005-09-23,224.8,99.2
2005-09-26,211.59,94.0
2005-09-27,214.64,95.01
2005-09-28,225.24,100.78
2005-09-29,225.84,102.0
2005-09-30,226.97,101.78
2005-10-03,227.38,101.96
2005-10-04,227.47,100.6
2005-10-05,229.05,100.99
2005-10-06,230.1,100.39
2005-10-07,231.18,102.75
2005-10-10,240.49,107.41
2005-10-11,244.67,109.52
2005-10-13,245.49,108.77
2005-10-14,245.65,109.37
2005-10-17,252.63,112.93
2005-10-18,252.86,112.83
2005-10-19,251.97,111.99
2005-10-20,256.91,114.18
2005-10-21,253.18,111.73
2005-10-24,252.12,111.51
2005-10-25,254.97,112.67
2005-10-26,250.88,110.09
2005-10-27,250.62,109.39
2005-10-28,246.2,108.75
2005-10-31,243.34,108.05
2005-11-01,245.32,109.22
2005-11-03,259.29,116.74
2005-11-04,257.63,116.42
2005-11-07,255.35,115.91
2005-11-08,266.93,121.61
2005-11-09,262.45,120.44
2005-11-10,262.14,120.86
2005-11-11,260.98,120.66
2005-11-14,242.23,109.61
2005-11-16,244.91,111.12
2005-11-17,246.1,112.38
2005-11-18,245.38,110.09
2005-11-21,252.97,113.79
2005-11-22,256.62,114.21
2005-11-23,253.53,113.13
2005-11-24,254.95,113.66
2005-11-25,252.74,113.13
2005-11-28,249.57,113.29
2005-11-29,245.16,112.0
2005-11-30,243.77,110.5
2005-12-01,241.45,108.71
2005-12-02,238.7,108.06
2005-12-05,237.86,108.32
2005-12-06,237.54,109.11
2005-12-07,235.27,107.18
2005-12-08,236.42,106.3
2005-12-09,240.06,106.55
2005-12-12,247.68,109.59
2005-12-13,244.04,107.74
2005-12-14,235.96,103.45
2005-12-15,242.23,105.32
2005-12-16,244.82,104.76
2005-12-19,256.26,107.58
2005-12-20,257.72,109.85
2005-12-21,253.75,109.99
2005-12-22,256.32,110.01
2005-12-23,256.82,110.8
2005-12-26,256.34,110.11
2005-12-27,259.97,111.2
2005-12-28,264.06,112.46
2005-12-29,267.4,113.89
2006-01-02,264.48,113.03
2006-01-03,264.87,113.63
2006-01-04,270.16,117.97
2006-01-05,284.1,124.17
2006-01-06,296.86,130.09
2006-01-09,295.83,131.48
2006-01-10,288.58,127.52
2006-01-11,289.58,126.79
2006-01-12,290.11,128.09
2006-01-13,295.55,129.85
2006-01-16,297.61,130.88
2006-01-17,303.81,131.46
2006-01-18,303.02,130.44
2006-01-19,296.1,127.19
2006-01-20,300.22,131.79
2006-01-23,297.95,131.95
2006-01-24,297.07,132.38
2006-01-25,302.6,134.67
2006-01-26,300.16,134.54
2006-01-27,296.59,133.84
2006-01-30,292.44,131.97
2006-01-31,285.4,128.85
2006-02-01,284.46,127.9
2006-02-02,285.15,128.1
2006-02-03,284.68,128.87
2006-02-06,276.99,126.77
2006-02-07,276.16,126.27
2006-02-08,274.13,125.4
2006-02-09,274.48,126.49
2006-02-10,277.64,128.18
2006-02-13,269.37,125.12
2006-02-14,261.71,122.41
2006-02-15,261.31,122.28
2006-02-16,253.15,119.64
2006-02-17,259.37,122.06
2006-02-20,260.86,123.22
2006-02-21,265.37,123.08
2006-02-22,261.82,122.29
2006-02-23,264.45,123.46
2006-02-24,264.34,123.52
2006-03-01,264.51,125.01
2006-03-02,260.26,123.23
2006-03-03,263.29,124.66
2006-03-06,257.46,120.19
2006-03-07,258.27,119.07
2006-03-08,261.44,119.6
2006-03-09,262.74,121.58
2006-03-10,259.25,121.2
2006-03-13,254.24,119.14
2006-03-14,252.62,118.82
2006-03-15,257.83,121.56
2006-03-16,250.42,118.68
2006-03-17,244.38,114.95
2006-03-20,247.7,115.27
2006-03-21,253.88,116.78
2006-03-22,247.04,114.79
2006-03-23,249.97,115.62
2006-03-24,248.55,115.39
2006-03-27,248.75,114.58
2006-03-28,253.05,114.55
2006-03-29,248.71,112.34
2006-03-30,257.27,117.53
2006-03-31,250.47,115.69
2006-04-03,254.4,118.93
2006-04-04,249.19,116.72
2006-04-05,250.84,117.54
2006-04-06,251.55,118.1
2006-04-07,251.66,117.05
2006-04-10,251.08,116.4
2006-04-11,244.99,114.48
2006-04-12,245.28,114.99
2006-04-13,245.07,114.62
2006-04-17,247.23,115.74
2006-04-18,252.61,119.33
2006-04-19,250.07,118.29
2006-04-20,256.17,120.83
2006-04-24,251.16,118.81
2006-04-25,242.34,113.93
2006-04-26,247.38,116.8
2006-04-27,243.5,115.68
2006-04-28,244.2,117.01
2006-05-02,248.49,120.63
2006-05-03,244.47,117.82
2006-05-04,239.32,115.56
2006-05-05,237.56,115.6
2006-05-08,237.46,114.71
2006-05-09,237.42,115.2
2006-05-10,237.01,115.05
2006-05-11,229.41,109.19
2006-05-12,229.48,107.03
2006-05-15,231.11,105.72
2006-05-16,231.11,108.2
2006-05-17,229.56,104.16
2006-05-18,232.56,106.92
2006-05-19,232.1,105.12
2006-05-22,232.04,101.37
2006-05-23,235.46,102.69
2006-05-24,237.7,99.04
2006-05-25,231.95,101.11
2006-05-26,231.09,103.16
2006-05-29,232.4,102.15
2006-05-30,234.1,101.34
2006-05-31,235.18,101.24
2006-06-01,236.71,105.06
2006-06-02,238.74,104.85
2006-06-05,230.97,102.61
2006-06-06,227.4,100.75
2006-06-07,227.43,101.53
2006-06-08,228.52,100.58
2006-06-09,227.81,100.75
2006-06-12,228.05,99.59
2006-06-13,228.55,99.24
2006-06-14,228.57,100.16
2006-06-16,225.61,100.49
2006-06-19,219.55,97.45
2006-06-20,219.15,97.57
2006-06-21,218.16,97.74
2006-06-22,219.09,97.63
2006-06-23,218.07,97.79
2006-06-26,217.47,97.48
2006-06-27,218.26,97.53
2006-06-28,218.92,98.61
2006-06-29,217.88,100.27
2006-06-30,218.57,100.96
2006-07-03,221.87,101.77
2006-07-04,221.41,102.08
2006-07-05,220.63,100.29
2006-07-06,221.89,102.02
2006-07-07,219.02,100.38
2006-07-10,220.96,101.36
2006-07-11,219.16,100.3
2006-07-12,220.71,100.32
2006-07-13,221.78,99.9
2006-07-14,218.57,98.77
2006-07-17,217.1,98.46
2006-07-18,216.94,98.93
2006-07-19,217.05,99.7
2006-07-20,214.98,98.03
2006-07-21,214.42,97.51
2006-07-24,213.24,97.28
2006-07-25,214.6,97.41
2006-07-26,214.36,97.88
2006-07-27,214.8,98.04
2006-07-28,218.48,100.5
2006-07-31,219.38,100.82
2006-08-01,216.76,98.93
2006-08-02,225.18,103.25
2006-08-03,230.36,105.82
2006-08-04,228.06,104.42
2006-08-07,235.21,107.65
2006-08-08,234.16,107.51
2006-08-09,240.37,110.87
2006-08-10,235.28,108.92
2006-08-11,232.07,107.19
2006-08-14,225.99,104.53
2006-08-15,228.12,106.55
2006-08-16,233.82,109.36
2006-08-17,229.98,107.42
2006-08-18,230.53,107.37
2006-08-21,239.51,112.34
2006-08-22,244.09,114.17
2006-08-23,239.83,111.45
2006-08-24,239.55,111.21
2006-08-25,238.2,110.43
2006-08-28,230.76,107.83
2006-08-29,231.69,108.37
2006-08-30,232.34,108.67
2006-08-31,233.08,108.66
2006-09-01,233.03,108.95
2006-09-04,232.27,109.35
2006-09-05,240.45,112.78
2006-09-06,240.97,111.97
2006-09-08,229.91,106.49
2006-09-11,229.57,105.5
2006-09-12,228.32,105.32
2006-09-13,230.99,107.04
2006-09-14,228.51,105.65
2006-09-15,227.92,105.91
2006-09-18,226.59,105.54
2006-09-19,228.53,105.65
2006-09-20,228.34,104.89
2006-09-21,235.14,106.45
2006-09-22,237.79,107.75
2006-09-25,238.91,107.67
2006-09-26,237.1,108.12
2006-09-27,237.52,108.61
2006-09-28,239.8,110.4
2006-09-29,237.78,109.53
2006-10-02,228.99,106.11
2006-10-03,232.83,107.1
2006-10-04,233.84,108.16
2006-10-05,234.45,108.59
2006-10-06,232.58,107.53
2006-10-09,232.88,108.01
2006-10-10,231.04,107.31
2006-10-11,232.54,107.76
2006-10-13,231.36,108.26
2006-10-16,228.88,107.46
2006-10-17,231.3,108.49
2006-10-18,230.56,107.84
2006-10-19,230.22,107.53
2006-10-20,230.88,107.84
2006-10-23,240.75,112.61
2006-10-24,241.69,112.41
2006-10-25,241.55,112.56
2006-10-26,242.43,113.39
2006-10-27,242.89,113.82
2006-10-30,243.1,113.07
2006-10-31,242.78,113.29
2006-11-01,244.58,114.08
2006-11-03,256.23,119.73
2006-11-06,257.67,120.58
2006-11-07,258.4,120.86
2006-11-08,261.8,122.05
2006-11-09,267.92,125.14
2006-11-10,265.19,123.23
2006-11-13,265.34,122.33
2006-11-14,268.04,124.73
2006-11-16,273.82,127.12
2006-11-17,262.38,121.47
2006-11-20,271.32,125.2
2006-11-21,273.28,126.34
2006-11-22,272.87,125.98
2006-11-23,273.61,126.2
2006-11-24,273.71,126.14
2006-11-27,279.39,127.52
2006-11-28,285.54,130.5
2006-11-29,284.78,131.29
2006-11-30,286.74,132.51
2006-12-01,289.46,133.52
2006-12-04,286.75,132.51
2006-12-05,289.82,134.67
2006-12-06,288.27,134.33
2006-12-07,288.54,134.64
2006-12-08,290.35,135.68
2006-12-11,295.14,138.05
2006-12-12,293.38,136.33
2006-12-13,295.82,137.85
2006-12-14,295.04,137.35
2006-12-15,290.53,135.32
2006-12-18,290.69,135.27
2006-12-19,287.68,133.56
2006-12-20,293.2,135.87
2006-12-21,290.11,134.5
2006-12-22,290.32,135.22
2006-12-26,293.34,136.82
2006-12-27,293.46,136.75
2006-12-28,293.8,137.55
2007-01-02,292.21,137.12
2007-01-03,287.95,134.55
2007-01-04,291.39,135.91
2007-01-05,282.56,131.3
2007-01-08,281.01,130.64
2007-01-09,282.39,131.35
2007-01-10,283.28,131.82
2007-01-11,282.67,131.78
2007-01-12,282.05,131.74
2007-01-15,282.68,132.09
2007-01-16,285.05,133.2
2007-01-17,283.82,133.0
2007-01-18,282.37,132.26
2007-01-19,281.16,131.94
2007-01-22,279.65,130.92
2007-01-23,276.38,129.57
2007-01-24,278.88,130.99
2007-01-25,276.64,129.63
2007-01-26,275.1,128.67
2007-01-29,276.27,129.4
2007-01-30,275.22,129.18
2007-01-31,277.16,130.49
2007-02-01,274.17,130.43
2007-02-02,273.98,130.15
2007-02-05,270.58,129.22
2007-02-06,270.35,129.6
2007-02-07,271.49,129.65
2007-02-08,268.07,128.08
2007-02-09,268.56,127.4
2007-02-12,267.86,126.71
2007-02-13,264.99,125.71
2007-02-14,266.75,127.51
2007-02-15,265.21,126.71
2007-02-16,264.3,126.28
2007-02-21,261.36,125.84
2007-02-22,267.34,128.4
2007-02-23,265.85,127.26
2007-02-26,264.97,127.15
2007-02-27,266.21,125.57
2007-02-28,265.82,125.33
2007-03-01,263.6,124.4
2007-03-02,260.96,122.4
2007-03-05,258.28,120.98
2007-03-06,258.71,122.2
2007-03-07,257.28,121.76
2007-03-08,257.04,121.99
2007-03-09,254.93,121.45
2007-03-12,254.59,121.93
2007-03-13,251.21,119.4
2007-03-14,249.85,119.15
2007-03-15,250.31,119.77
2007-03-16,249.9,119.4
2007-03-19,250.06,120.28
2007-03-20,247.01,118.93
2007-03-21,251.36,122.02
2007-03-22,248.0,120.33
2007-03-23,252.51,122.46
2007-03-26,253.78,123.19
2007-03-27,249.7,121.04
2007-03-28,249.29,120.49
2007-03-29,246.9,120.79
2007-03-30,244.47,118.62
2007-04-02,239.1,116.75
2007-04-03,246.54,121.03
2007-04-04,245.08,120.49
2007-04-05,246.2,121.16
2007-04-09,240.96,118.99
2007-04-10,241.18,118.92
2007-04-11,241.56,118.53
2007-04-12,250.13,122.97
2007-04-13,244.01,120.74
2007-04-16,236.6,116.15
2007-04-17,241.13,118.43
2007-04-18,240.04,118.07
2007-04-19,239.2,117.89
2007-04-20,237.09,116.96
2007-04-23,237.52,116.66
2007-04-24,233.31,114.65
2007-04-25,231.52,114.56
2007-04-26,230.87,113.9
2007-04-27,228.63,112.51
2007-04-30,226.84,111.42
2007-05-02,225.74,111.53
2007-05-03,225.34,111.17
2007-05-04,227.51,111.8
2007-05-07,225.5,111.58
2007-05-08,225.42,111.48
2007-05-09,228.02,112.94
2007-05-10,228.33,112.87
2007-05-11,226.21,112.09
2007-05-14,229.49,114.23
2007-05-15,227.77,114.92
2007-05-16,230.74,118.15
2007-05-17,237.05,121.44
2007-05-18,235.82,120.26
2007-05-21,236.75,122.1
2007-05-22,236.05,121.43
2007-05-23,237.28,121.62
2007-05-24,241.0,122.34
2007-05-25,238.71,122.29
2007-05-28,238.64,122.82
2007-05-29,235.13,120.58
2007-05-30,236.44,121.75
2007-05-31,235.38,122.21
2007-06-01,243.81,127.99
2007-06-04,239.13,124.03
2007-06-05,244.26,125.58
2007-06-06,243.73,124.86
2007-06-08,239.49,121.88
2007-06-11,243.66,125.56
2007-06-12,240.25,123.46
2007-06-13,244.06,125.48
2007-06-14,242.52,125.85
2007-06-15,242.63,126.83
2007-06-18,240.83,126.35
2007-06-19,238.79,125.35
2007-06-20,243.48,126.22
2007-06-21,239.69,125.03
2007-06-22,241.39,124.24
2007-06-25,232.34,119.09
2007-06-26,236.57,121.13
2007-06-27,239.17,123.1
2007-06-28,239.27,124.49
2007-06-29,240.86,124.8
2007-07-02,239.41,125.02
2007-07-03,238.04,124.57
2007-07-04,239.33,125.3
2007-07-05,240.03,125.41
2007-07-06,237.77,124.94
2007-07-09,233.72,123.08
2007-07-10,240.68,127.14
2007-07-11,237.93,125.76
2007-07-12,238.14,127.08
2007-07-13,234.53,125.96
2007-07-16,238.01,127.21
2007-07-17,237.71,127.8
2007-07-18,239.5,128.76
2007-07-19,240.42,129.68
2007-07-20,239.19,128.87
2007-07-23,237.09,128.71
2007-07-24,241.5,129.77
2007-07-25,239.88,128.49
2007-07-26,236.96,122.9
2007-07-27,240.62,127.04
2007-07-30,238.95,127.44
2007-07-31,240.48,127.78
2007-08-01,239.73,126.71
2007-08-02,243.45,129.84
2007-08-03,245.53,129.23
2007-08-06,249.22,130.76
2007-08-07,247.21,129.63
2007-08-08,250.94,133.06
2007-08-09,253.55,131.65
2007-08-10,256.72,131.52
2007-08-13,259.2,133.4
2007-08-14,260.24,131.1
2007-08-15,261.33,128.67
2007-08-16,260.02,124.29
2007-08-17,261.11,128.95
2007-08-20,261.71,128.99
2007-08-21,262.32,128.97
2007-08-22,261.87,130.22
2007-08-23,261.41,131.49
2007-08-24,258.3,133.01
2007-08-27,251.49,128.9
2007-08-28,253.8,126.71
2007-08-29,251.2,127.77
2007-08-30,252.12,127.72
2007-08-31,252.06,128.41
2007-09-03,251.19,128.55
2007-09-04,254.51,130.58
2007-09-05,251.71,127.83
2007-09-06,251.94,128.54
2007-09-10,258.33,132.75
2007-09-11,254.98,132.46
2007-09-12,252.69,132.37
2007-09-13,250.1,131.36
2007-09-14,253.01,133.09
2007-09-17,262.85,136.9
2007-09-18,266.42,141.94
2007-09-19,266.47,142.58
2007-09-20,267.21,141.98
2007-09-21,262.61,140.58
2007-09-24,268.49,143.5
2007-09-25,269.38,144.83
2007-09-26,259.91,140.72
2007-09-27,261.75,142.03
2007-09-28,260.25,141.9
2007-10-01,269.87,149.1
2007-10-02,268.43,147.08
2007-10-03,270.78,147.24
2007-10-04,269.25,147.54
2007-10-05,269.48,149.38
2007-10-08,271.44,149.31
2007-10-09,262.23,145.44
2007-10-10,262.17,145.25
2007-10-11,269.67,149.32
2007-10-15,255.68,140.87
2007-10-16,254.63,140.29
2007-10-17,256.25,140.72
2007-10-18,249.69,139.81
2007-10-19,249.3,138.04
2007-10-22,247.84,136.32
2007-10-23,247.24,137.51
2007-10-24,246.13,136.13
2007-10-25,241.96,134.87
2007-10-26,242.37,137.01
2007-10-29,243.3,138.47
2007-10-30,240.95,137.53
2007-10-31,239.75,138.1
2007-11-01,244.55,139.9
2007-11-05,238.91,136.6
2007-11-06,240.09,138.3
2007-11-07,244.12,140.3
2007-11-08,244.38,140.05
2007-11-09,244.47,140.02
2007-11-12,243.45,137.0
2007-11-13,245.14,138.73
2007-11-14,246.72,142.28
2007-11-16,247.23,141.52
2007-11-19,242.36,137.16
2007-11-20,245.38,139.26
2007-11-21,245.61,138.29
2007-11-22,245.69,138.03
2007-11-23,246.53,136.66
2007-11-26,247.34,135.6
2007-11-27,247.38,134.74
2007-11-28,252.48,140.73
2007-11-29,251.42,140.15
2007-11-30,253.16,141.19
2007-12-03,253.65,141.39
2007-12-04,258.21,142.74
2007-12-05,260.93,145.2
2007-12-06,253.84,142.93
2007-12-07,257.25,146.25
2007-12-10,258.2,146.2
2007-12-11,260.48,148.17
2007-12-12,263.05,148.36
2007-12-13,261.07,146.42
2007-12-14,262.1,145.86
2007-12-17,264.49,145.88
2007-12-18,266.26,146.78
2007-12-19,268.95,149.33
2007-12-20,267.85,148.39
2007-12-21,265.87,148.2
2007-12-26,258.34,145.79
2007-12-27,260.98,148.2
2007-12-28,261.51,147.33
2008-01-02,261.25,147.43
2008-01-03,265.92,151.78
2008-01-04,261.55,149.03
2008-01-07,261.63,148.32
2008-01-08,268.48,152.46
2008-01-09,267.72,151.42
2008-01-10,269.7,153.5
2008-01-11,269.88,154.48
2008-01-14,269.24,155.27
2008-01-15,269.31,153.72
2008-01-16,267.54,150.9
2008-01-17,268.25,150.11
2008-01-18,268.64,150.5
2008-01-21,267.23,146.03
2008-01-22,269.63,150.46
2008-01-23,268.11,146.91
2008-01-24,269.38,151.0
2008-01-25,268.61,150.31
2008-01-28,269.3,150.95
2008-01-29,268.51,150.76
2008-01-30,271.65,152.61
2008-01-31,270.92,154.02
2008-02-01,271.41,155.45
2008-02-06,272.67,155.54
2008-02-07,274.51,156.15
2008-02-08,279.57,158.04
2008-02-11,280.36,159.57
2008-02-12,280.12,160.07
2008-02-13,282.05,161.82
2008-02-14,288.44,164.82
2008-02-15,287.54,163.93
2008-02-18,281.67,162.25
2008-02-19,290.12,167.41
2008-02-20,287.43,166.72
2008-02-21,289.28,169.07
2008-02-22,293.17,171.64
2008-02-25,294.97,172.9
2008-02-26,288.34,171.22
2008-02-27,291.05,174.18
2008-02-28,294.32,176.34
2008-02-29,291.51,172.39
2008-03-03,291.79,174.62
2008-03-04,287.13,170.3
2008-03-05,283.0,169.26
2008-03-06,268.03,159.54
2008-03-07,266.96,158.53
2008-03-10,265.32,155.52
2008-03-11,269.09,159.7
2008-03-12,273.88,163.61
2008-03-13,280.76,165.83
2008-03-14,269.56,157.27
2008-03-17,249.03,144.53
2008-03-18,254.17,150.57
2008-03-19,244.9,142.3
2008-03-20,242.73,140.14
2008-03-24,247.36,141.59
2008-03-25,255.59,147.57
2008-03-26,256.34,148.61
2008-03-27,258.13,148.61
2008-03-28,252.23,144.63
2008-03-31,249.69,142.43
2008-04-01,252.01,144.42
2008-04-02,255.47,147.93
2008-04-03,257.19,149.79
2008-04-04,254.57,148.96
2008-04-07,256.52,150.54
2008-04-08,254.72,150.36
2008-04-09,265.05,156.93
2008-04-10,251.94,149.52
2008-04-11,250.79,148.39
2008-04-14,256.24,151.89
2008-04-15,260.4,154.72
2008-04-16,258.47,155.33
2008-04-17,265.92,160.39
2008-04-18,256.19,153.5
2008-04-22,258.86,155.84
2008-04-23,257.26,155.16
2008-04-24,252.36,151.11
2008-04-25,252.63,151.55
2008-04-28,254.91,151.01
2008-04-29,256.58,150.4
2008-04-30,255.26,153.49
2008-05-02,247.22,149.83
2008-05-05,253.74,153.14
2008-05-06,253.7,152.83
2008-05-07,250.67,148.33
2008-05-08,254.02,150.04
2008-05-09,257.7,152.85
2008-05-12,258.31,155.14
2008-05-13,256.33,154.69
2008-05-14,259.7,156.07
2008-05-15,258.47,156.18
2008-05-16,259.25,157.98
2008-05-19,254.84,154.54
2008-05-20,257.4,156.0
2008-05-21,262.64,158.41
2008-05-23,252.48,152.01
2008-05-26,252.75,152.35
2008-05-27,250.27,149.77
2008-05-28,254.17,153.58
2008-05-29,251.63,153.71
2008-05-30,251.5,154.48
2008-06-02,256.34,157.07
2008-06-03,249.35,153.07
2008-06-04,250.88,154.01
2008-06-05,256.72,157.79
2008-06-06,255.62,156.44
2008-06-09,248.63,152.91
2008-06-10,253.66,154.01
2008-06-11,251.94,153.43
2008-06-12,255.01,155.97
2008-06-13,254.94,155.83
2008-06-16,254.24,156.46
2008-06-17,257.22,159.96
2008-06-18,250.06,155.61
2008-06-19,252.09,157.16
2008-06-20,260.43,162.16
2008-06-23,254.61,157.85
2008-06-24,257.84,160.95
2008-06-25,259.68,163.22
2008-06-26,264.81,165.2
2008-06-27,262.65,164.57
2008-06-30,264.18,165.42
2008-07-01,265.25,165.26
2008-07-02,266.5,166.25
2008-07-03,262.39,162.88
2008-07-04,261.27,162.48
2008-07-07,250.59,156.52
2008-07-08,251.27,155.73
2008-07-09,250.46,155.76
2008-07-10,250.16,155.38
2008-07-11,251.86,157.31
2008-07-14,254.03,159.37
2008-07-15,250.92,158.01
2008-07-16,250.36,156.77
2008-07-17,245.77,153.7
2008-07-18,247.27,155.62
2008-07-21,246.64,156.2
2008-07-22,245.73,155.52
2008-07-23,243.77,153.9
2008-07-24,242.95,153.86
2008-07-25,245.61,156.14
2008-07-28,241.55,153.37
2008-07-29,243.42,155.14
2008-07-30,244.77,156.71
2008-07-31,249.38,159.65
2008-08-01,245.62,157.25
2008-08-04,240.88,154.11
2008-08-05,244.64,155.32
2008-08-06,243.91,154.67
2008-08-07,248.08,155.93
2008-08-08,242.58,150.86
2008-08-11,244.93,151.57
2008-08-12,248.69,153.14
2008-08-13,244.31,151.28
2008-08-14,244.87,150.5
2008-08-15,243.77,148.82
2008-08-18,244.68,149.28
2008-08-19,247.62,152.19
2008-08-20,248.41,153.43
2008-08-21,253.81,157.64
2008-08-22,253.4,155.65
2008-08-25,250.66,153.5
2008-08-26,258.13,158.26
2008-08-27,258.61,159.44
2008-08-28,260.24,159.46
2008-08-29,258.25,158.15
2008-09-01,257.62,156.42
2008-09-02,257.89,155.07
2008-09-03,256.89,153.09
2008-09-04,265.58,154.5
2008-09-05,260.97,151.99
2008-09-08,262.63,151.28
2008-09-09,259.82,146.63
2008-09-10,262.34,146.97
2008-09-11,263.46,145.16
2008-09-12,262.83,147.57
2008-09-15,262.25,144.57
2008-09-16,259.62,142.65
2008-09-17,262.27,140.4
2008-09-18,263.58,136.57
2008-09-19,261.65,142.98
2008-09-22,262.57,146.44
2008-09-23,261.42,142.85
2008-09-24,262.42,141.85
2008-09-25,265.05,145.55
2008-09-26,260.36,140.51
2008-09-29,261.92,133.16
2008-09-30,261.72,137.46
2008-10-01,261.72,136.45
2008-10-02,262.1,129.69
2008-10-03,261.32,127.85
2008-10-06,250.86,114.03
2008-10-07,255.79,110.64
2008-10-08,262.05,114.93
2008-10-09,257.45,117.67
2008-10-10,259.94,112.33
2008-10-13,258.58,120.83
2008-10-14,257.8,122.65
2008-10-15,256.51,118.48
2008-10-16,254.63,117.61
2008-10-17,257.84,121.91
2008-10-20,256.5,121.16
2008-10-21,258.44,115.58
2008-10-22,260.67,109.53
2008-10-23,259.56,112.37
2008-10-24,255.85,109.95
2008-10-27,250.34,111.56
2008-10-28,250.89,114.77
2008-10-29,254.16,118.76
2008-10-30,251.3,119.5
2008-10-31,253.13,117.41
2008-11-03,254.14,117.17
2008-11-04,256.97,121.73
2008-11-05,256.44,121.07
2008-11-06,257.33,116.92
2008-11-07,255.24,118.16
2008-11-10,257.69,117.56
2008-11-11,259.07,116.59
2008-11-12,261.51,114.05
2008-11-13,263.19,110.58
2008-11-14,261.42,115.16
2008-11-17,259.75,114.08
2008-11-18,261.12,112.31
2008-11-19,267.29,112.07
2008-11-20,260.73,108.64
2008-11-21,268.26,108.87
2008-11-24,266.39,114.43
2008-11-25,264.38,113.71
2008-11-26,265.97,117.32
2008-11-27,264.76,116.07
2008-11-28,264.04,114.2
2008-12-01,264.8,114.21
2008-12-02,265.38,110.99
2008-12-03,266.03,107.53
2008-12-04,263.24,104.01
2008-12-05,262.26,105.54
2008-12-08,266.18,106.47
2008-12-09,266.54,107.82
2008-12-10,265.04,109.12
2008-12-11,262.56,111.97
2008-12-12,262.75,111.1
2008-12-15,262.09,110.17
2008-12-16,262.38,110.71
2008-12-17,262.66,111.86
2008-12-18,262.52,111.28
2008-12-19,262.51,111.0
2008-12-22,256.36,107.26
2008-12-23,256.76,107.57
2008-12-29,255.21,105.68
2008-12-30,253.55,108.54
2009-01-05,248.38,110.15
2009-01-06,254.17,116.59
2009-01-07,256.54,113.92
2009-01-08,260.06,113.17
2009-01-09,264.54,116.49
2009-01-12,265.72,115.83
2009-01-13,267.34,114.84
2009-01-14,268.36,114.44
2009-01-15,268.73,112.82
2009-01-16,269.16,115.22
2009-01-19,267.94,114.9
2009-01-20,270.01,113.88
2009-01-21,270.18,114.87
2009-01-22,271.85,116.67
2009-01-23,274.48,117.3
2009-01-26,278.0,120.34
2009-01-27,280.48,120.43
2009-01-28,280.92,123.48
2009-01-29,276.71,120.57
2009-01-30,274.64,118.63
2009-02-02,280.68,120.72
2009-02-03,279.58,120.51
2009-02-04,272.89,118.18
2009-02-05,274.49,119.97
2009-02-06,272.6,121.26
2009-02-09,275.2,123.02
2009-02-10,270.85,120.27
2009-02-11,273.27,119.33
2009-02-12,267.06,116.72
2009-02-13,265.92,117.46
2009-02-16,264.77,116.13
2009-02-17,262.42,112.82
2009-02-18,261.83,111.47
2009-02-19,263.21,111.96
2009-02-20,263.66,110.36
2009-02-25,268.54,113.07
2009-02-26,265.9,113.44
2009-02-27,265.25,111.87
2009-03-02,262.45,107.43
2009-03-03,260.68,108.08
2009-03-04,261.94,110.43
2009-03-05,262.22,110.18
2009-03-06,258.99,109.05
2009-03-09,258.52,108.85
2009-03-10,255.59,108.81
2009-03-11,256.63,109.21
2009-03-12,260.08,112.93
2009-03-13,259.55,112.94
2009-03-16,258.64,113.59
2009-03-17,257.49,112.69
2009-03-18,263.59,117.15
2009-03-19,264.81,117.8
2009-03-20,266.37,117.66
2009-03-23,266.39,118.66
2009-03-24,266.46,118.85
2009-03-25,266.49,118.55
2009-03-26,267.3,119.33
2009-03-27,266.77,116.39
2009-03-30,265.8,114.03
2009-03-31,267.69,115.48
2009-04-01,264.85,116.11
2009-04-02,266.01,119.02
2009-04-03,265.7,120.45
2009-04-06,263.9,118.98
2009-04-07,265.81,119.84
2009-04-08,263.93,119.75
2009-04-09,263.58,121.35
2009-04-13,254.78,117.41
2009-04-14,254.87,116.12
2009-04-15,257.46,117.19
2009-04-16,256.73,117.98
2009-04-17,255.29,116.52
2009-04-20,254.62,113.47
2009-04-22,258.68,117.47
2009-04-23,262.84,118.45
2009-04-24,264.56,120.75
2009-04-27,257.6,116.03
2009-04-28,256.81,116.89
2009-04-29,256.8,118.07
2009-04-30,257.27,117.58
2009-05-04,259.37,122.0
2009-05-05,265.24,123.48
2009-05-06,264.35,125.17
2009-05-07,264.31,125.27
2009-05-08,264.5,127.9
2009-05-11,266.85,129.6
2009-05-12,267.93,129.44
2009-05-13,268.69,127.58
2009-05-14,269.01,129.21
2009-05-15,268.86,127.42
2009-05-18,268.91,129.53
2009-05-19,270.72,133.03
2009-05-20,270.34,133.3
2009-05-21,271.91,133.62
2009-05-22,269.85,133.13
2009-05-25,269.11,132.89
2009-05-26,270.93,134.26
2009-05-27,269.32,133.66
2009-05-28,270.62,134.71
2009-05-29,269.62,136.86
2009-06-01,276.12,141.38
2009-06-02,274.84,142.85
2009-06-03,268.67,136.87
2009-06-04,270.84,139.46
2009-06-05,265.97,135.91
2009-06-08,261.07,132.79
2009-06-09,261.75,135.2
2009-06-10,261.8,134.19
2009-06-12,256.49,133.24
2009-06-15,249.4,127.7
2009-06-16,253.34,128.79
2009-06-17,248.09,126.45
2009-06-18,251.12,127.15
2009-06-19,248.46,125.93
2009-06-22,250.79,123.91
2009-06-23,247.78,125.01
2009-06-24,248.52,125.2
2009-06-25,248.17,127.53
2009-06-26,248.11,127.96
2009-06-29,249.42,126.99
2009-06-30,248.74,126.65
2009-07-01,247.78,128.45
2009-07-02,245.53,125.79
2009-07-03,245.64,125.84
2009-07-06,247.2,126.12
2009-07-07,246.84,123.85
2009-07-08,246.89,122.83
2009-07-09,247.3,124.14
2009-07-10,246.04,123.02
2009-07-13,245.94,124.21
2009-07-14,247.1,125.49
2009-07-15,248.93,128.65
2009-07-16,247.05,128.01
2009-07-17,245.26,127.21
2009-07-20,246.92,129.75
2009-07-21,246.84,129.44
2009-07-22,246.91,129.68
2009-07-23,250.64,132.69
2009-07-24,248.46,130.97
2009-07-27,249.0,132.8
2009-07-28,247.05,131.27
2009-07-29,248.76,130.65
2009-07-30,249.14,132.94
2009-07-31,251.35,134.77
2009-08-03,254.55,138.72
2009-08-04,256.21,140.54
2009-08-05,256.57,141.67
2009-08-06,260.49,141.8
2009-08-07,261.4,143.31
2009-08-10,260.02,140.63
2009-08-11,260.55,141.37
2009-08-12,261.31,142.48
2009-08-13,258.32,141.0
2009-08-14,254.58,137.39
2009-08-17,253.58,135.75
2009-08-18,252.97,137.11
2009-08-19,252.98,137.12
2009-08-20,251.11,136.25
2009-08-21,250.35,136.73
2009-08-24,251.02,136.05
2009-08-25,250.18,134.72
2009-08-26,257.01,138.11
2009-08-27,253.33,135.83
2009-08-28,253.08,134.47
2009-08-31,252.5,133.67
2009-09-01,251.12,131.82
2009-09-02,250.89,133.1
2009-09-03,249.37,133.64
2009-09-04,249.38,135.53
2009-09-08,249.4,136.51
2009-09-09,252.34,137.44
2009-09-10,249.82,137.19
2009-09-11,251.71,137.77
2009-09-14,257.02,141.76
2009-09-15,259.49,143.68
2009-09-16,257.76,143.2
2009-09-17,261.93,144.95
2009-09-18,260.56,144.04
2009-09-21,261.31,143.89
2009-09-22,264.11,146.89
2009-09-23,259.06,144.97
2009-09-24,250.63,138.93
2009-09-25,251.36,139.8
2009-09-28,250.57,139.83
2009-09-29,249.43,139.11
2009-09-30,252.89,142.71
2009-10-01,249.56,139.58
2009-10-02,256.04,144.01
2009-10-05,255.17,144.9
2009-10-06,261.46,149.23
2009-10-07,262.76,149.63
2009-10-08,263.62,151.59
2009-10-09,260.17,149.78
2009-10-13,261.62,151.49
2009-10-14,262.0,153.85
2009-10-15,261.88,154.14
2009-10-16,269.54,157.62
2009-10-19,270.36,158.01
2009-10-20,267.52,153.39
2009-10-21,269.58,156.28
2009-10-22,267.64,154.26
2009-10-23,259.28,151.36
2009-10-26,258.41,148.51
2009-10-27,263.01,151.24
2009-10-28,260.02,148.16
2009-10-29,263.53,152.24
2009-10-30,262.96,149.75
2009-11-03,270.44,154.98
2009-11-04,274.35,158.77
2009-11-05,275.96,160.26
2009-11-06,275.07,160.02
2009-11-09,274.09,161.14
2009-11-10,265.29,154.51
2009-11-11,266.71,154.88
2009-11-12,265.46,152.74
2009-11-13,268.07,155.67
2009-11-16,273.86,160.15
2009-11-17,271.98,158.4
2009-11-18,275.36,161.22
2009-11-19,270.17,155.81
2009-11-20,269.89,155.64
2009-11-23,276.31,159.9
2009-11-24,274.6,158.27
2009-11-25,276.28,160.07
2009-11-26,276.07,157.75
2009-11-27,273.5,156.91
2009-11-30,277.48,158.2
2009-12-01,278.55,161.76
2009-12-02,278.76,161.88
2009-12-03,279.29,163.43
2009-12-04,275.37,159.63
2009-12-07,279.26,162.17
2009-12-08,282.71,160.82
2009-12-09,284.49,160.64
2009-12-10,284.92,161.34
2009-12-11,284.07,161.86
2009-12-14,285.08,163.65
2009-12-15,286.95,163.69
2009-12-16,289.4,165.37
2009-12-17,288.81,161.34
2009-12-18,284.76,159.71
2009-12-21,284.77,159.62
2009-12-22,283.08,158.86
2009-12-23,282.71,160.9
2009-12-28,273.23,156.94
2009-12-29,272.51,156.35
2009-12-30,272.77,156.5
2010-01-04,276.59,160.81
2010-01-05,278.67,160.99
2010-01-06,277.24,159.42
2010-01-07,276.91,158.69
2010-01-08,281.62,162.78
2010-01-11,279.43,160.96
2010-01-12,280.85,160.67
2010-01-13,281.55,159.97
2010-01-14,281.46,159.47
2010-01-15,276.47,156.02
2010-01-18,278.04,157.35
2010-01-19,284.76,160.7
2010-01-20,283.13,158.0
2010-01-21,283.14,157.3
2010-01-22,286.8,158.01
2010-01-25,284.08,156.0
2010-01-26,282.47,153.85
2010-01-27,279.91,150.57
2010-01-28,281.2,150.61
2010-01-29,280.67,148.89
2010-02-01,281.01,151.16
2010-02-02,279.26,152.6
2010-02-03,279.32,151.56
2010-02-04,280.08,148.74
2010-02-05,276.76,146.43
2010-02-08,279.29,156.55
2010-02-09,279.79,151.48
2010-02-10,280.62,151.77
2010-02-11,281.26,152.12
2010-02-12,282.58,151.68
2010-02-17,281.14,153.97
2010-02-18,280.69,154.06
2010-02-19,280.8,155.57
2010-02-22,272.17,150.45
2010-02-23,271.8,148.85
2010-02-24,279.06,152.83
2010-02-25,273.96,149.62
2010-02-26,276.72,153.22
2010-03-01,277.39,154.27
2010-03-02,277.19,155.55
2010-03-03,276.82,154.65
2010-03-04,274.68,153.28
2010-03-05,277.24,155.23
2010-03-08,276.95,154.89
2010-03-09,280.86,157.79
2010-03-10,278.57,157.3
2010-03-11,279.86,158.11
2010-03-12,278.64,158.14
2010-03-15,277.54,157.43
2010-03-16,276.48,156.73
2010-03-17,279.04,158.1
2010-03-18,282.26,158.04
2010-03-19,280.15,155.55
2010-03-22,280.66,155.92
2010-03-23,280.87,158.06
2010-03-24,280.35,155.75
2010-03-25,283.62,156.78
2010-03-26,284.01,155.7
2010-03-29,284.69,158.34
2010-03-30,285.31,158.94
2010-03-31,279.82,157.11
2010-04-01,280.65,158.65
2010-04-05,284.51,161.47
2010-04-06,285.93,163.02
2010-04-07,284.97,160.46
2010-04-08,279.96,157.46
2010-04-09,279.08,157.32
2010-04-12,283.69,161.46
2010-04-13,283.32,161.25
2010-04-14,282.73,161.84
2010-04-15,282.52,161.16
2010-04-16,278.16,158.04
2010-04-19,279.03,158.99
2010-04-20,279.39,159.38
2010-04-22,280.71,159.22
2010-04-23,281.33,159.76
2010-04-26,283.18,162.28
2010-04-27,282.2,159.89
2010-04-28,284.83,162.67
2010-04-29,283.67,163.78
2010-04-30,283.65,163.3
2010-05-03,288.52,166.77
2010-05-04,288.29,163.71
2010-05-05,288.56,160.58
2010-05-06,287.07,154.84
2010-05-07,287.67,155.58
2010-05-10,283.92,160.13
2010-05-11,285.1,159.72
2010-05-12,287.1,161.75
2010-05-13,288.97,162.61
2010-05-14,285.5,158.17
2010-05-17,286.75,158.42
2010-05-18,287.46,157.77
2010-05-19,288.08,156.82
2010-05-20,291.71,156.66
2010-05-21,292.61,157.23
2010-05-24,292.07,156.69
2010-05-25,292.44,156.55
2010-05-26,293.63,158.21
2010-05-27,293.71,160.85
2010-05-28,294.28,162.67
2010-05-31,295.22,162.21
2010-06-01,296.79,161.39
2010-06-02,297.1,162.71
2010-06-04,295.91,159.26
2010-06-07,294.81,156.9
2010-06-08,293.91,158.1
2010-06-09,294.9,159.66
2010-06-10,297.56,164.58
2010-06-11,304.45,167.65
2010-06-14,312.0,172.56
2010-06-15,312.46,174.26
2010-06-16,307.95,172.04
2010-06-17,308.46,172.32
2010-06-18,312.71,176.47
2010-06-21,309.53,174.48
2010-06-22,309.64,173.76
2010-06-23,309.91,173.04
2010-06-24,318.58,178.08
2010-06-25,315.6,177.4
2010-06-28,315.91,177.18
2010-06-29,307.68,169.99
2010-06-30,309.84,171.75
2010-07-01,310.0,172.7
2010-07-02,303.31,170.78
2010-07-05,303.37,170.72
2010-07-06,292.83,164.33
2010-07-07,300.95,170.41
2010-07-08,299.8,169.95
2010-07-09,300.54,170.76
2010-07-12,300.98,170.53
2010-07-13,299.55,170.88
2010-07-14,301.32,170.52
2010-07-15,307.63,173.6
2010-07-16,307.74,172.69
2010-07-19,297.29,166.36
2010-07-20,290.59,163.81
2010-07-21,291.05,163.05
2010-07-22,298.1,169.38
2010-07-23,305.92,173.92
2010-07-26,305.05,172.83
2010-07-27,300.59,169.83
2010-07-28,305.78,172.76
2010-07-29,312.14,177.25
2010-07-30,317.39,180.85
2010-08-02,307.62,175.68
2010-08-03,301.51,171.41
2010-08-04,309.82,176.14
2010-08-05,310.46,177.0
2010-08-06,307.7,174.83
2010-08-09,308.98,176.36
2010-08-10,308.56,175.42
2010-08-11,310.12,175.21
2010-08-12,318.81,180.12
2010-08-13,317.98,179.45
2010-08-16,321.55,183.01
2010-08-17,317.23,180.86
2010-08-18,317.87,181.43
2010-08-19,319.96,182.21
2010-08-20,328.1,186.52
2010-08-23,325.23,183.95
2010-08-24,304.11,172.3
2010-08-25,299.77,169.74
2010-08-26,308.78,175.24
2010-08-27,315.02,179.7
2010-08-30,324.04,184.11
2010-08-31,323.31,184.12
2010-09-01,329.6,188.66
2010-09-02,334.11,192.91
2010-09-03,334.24,192.87
2010-09-06,333.43,193.07
2010-09-08,334.43,193.99
2010-09-09,332.19,192.8
2010-09-10,330.45,192.12
2010-09-13,332.09,193.64
2010-09-14,334.71,196.08
2010-09-15,331.6,192.12
2010-09-16,333.07,194.32
2010-09-17,329.15,191.59
2010-09-20,315.92,182.72
2010-09-21,326.82,190.57
2010-09-22,321.73,186.84
2010-09-23,323.53,188.32
2010-09-24,322.12,188.27
2010-09-27,322.44,188.67
2010-09-28,328.76,192.26
2010-09-29,323.58,189.78
2010-09-30,318.81,188.42
2010-10-01,320.3,190.77
2010-10-04,309.39,182.96
2010-10-05,308.72,184.86
2010-10-06,308.25,183.48
2010-10-07,309.42,183.52
2010-10-08,315.93,189.41
2010-10-11,313.13,187.95
2010-10-13,321.88,194.84
2010-10-14,324.01,194.95
2010-10-15,319.42,191.85
2010-10-18,321.82,193.4
2010-10-19,330.71,196.15
2010-10-20,334.46,199.68
2010-10-21,338.55,199.73
2010-10-22,336.47,197.23
2010-10-25,342.79,201.64
2010-10-26,345.1,202.4
2010-10-27,347.22,201.87
2010-10-28,344.93,201.36
2010-10-29,350.41,205.88
2010-11-01,336.35,197.62
2010-11-03,330.1,194.29
2010-11-04,350.72,209.26
2010-11-05,348.19,207.38
2010-11-08,353.66,208.53
2010-11-09,368.89,217.12
2010-11-10,364.66,214.13
2010-11-11,361.23,210.38
2010-11-12,355.36,206.24
2010-11-16,352.3,202.47
2010-11-17,352.42,204.18
2010-11-18,363.14,211.99
2010-11-19,363.36,211.5
2010-11-22,356.24,206.16
2010-11-23,356.01,205.78
2010-11-24,357.89,207.72
2010-11-25,358.15,208.1
2010-11-26,358.91,207.58
2010-11-29,361.56,209.85
2010-11-30,361.14,210.58
2010-12-01,360.73,211.2
2010-12-02,360.94,212.07
2010-12-03,364.29,216.19
2010-12-06,368.04,219.2
2010-12-07,367.92,218.87
2010-12-08,363.42,214.66
2010-12-09,365.23,213.71
2010-12-10,372.82,217.64
2010-12-13,380.73,224.36
2010-12-14,384.49,227.1
2010-12-15,388.64,228.75
2010-12-16,382.76,224.89
2010-12-17,398.44,232.32
2010-12-20,398.91,233.69
2010-12-21,407.55,240.16
2010-12-22,407.3,240.15
2010-12-23,409.28,241.6
2010-12-27,409.88,242.67
2010-12-28,410.77,242.92
2010-12-29,411.79,245.26
2010-12-30,413.34,248.4
2011-01-03,412.99,250.3
2011-01-04,413.08,248.24
2011-01-05,415.75,248.36
2011-01-06,415.61,246.36
2011-01-07,418.03,248.24
2011-01-10,424.99,251.62
2011-01-11,425.42,252.17
2011-01-12,444.7,265.33
2011-01-13,442.95,265.24
2011-01-14,438.28,259.95
2011-01-17,436.17,259.16
2011-01-18,435.42,259.64
2011-01-19,431.01,257.78
2011-01-20,430.54,257.35
2011-01-21,442.48,264.64
2011-01-24,436.13,260.84
2011-01-25,430.32,257.37
2011-01-26,446.96,267.48
2011-01-27,447.1,266.29
2011-01-28,453.68,269.25
2011-01-31,458.6,273.95
2011-02-01,460.91,276.99
2011-02-02,466.36,279.59
2011-02-03,472.62,283.01
2011-02-04,475.3,283.59
2011-02-07,479.54,285.44
2011-02-08,477.67,286.54
2011-02-09,487.13,293.27
2011-02-10,489.1,292.7
2011-02-11,489.74,293.79
2011-02-14,497.76,298.24
2011-02-15,500.91,299.95
2011-02-16,502.24,300.38
2011-02-17,505.33,303.87
2011-02-18,513.03,308.31
2011-02-21,512.99,307.55
2011-02-22,519.36,310.43
2011-02-23,516.51,308.37
2011-02-24,513.41,308.54
2011-02-25,515.88,310.03
2011-02-28,523.8,314.97
2011-03-01,521.46,313.38
2011-03-02,522.19,314.57
2011-03-03,527.27,319.17
2011-03-04,526.85,319.89
2011-03-09,551.6,332.89
2011-03-10,539.76,324.96
2011-03-11,532.1,319.39
2011-03-14,530.31,319.08
2011-03-15,515.18,309.05
2011-03-16,516.25,308.39
2011-03-17,524.28,310.96
2011-03-18,530.08,317.42
2011-03-21,530.29,318.11
2011-03-22,519.97,312.67
2011-03-23,521.79,314.14
2011-03-24,519.01,312.84
2011-03-25,521.73,314.29
2011-03-28,516.77,310.93
2011-03-29,514.28,310.93
2011-03-30,512.47,314.59
2011-03-31,516.09,316.42
2011-04-01,508.81,315.64
2011-04-04,503.02,312.63
2011-04-05,515.36,320.3
2011-04-06,512.7,317.66
2011-04-07,517.6,326.77
2011-04-08,519.86,330.28
2011-04-11,513.83,325.0
2011-04-12,513.05,322.06
2011-04-13,521.46,327.76
2011-04-14,523.35,331.23
2011-04-15,530.17,335.97
2011-04-18,527.19,331.57
2011-04-19,534.48,339.14
2011-04-20,535.36,340.78
2011-04-25,527.84,335.56
2011-04-26,536.84,343.25
2011-04-27,537.14,341.91
2011-04-28,542.7,342.83
2011-04-29,543.08,345.25
2011-05-02,550.14,349.07
2011-05-03,555.19,349.39
2011-05-04,540.31,336.64
2011-05-05,533.74,328.46
2011-05-06,531.86,328.92
2011-05-09,533.0,329.01
2011-05-10,528.8,329.47
2011-05-11,520.99,321.6
2011-05-12,530.11,326.62
2011-05-13,529.84,324.46
2011-05-16,514.44,315.22
2011-05-17,519.7,320.4
2011-05-18,530.79,329.27
2011-05-19,527.2,326.03
2011-05-20,517.37,320.35
2011-05-23,523.9,321.02
2011-05-24,527.73,324.96
2011-05-25,533.64,327.59
2011-05-26,533.84,330.14
2011-05-27,530.68,331.47
2011-05-30,532.02,333.97
2011-05-31,531.42,336.34
2011-06-01,520.74,326.28
2011-06-02,519.03,328.91
2011-06-03,530.76,336.78
2011-06-06,518.47,327.52
2011-06-07,528.56,334.95
2011-06-08,523.11,330.46
2011-06-09,529.48,333.22
2011-06-10,524.86,328.65
2011-06-13,528.25,332.65
2011-06-14,528.38,333.99
2011-06-15,518.45,324.03
2011-06-16,527.65,327.74
2011-06-17,508.12,318.17
2011-06-20,501.56,314.46
2011-06-21,500.51,314.98
2011-06-22,498.12,313.48
2011-06-24,501.97,312.95
2011-06-27,503.4,315.41
2011-06-28,501.29,317.68
2011-06-29,500.53,318.4
2011-06-30,501.58,321.12
2011-07-01,469.84,301.76
2011-07-04,469.46,302.29
2011-07-05,473.99,302.87
2011-07-06,472.39,301.08
2011-07-07,478.75,307.68
2011-07-08,470.79,301.02
2011-07-11,460.12,291.03
2011-07-12,466.54,295.09
2011-07-13,478.1,303.55
2011-07-14,465.21,294.81
2011-07-15,456.28,289.7
2011-07-18,452.22,286.39
2011-07-19,450.55,287.52
2011-07-20,447.67,286.97
2011-07-21,444.42,285.8
2011-07-22,446.17,286.92
2011-07-25,444.41,288.02
2011-07-26,446.22,290.5
2011-07-27,438.13,281.04
2011-07-28,443.73,282.81
2011-07-29,439.0,282.68
2011-08-01,439.88,281.61
2011-08-02,445.87,284.36
2011-08-03,443.39,283.86
2011-08-04,437.46,276.52
2011-08-05,444.06,279.99
2011-08-08,442.85,274.72
2011-08-09,444.12,276.02
2011-08-10,445.4,275.45
2011-08-11,456.32,282.2
2011-08-12,453.54,281.18
2011-08-15,454.32,285.73
2011-08-16,459.65,289.09
2011-08-17,477.31,301.52
2011-08-18,479.47,299.3
2011-08-19,485.28,303.49
2011-08-22,482.05,300.72
2011-08-23,485.75,303.6
2011-08-24,500.41,310.81
2011-08-25,503.85,312.95
2011-08-26,508.15,316.6
2011-08-29,508.88,319.65
2011-08-30,512.98,323.03
2011-08-31,513.37,322.07
2011-09-01,527.54,327.66
2011-09-02,532.07,325.23
2011-09-05,523.78,317.44
2011-09-06,512.39,308.11
2011-09-08,519.61,313.58
2011-09-09,498.43,296.51
2011-09-12,513.07,299.17
2011-09-13,513.38,299.7
2011-09-14,509.28,296.09
2011-09-15,507.2,296.96
2011-09-16,511.84,295.86
2011-09-19,516.14,290.95
2011-09-20,519.44,289.55
2011-09-21,516.01,279.83
2011-09-22,504.98,264.8
2011-09-23,500.57,271.75
2011-09-26,507.43,276.83
2011-09-27,513.02,283.59
2011-09-28,503.76,275.73
2011-09-29,500.68,270.35
2011-09-30,492.38,261.9
2011-10-03,480.12,254.03
2011-10-04,488.18,258.43
2011-10-05,495.02,269.62
2011-10-06,500.86,280.28
2011-10-07,495.62,280.64
2011-10-10,482.41,272.55
2011-10-11,480.32,273.22
2011-10-13,495.21,282.82
2011-10-14,492.98,284.63
2011-10-17,483.67,274.19
2011-10-18,481.24,273.28
2011-10-19,495.6,279.37
2011-10-20,489.74,273.14
2011-10-21,505.1,283.76
2011-10-24,507.51,289.51
2011-10-25,492.41,279.14
2011-10-26,494.13,280.59
2011-10-27,490.49,287.85
2011-10-28,490.32,291.86
2011-10-31,468.03,276.29
2011-11-01,459.1,265.38
2011-11-03,467.7,268.64
2011-11-04,473.34,272.19
2011-11-07,489.66,279.64
2011-11-08,488.32,280.32
2011-11-09,493.28,279.48
2011-11-10,492.07,279.43
2011-11-11,493.53,282.99
2011-11-14,489.86,277.54
2011-11-16,495.92,279.86
2011-11-17,497.99,279.77
2011-11-18,500.47,280.69
2011-11-21,502.34,278.15
2011-11-22,503.89,279.01
2011-11-23,507.79,272.57
2011-11-24,506.77,268.42
2011-11-25,505.68,268.26
2011-11-28,504.69,271.92
2011-11-29,499.88,270.79
2011-11-30,504.24,278.74
2011-12-01,509.17,282.56
2011-12-02,500.42,279.25
2011-12-05,508.97,284.66
2011-12-06,505.0,281.33
2011-12-07,492.25,274.84
2011-12-08,482.91,265.92
2011-12-09,490.06,271.35
2011-12-12,489.18,265.28
2011-12-13,498.3,268.77
2011-12-14,483.83,258.18
2011-12-15,484.61,260.4
2011-12-16,486.3,262.02
2011-12-19,481.46,257.74
2011-12-20,486.99,264.24
2011-12-21,486.71,262.24
2011-12-22,489.69,264.41
2011-12-23,488.63,262.85
2011-12-26,488.62,262.84
2011-12-27,487.66,262.04
2011-12-28,492.44,262.77
2011-12-29,485.19,259.6
2012-01-02,480.14,256.76
2012-01-03,479.88,262.23
2012-01-04,481.49,263.25
2012-01-05,476.49,259.25
2012-01-06,481.91,259.93
2012-01-09,488.41,265.73
2012-01-10,491.5,272.6
2012-01-11,504.65,280.2
2012-01-12,501.74,281.08
2012-01-13,492.34,274.59
2012-01-16,487.57,273.15
2012-01-17,485.66,273.3
2012-01-18,492.43,279.0
2012-01-19,494.29,279.74
2012-01-20,494.23,280.97
2012-01-23,481.96,275.57
2012-01-24,481.72,274.48
2012-01-25,481.63,273.65
2012-01-26,479.82,275.44
2012-01-27,472.9,271.47
2012-01-30,471.16,269.39
2012-01-31,469.04,268.79
2012-02-01,462.54,266.9
2012-02-02,462.13,268.37
2012-02-03,463.39,269.88
2012-02-06,459.52,266.08
2012-02-07,463.56,268.89
2012-02-08,464.01,269.78
2012-02-09,468.82,272.89
2012-02-10,466.24,270.28
2012-02-13,460.29,268.23
2012-02-14,450.86,262.13
2012-02-15,427.51,247.98
2012-02-16,417.33,242.5
2012-02-17,419.23,244.73
2012-02-22,413.03,242.11
2012-02-23,418.49,244.59
2012-02-24,419.86,246.11
2012-02-27,416.51,243.86
2012-02-28,417.99,245.59
2012-02-29,413.6,241.03
2012-03-01,417.6,243.92
2012-03-02,412.59,238.08
2012-03-05,413.66,238.28
2012-03-06,395.32,224.61
2012-03-07,392.68,222.23
2012-03-08,393.17,222.13
2012-03-09,386.34,216.56
2012-03-12,383.17,212.28
2012-03-13,388.86,216.04
2012-03-14,387.15,214.01
2012-03-15,387.43,214.76
2012-03-16,382.59,212.31
2012-03-19,382.73,212.15
2012-03-20,381.69,209.61
2012-03-21,387.47,213.01
2012-03-22,370.42,203.08
2012-03-23,370.58,204.74
2012-03-26,373.36,205.71
2012-03-27,385.88,212.84
2012-03-28,379.18,207.43
2012-03-29,371.96,203.7
2012-03-30,381.84,209.0
2012-04-02,386.44,210.83
2012-04-03,383.3,209.23
2012-04-04,386.25,211.41
2012-04-05,382.57,209.51
2012-04-09,375.75,206.45
2012-04-10,375.94,205.32
2012-04-11,379.67,207.02
2012-04-12,378.94,207.41
2012-04-13,379.92,206.7
2012-04-16,373.24,202.74
2012-04-17,370.05,199.59
2012-04-18,372.66,198.54
2012-04-19,376.98,199.88
2012-04-20,380.78,203.3
2012-04-23,380.05,202.05
2012-04-24,389.2,206.69
2012-04-25,378.73,201.13
2012-04-26,377.2,200.1
2012-04-27,379.61,201.28
2012-04-30,383.41,201.16
2012-05-02,387.85,201.9
2012-05-03,374.43,195.53
2012-05-04,375.21,195.42
2012-05-07,378.93,197.26
2012-05-08,380.45,196.41
2012-05-09,380.83,194.1
2012-05-10,390.53,200.58
2012-05-11,384.95,197.21
2012-05-14,388.76,195.65
2012-05-15,388.3,194.15
2012-05-16,390.01,194.91
2012-05-17,388.07,194.13
2012-05-18,393.56,194.83
2012-05-21,389.37,190.68
2012-05-22,390.62,187.71
2012-05-23,376.73,184.4
2012-05-24,379.17,186.23
2012-05-25,380.18,190.28
2012-05-28,381.25,192.36
2012-05-29,376.05,189.26
2012-05-30,376.59,186.71
2012-05-31,366.37,181.64
2012-06-01,368.07,179.9
2012-06-04,363.28,177.12
2012-06-05,358.4,177.25
2012-06-06,353.26,174.1
2012-06-08,356.08,175.84
2012-06-11,354.31,172.83
2012-06-12,351.24,170.26
2012-06-13,354.12,170.91
2012-06-14,348.43,169.39
2012-06-15,350.31,171.64
2012-06-18,350.37,170.17
2012-06-19,360.12,177.4
2012-06-20,349.51,171.75
2012-06-21,362.85,176.74
2012-06-22,356.14,172.47
2012-06-25,361.71,175.08
2012-06-26,374.42,180.53
2012-06-27,373.63,179.37
2012-06-28,377.17,181.07
2012-06-29,382.73,190.41
2012-07-02,389.27,195.71
2012-07-03,399.63,198.33
2012-07-04,399.96,196.93
2012-07-05,403.02,198.83
2012-07-06,396.91,195.43
2012-07-09,407.44,200.61
2012-07-10,407.67,199.84
2012-07-11,416.57,204.6
2012-07-12,412.26,202.29
2012-07-13,418.98,205.68
2012-07-16,413.38,203.03
2012-07-17,412.81,203.66
2012-07-18,409.63,202.39
2012-07-19,421.42,209.04
2012-07-20,418.99,206.91
2012-07-23,418.21,205.11
2012-07-24,401.88,196.42
2012-07-25,407.26,200.03
2012-07-26,404.22,199.81
2012-07-27,402.65,198.94
2012-07-30,411.08,201.51
2012-07-31,403.97,197.35
2012-08-01,402.68,197.1
2012-08-02,398.31,194.3
2012-08-03,403.74,199.08
2012-08-06,402.18,198.31
2012-08-07,396.85,195.69
2012-08-08,392.72,194.22
2012-08-09,385.18,190.97
2012-08-10,374.3,185.66
2012-08-13,377.3,186.6
2012-08-14,376.27,185.63
2012-08-15,368.3,182.15
2012-08-16,362.79,179.69
2012-08-17,363.71,180.5
2012-08-20,368.05,182.39
2012-08-21,369.1,183.0
2012-08-22,365.54,180.96
2012-08-23,363.29,179.49
2012-08-24,366.57,181.11
2012-08-27,370.08,182.12
2012-08-28,373.89,183.01
2012-08-29,376.05,183.53
2012-08-30,369.52,180.61
2012-08-31,378.57,186.49
2012-09-03,375.58,184.83
2012-09-04,377.45,184.94
2012-09-05,367.11,180.04
2012-09-06,366.12,180.35
2012-09-10,388.79,191.99
2012-09-11,391.95,194.13
2012-09-12,389.78,192.2
2012-09-13,398.84,197.35
2012-09-14,400.2,198.81
2012-09-17,393.68,194.03
2012-09-18,386.85,191.32
2012-09-19,391.88,193.62
2012-09-20,383.39,189.52
2012-09-21,391.38,193.37
2012-09-24,376.95,186.06
2012-09-25,389.62,192.03
2012-09-26,382.49,187.96
2012-09-27,393.64,193.91
2012-09-28,386.85,190.66
2012-10-01,396.5,195.61
2012-10-02,403.02,198.83
2012-10-03,394.68,195.19
2012-10-04,382.93,189.67
2012-10-05,379.04,186.72
2012-10-08,375.31,184.97
2012-10-09,377.79,185.55
2012-10-10,372.34,182.52
2012-10-11,370.04,181.48
2012-10-15,369.68,181.75
2012-10-16,376.28,184.81
2012-10-17,372.28,183.3
2012-10-18,361.51,178.26
2012-10-19,372.55,183.7
2012-10-22,372.58,184.08
2012-10-23,370.2,182.63
2012-10-24,367.55,181.32
2012-10-25,369.11,182.18
2012-10-26,364.53,179.84
2012-10-29,370.65,182.32
2012-10-30,364.58,179.51
2012-10-31,366.33,180.46
2012-11-01,363.81,179.04
2012-11-05,361.62,177.7
2012-11-06,359.62,176.8
2012-11-07,359.56,176.69
2012-11-08,360.31,176.45
2012-11-09,358.19,174.9
2012-11-12,364.84,177.8
2012-11-13,357.46,172.35
2012-11-14,353.91,171.22
2012-11-16,352.9,169.66
2012-11-19,354.19,170.37
2012-11-20,354.6,170.07
2012-11-21,354.15,169.13
2012-11-22,354.23,168.92
2012-11-23,351.99,168.98
2012-11-26,346.6,166.48
2012-11-27,348.39,167.41
2012-11-28,350.51,167.87
2012-11-29,351.02,167.31
2012-11-30,346.73,163.01
2012-12-03,347.23,163.86
2012-12-04,348.04,164.4
2012-12-05,343.0,163.41
2012-12-06,350.03,168.37
2012-12-07,349.65,167.54
2012-12-10,342.55,164.85
2012-12-11,345.3,166.01
2012-12-12,344.62,166.16
2012-12-13,344.22,165.33
2012-12-14,339.79,162.74
2012-12-17,337.34,160.94
2012-12-18,335.98,160.83
2012-12-19,337.77,163.09
2012-12-20,336.5,163.19
2012-12-21,334.96,161.58
2012-12-26,338.32,164.63
2012-12-27,336.29,164.52
2012-12-28,333.66,163.16
2013-01-02,335.86,164.24
2013-01-03,334.94,164.51
2013-01-04,338.03,165.86
2013-01-07,340.04,167.42
2013-01-08,338.68,166.02
2013-01-09,336.91,165.31
2013-01-10,338.25,166.62
2013-01-11,341.04,167.5
2013-01-14,343.23,168.91
2013-01-15,346.65,170.26
2013-01-16,345.06,168.81
2013-01-17,347.78,170.23
2013-01-18,350.4,171.35
2013-01-21,348.63,170.73
2013-01-22,345.88,169.22
2013-01-23,344.76,169.16
2013-01-24,337.26,166.06
2013-01-25,338.89,166.94
2013-01-28,338.56,169.11
2013-01-29,339.21,170.8
2013-01-30,339.41,170.56
2013-01-31,336.18,169.19
2013-02-01,336.27,169.23
2013-02-04,333.67,167.42
2013-02-05,329.95,166.14
2013-02-06,329.55,165.69
2013-02-07,325.66,165.14
2013-02-08,322.39,163.48
2013-02-13,318.83,162.17
2013-02-14,317.82,162.23
2013-02-15,313.83,159.55
2013-02-18,311.47,158.67
2013-02-19,309.04,158.08
2013-02-20,311.78,158.75
2013-02-21,307.78,155.84
2013-02-22,310.21,157.31
2013-02-25,308.91,156.25
2013-02-26,310.91,156.71
2013-02-27,311.53,157.9
2013-02-28,309.42,156.59
2013-03-01,311.25,157.04
2013-03-04,312.58,158.03
2013-03-05,302.91,154.07
2013-03-06,305.1,154.95
2013-03-07,309.79,157.97
2013-03-08,305.23,156.53
2013-03-11,308.61,157.61
2013-03-12,309.95,157.98
2013-03-13,307.29,155.82
2013-03-14,308.03,155.8
2013-03-15,300.21,151.39
2013-03-18,296.14,148.89
2013-03-19,293.61,147.77
2013-03-20,295.95,148.57
2013-03-21,293.5,146.24
2013-03-22,299.6,148.76
2013-03-25,300.61,149.33
2013-03-26,306.39,151.9
2013-03-27,301.56,150.18
2013-03-28,300.97,148.85
2013-04-01,307.24,152.1
2013-04-02,305.56,151.12
2013-04-03,309.47,152.9
2013-04-04,309.1,153.4
2013-04-05,310.62,156.25
2013-04-08,299.35,150.43
2013-04-09,300.8,151.54
2013-04-10,304.61,154.0
2013-04-11,301.33,152.42
2013-04-12,300.46,152.52
2013-04-15,294.73,147.74
2013-04-16,295.94,148.41
2013-04-17,297.43,148.72
2013-04-18,302.87,150.08
2013-04-19,308.41,153.44
2013-04-22,303.82,150.4
2013-04-23,295.65,146.14
2013-04-24,294.92,146.22
2013-04-25,293.89,146.36
2013-04-26,291.76,145.95
2013-04-29,292.66,146.26
2013-04-30,292.3,146.01
2013-05-02,302.11,150.23
2013-05-03,303.14,150.74
2013-05-06,305.77,151.74
2013-05-07,303.97,151.53
2013-05-08,304.79,152.02
2013-05-09,309.36,153.68
2013-05-10,307.82,151.86
2013-05-13,312.07,155.26
2013-05-14,308.55,153.05
2013-05-15,304.46,150.28
2013-05-16,300.71,148.13
2013-05-17,298.56,146.5
2013-05-20,296.37,145.35
2013-05-21,292.61,143.58
2013-05-22,285.37,139.14
2013-05-23,287.56,139.93
2013-05-24,283.75,138.35
2013-05-27,286.73,139.46
2013-05-28,281.97,136.02
2013-05-29,282.28,133.78
2013-05-31,284.37,132.45
2013-06-03,288.29,135.47
2013-06-04,285.84,133.76
2013-06-05,287.83,135.01
2013-06-06,292.84,138.0
2013-06-07,288.49,135.06
2013-06-10,292.92,136.37
2013-06-11,292.28,136.77
2013-06-12,279.81,130.02
2013-06-13,281.4,131.37
2013-06-14,283.88,132.96
2013-06-17,285.18,131.3
2013-06-18,283.12,130.05
2013-06-19,285.84,129.63
2013-06-20,282.28,124.96
2013-06-21,282.81,126.03
2013-06-24,288.25,129.43
2013-06-25,284.39,127.82
2013-06-26,281.15,127.8
2013-06-27,283.28,129.83
2013-06-28,284.27,128.17
2013-07-01,287.39,128.87
2013-07-02,288.06,128.08
2013-07-03,285.07,125.64
2013-07-04,285.58,126.36
2013-07-05,288.75,127.65
2013-07-08,287.47,127.31
2013-07-09,285.03,125.9
2013-07-10,286.0,125.99
2013-07-11,288.67,127.84
2013-07-12,281.29,124.14
2013-07-15,288.45,127.91
2013-07-16,290.11,129.75
2013-07-17,290.1,130.03
2013-07-18,297.55,133.55
2013-07-19,290.25,129.63
2013-07-22,292.16,130.66
2013-07-23,290.43,130.59
2013-07-24,281.93,125.3
2013-07-25,288.88,128.73
2013-07-26,285.21,126.65
2013-07-29,284.31,125.3
2013-07-30,285.72,125.26
2013-07-31,285.74,125.43
2013-08-01,279.82,121.5
2013-08-02,284.36,124.77
2013-08-05,288.6,125.48
2013-08-06,283.53,123.33
2013-08-07,287.03,124.26
2013-08-08,289.1,126.57
2013-08-09,290.12,127.69
2013-08-12,290.81,127.16
2013-08-13,282.97,122.55
2013-08-14,293.51,126.35
2013-08-15,291.62,124.46
2013-08-16,291.74,121.97
2013-08-19,289.76,120.03
2013-08-20,283.52,118.43
2013-08-21,284.06,116.61
2013-08-22,283.68,116.36
2013-08-23,281.61,119.53
2013-08-26,283.26,118.62
2013-08-27,284.79,120.11
2013-08-28,285.16,121.66
2013-08-29,281.96,118.57
2013-08-30,284.84,119.53
2013-09-02,283.81,119.5
2013-09-03,279.79,118.55
2013-09-04,285.01,120.97
2013-09-05,281.57,121.32
2013-09-06,280.1,121.42
2013-09-09,279.41,122.71
2013-09-10,277.84,121.54
2013-09-11,281.77,123.97
2013-09-12,279.62,123.02
2013-09-13,280.62,123.03
2013-09-16,276.82,121.57
2013-09-17,271.16,120.04
2013-09-18,268.17,122.34
2013-09-19,270.07,122.65
2013-09-20,269.58,121.49
2013-09-23,265.31,120.6
2013-09-24,266.64,121.37
2013-09-25,266.63,119.72
2013-09-26,264.18,117.62
2013-09-27,261.87,115.92
2013-09-30,261.95,118.21
2013-10-01,258.78,116.41
2013-10-02,258.53,117.62
2013-10-03,261.71,118.9
2013-10-04,255.1,115.38
2013-10-07,256.14,116.06
2013-10-08,256.37,116.22
2013-10-09,256.75,116.39
2013-10-10,257.13,118.01
2013-10-11,259.24,119.03
2013-10-14,258.99,119.08
2013-10-15,257.54,117.92
2013-10-16,257.09,118.15
2013-10-17,258.22,119.43
2013-10-18,257.92,118.64
2013-10-21,255.49,117.3
2013-10-22,254.14,116.9
2013-10-23,251.98,115.11
2013-10-24,249.43,113.17
2013-10-25,249.08,113.79
2013-10-28,242.34,111.06
2013-10-29,244.15,111.94
2013-10-30,242.4,110.33
2013-10-31,242.03,108.49
2013-11-01,243.3,107.94
2013-11-04,241.5,107.52
2013-11-05,242.68,105.88
2013-11-06,240.97,105.6
2013-11-07,244.33,105.96
2013-11-08,241.99,104.53
2013-11-11,247.36,105.94
2013-11-12,249.55,106.92
2013-11-13,246.05,105.42
2013-11-14,248.71,107.2
2013-11-18,245.96,108.45
2013-11-19,245.97,108.07
2013-11-20,248.64,109.15
2013-11-21,254.1,110.15
2013-11-22,246.65,107.94
2013-11-25,249.15,109.08
2013-11-26,252.26,109.87
2013-11-27,254.87,109.95
2013-11-28,252.93,109.07
2013-11-29,257.61,110.28
2013-12-02,256.02,108.58
2013-12-03,260.79,109.71
2013-12-04,260.75,109.15
2013-12-05,261.56,110.69
2013-12-06,259.95,111.47
2013-12-09,259.69,111.94
2013-12-10,269.86,116.92
2013-12-11,263.96,112.71
2013-12-12,263.57,112.49
2013-12-13,278.77,119.39
2013-12-16,275.84,118.44
2013-12-17,277.77,119.68
2013-12-18,277.65,118.5
2013-12-19,277.63,118.14
2013-12-20,283.55,119.09
2013-12-23,282.81,119.78
2013-12-26,283.17,119.99
2013-12-27,289.66,123.68
2013-12-30,286.81,121.74
2014-01-02,281.71,117.82
2014-01-03,288.81,121.55
2014-01-06,292.39,123.01
2014-01-07,291.2,122.61
2014-01-08,298.69,124.97
2014-01-09,293.06,122.26
2014-01-10,292.01,123.47
2014-01-13,290.6,123.4
2014-01-14,289.07,122.69
2014-01-15,286.32,121.53
2014-01-16,290.75,123.04
2014-01-17,288.66,122.89
2014-01-20,285.86,122.21
2014-01-21,286.59,121.33
2014-01-22,284.89,120.26
2014-01-23,287.14,119.64
2014-01-24,285.03,118.91
2014-01-27,284.22,117.35
2014-01-28,284.06,117.04
2014-01-29,288.49,118.43
2014-01-30,294.7,121.98
2014-01-31,303.32,125.44
2014-02-03,324.65,133.33
2014-02-04,339.41,140.72
2014-02-05,351.97,146.66
2014-02-06,346.52,145.41
2014-02-07,344.69,144.89
2014-02-10,341.16,141.74
2014-02-11,341.96,142.31
2014-02-12,344.38,142.13
2014-02-13,338.85,140.83
2014-02-14,341.38,143.2
2014-02-17,340.42,142.61
2014-02-18,369.78,154.53
2014-02-19,387.99,162.2
2014-02-20,386.19,162.67
2014-02-21,388.45,164.87
2014-02-24,410.08,174.95
2014-02-25,405.46,173.35
2014-02-26,404.16,171.69
2014-02-27,406.28,174.97
2014-02-28,412.67,176.2
2014-03-05,447.63,193.11
2014-03-06,441.77,190.58
2014-03-07,447.24,190.4
2014-03-10,472.22,200.77
2014-03-11,485.01,205.25
2014-03-12,483.97,205.07
2014-03-13,485.62,205.33
2014-03-14,476.82,202.82
2014-03-17,469.91,200.05
2014-03-18,464.75,198.52
2014-03-19,455.77,193.78
2014-03-20,411.42,176.57
2014-03-21,387.29,166.65
2014-03-24,397.27,171.16
2014-03-25,393.57,170.6
2014-03-26,393.91,170.53
2014-03-27,397.58,175.38
2014-03-28,399.4,176.57
2014-03-31,396.35,174.84
2014-04-01,393.32,173.57
2014-04-02,391.08,172.13
2014-04-03,392.33,172.23
2014-04-04,415.34,185.09
2014-04-07,424.29,191.38
2014-04-08,442.29,200.58
2014-04-09,447.57,203.63
2014-04-10,463.25,210.47
2014-04-11,458.44,206.5
2014-04-14,457.27,206.26
2014-04-15,438.77,196.14
2014-04-16,444.12,198.18
2014-04-17,473.8,211.52
2014-04-22,491.28,219.13
2014-04-23,494.95,222.65
2014-04-24,488.05,220.14
2014-04-25,464.33,207.1
2014-04-28,466.13,209.31
2014-04-29,471.84,212.25
2014-04-30,470.59,210.65
2014-05-02,465.84,209.75
2014-05-05,469.72,209.04
2014-05-06,464.03,208.36
2014-05-07,467.19,210.45
2014-05-08,457.59,206.96
2014-05-09,428.42,193.24
2014-05-12,430.4,193.96
2014-05-13,422.25,190.63
2014-05-14,422.99,191.66
2014-05-15,443.67,199.67
2014-05-16,426.71,192.82
2014-05-19,421.52,190.91
2014-05-20,418.93,188.88
2014-05-21,400.16,181.15
2014-05-22,403.97,182.3
2014-05-23,415.03,186.61
2014-05-26,418.62,188.23
2014-05-27,413.0,184.29
2014-05-28,406.1,181.86
2014-05-29,415.0,186.6
2014-05-30,403.7,180.22
2014-06-02,396.77,174.56
2014-06-03,400.22,175.61
2014-06-04,397.59,174.08
2014-06-05,401.37,177.28
2014-06-06,402.05,178.85
2014-06-09,384.6,172.54
2014-06-10,384.16,172.5
2014-06-11,401.19,179.42
2014-06-12,399.06,178.71
2014-06-13,399.45,179.13
2014-06-16,398.1,178.04
2014-06-17,391.06,173.34
2014-06-18,387.72,173.87
2014-06-20,396.18,177.58
2014-06-23,399.45,180.09
2014-06-24,399.41,179.43
2014-06-25,406.4,184.23
2014-06-26,399.76,181.87
2014-06-27,388.37,176.69
2014-06-30,401.77,181.63
2014-07-01,378.89,171.83
2014-07-02,381.44,171.51
2014-07-03,391.18,176.68
2014-07-04,386.79,174.62
2014-07-07,387.79,174.29
2014-07-08,387.61,175.07
2014-07-09,388.74,175.35
2014-07-10,371.48,167.26
2014-07-11,364.29,163.95
2014-07-14,369.8,167.11
2014-07-15,368.06,165.64
2014-07-16,367.49,165.39
2014-07-17,375.37,166.83
2014-07-18,387.17,173.62
2014-07-21,386.86,174.03
2014-07-22,379.47,171.63
2014-07-23,396.1,178.42
2014-07-24,399.87,180.12
2014-07-25,398.04,178.66
2014-07-28,403.26,181.4
2014-07-29,403.41,180.9
2014-07-30,416.01,185.06
2014-07-31,431.89,190.26
2014-08-01,464.7,205.53
2014-08-04,438.69,194.2
2014-08-05,437.34,191.4
2014-08-06,445.44,195.97
2014-08-07,433.6,188.77
2014-08-08,416.91,182.46
2014-08-11,441.68,194.23
2014-08-12,429.53,188.47
2014-08-13,429.96,188.41
2014-08-14,435.01,191.55
2014-08-15,441.83,195.15
2014-08-18,436.83,193.46
2014-08-19,416.98,185.24
2014-08-20,420.33,185.99
2014-08-21,422.83,186.6
2014-08-22,422.18,185.17
2014-08-25,427.83,187.15
2014-08-26,448.44,197.9
2014-08-27,457.56,203.09
2014-08-28,457.83,204.12
2014-08-29,455.54,203.18
2014-09-01,452.84,201.98
2014-09-02,461.74,205.77
2014-09-03,448.5,200.67
2014-09-04,448.29,199.77
2014-09-05,446.96,199.27
2014-09-08,427.3,188.57
2014-09-09,427.74,186.95
2014-09-10,406.62,177.56
2014-09-11,421.98,184.11
2014-09-12,424.0,181.35
2014-09-15,419.25,179.01
2014-09-16,424.26,182.16
2014-09-17,424.15,180.11
2014-09-18,419.53,177.39
2014-09-19,412.89,173.63
2014-09-22,417.73,174.42
2014-09-23,425.37,176.65
2014-09-24,434.56,182.21
2014-09-25,419.34,172.57
2014-09-26,443.94,183.9
2014-09-29,459.63,187.53
2014-09-30,470.88,192.2
2014-10-01,479.62,193.08
2014-10-02,496.99,199.76
2014-10-03,501.2,202.67
2014-10-06,510.23,210.06
2014-10-07,508.68,211.42
2014-10-08,504.05,211.7
2014-10-09,511.05,214.01
2014-10-10,507.07,209.7
2014-10-13,503.09,210.59
2014-10-14,507.69,211.36
2014-10-15,498.88,204.63
2014-10-16,508.38,205.91
2014-10-17,493.18,202.46
2014-10-20,471.64,191.57
2014-10-21,462.02,186.75
2014-10-22,459.51,184.69
2014-10-23,457.21,182.23
2014-10-24,446.22,181.17
2014-10-27,446.78,176.87
2014-10-28,448.63,181.49
2014-10-29,438.83,178.02
2014-10-30,439.08,181.96
2014-10-31,442.9,179.17
2014-11-03,435.76,174.1
2014-11-04,442.75,176.47
2014-11-05,441.49,175.68
2014-11-06,440.54,172.76
2014-11-07,451.07,175.79
2014-11-10,449.46,175.91
2014-11-11,453.57,176.97
2014-11-12,453.99,177.34
2014-11-13,464.89,179.08
2014-11-14,478.06,184.29
2014-11-17,462.71,177.83
2014-11-18,468.05,180.78
2014-11-19,495.93,192.22
2014-11-20,473.98,184.29
2014-11-21,466.54,185.58
2014-11-24,479.06,187.86
2014-11-25,480.16,189.19
2014-11-26,468.61,187.07
2014-11-27,464.07,184.23
2014-11-28,448.5,174.72
2014-12-01,455.46,178.4
2014-12-02,459.18,178.39
2014-12-03,466.72,182.67
2014-12-04,459.55,177.71
2014-12-05,453.81,174.81
2014-12-08,447.22,171.28
2014-12-09,454.94,175.31
2014-12-10,453.04,173.44
2014-12-11,452.62,170.74
2014-12-12,452.87,170.32
2014-12-15,454.43,169.12
2014-12-16,453.18,165.33
2014-12-17,451.11,166.95
2014-12-18,458.6,172.79
2014-12-19,459.69,173.08
2014-12-22,457.14,171.73
2014-12-23,452.2,167.05
2014-12-26,450.29,168.21
2014-12-29,457.85,169.32
2014-12-30,454.13,171.05
2015-01-02,450.59,167.38
2015-01-05,459.38,169.14
2015-01-06,469.24,173.92
2015-01-07,472.96,174.72
2015-01-08,493.53,184.98
2015-01-09,493.9,187.16
2015-01-12,499.31,187.15
2015-01-13,490.92,186.45
2015-01-14,494.51,188.74
2015-01-15,490.22,186.11
2015-01-16,476.2,181.69
2015-01-19,472.64,178.35
2015-01-20,452.19,172.86
2015-01-21,447.34,171.66
2015-01-22,440.45,170.98
2015-01-23,442.78,171.49
2015-01-26,442.19,170.93
2015-01-27,449.05,174.66
2015-01-28,455.93,177.06
2015-01-29,445.68,170.89
2015-01-30,445.43,165.9
2015-02-02,456.06,168.1
2015-02-03,442.69,164.33
2015-02-04,469.05,170.75
2015-02-05,475.12,173.27
2015-02-06,482.9,174.21
2015-02-09,483.6,173.96
2015-02-10,463.8,163.83
2015-02-11,475.0,165.51
2015-02-12,482.45,170.42
2015-02-13,487.83,172.07
2015-02-18,455.34,160.11
2015-02-19,451.33,157.53
2015-02-20,462.52,161.05
2015-02-23,450.66,156.81
2015-02-24,446.11,157.41
2015-02-25,432.93,150.9
2015-02-26,430.49,149.58
2015-02-27,432.0,151.26
2015-03-02,432.4,149.47
2015-03-03,425.34,145.71
2015-03-04,431.45,144.83
2015-03-05,428.64,142.45
2015-03-06,442.03,144.93
2015-03-09,435.25,139.37
2015-03-10,429.29,138.08
2015-03-11,429.07,137.3
2015-03-12,432.05,136.98
2015-03-13,431.77,132.44
2015-03-16,462.5,142.48
2015-03-17,462.46,142.47
2015-03-18,468.08,145.59
2015-03-19,482.39,146.4
2015-03-20,470.81,145.45
2015-03-23,457.53,145.2
2015-03-24,452.37,144.76
2015-03-25,458.58,143.44
2015-03-26,458.89,143.94
2015-03-27,458.58,141.71
2015-03-30,441.23,137.07
2015-03-31,445.53,139.23
2015-04-01,451.7,142.36
2015-04-02,463.88,148.35
2015-04-06,470.14,150.45
2015-04-07,461.3,147.71
2015-04-08,445.4,145.79
2015-04-09,442.39,144.19
2015-04-10,438.67,142.1
2015-04-13,439.04,140.72
2015-04-14,442.6,144.54
2015-04-15,445.87,146.67
2015-04-16,450.22,149.57
2015-04-17,452.44,148.63
2015-04-20,452.78,149.73
2015-04-22,456.47,151.55
2015-04-23,450.88,151.41
2015-04-24,442.68,149.7
2015-04-27,418.76,143.46
2015-04-28,426.3,145.0
2015-04-29,426.49,144.38
2015-04-30,435.7,144.75
2015-05-04,430.33,139.4
2015-05-05,432.85,140.86
2015-05-06,420.12,138.02
2015-05-07,421.97,139.54
2015-05-08,430.66,144.42
2015-05-11,426.87,140.0
2015-05-12,427.3,141.3
2015-05-13,426.77,140.43
2015-05-14,425.47,142.01
2015-05-15,428.58,143.05
2015-05-18,436.32,144.52
2015-05-19,431.29,141.92
2015-05-20,427.77,142.35
2015-05-21,415.64,136.68
2015-05-22,414.66,134.28
2015-05-25,410.75,132.54
2015-05-26,402.21,127.6
2015-05-27,408.47,129.88
2015-05-28,409.83,129.65
2015-05-29,411.05,129.06
2015-06-01,427.67,134.66
2015-06-02,437.57,139.62
2015-06-03,438.46,139.99
2015-06-05,436.95,138.71
2015-06-08,434.76,139.7
2015-06-09,434.86,140.37
2015-06-10,435.12,139.64
2015-06-11,422.78,136.16
2015-06-12,429.78,137.97
2015-06-15,417.51,133.43
2015-06-16,423.9,137.1
2015-06-17,411.54,134.45
2015-06-18,414.28,135.61
2015-06-19,411.06,132.56
2015-06-22,415.81,134.96
2015-06-23,410.98,133.31
2015-06-24,420.75,135.95
2015-06-25,423.5,135.74
2015-06-26,421.81,134.85
2015-06-29,418.28,134.32
2015-06-30,417.11,134.16
2015-07-01,411.96,131.03
2015-07-02,406.83,131.32
2015-07-03,407.45,129.93
2015-07-06,403.67,128.19
2015-07-07,406.54,127.72
2015-07-08,411.38,127.44
2015-07-09,409.94,127.55
2015-07-10,411.6,130.0
2015-07-13,415.93,132.76
2015-07-14,422.31,134.58
2015-07-15,417.61,133.29
2015-07-16,416.93,132.23
2015-07-17,416.89,130.61
2015-07-20,411.61,128.67
2015-07-21,411.85,130.0
2015-07-22,412.49,127.82
2015-07-23,410.43,124.71
2015-07-24,414.6,123.8
2015-07-27,414.49,123.32
2015-07-28,413.58,122.72
2015-07-29,421.51,126.58
2015-07-30,428.62,126.81
2015-07-31,435.24,127.38
2015-08-03,432.57,125.35
2015-08-04,437.44,126.43
2015-08-05,437.96,125.53
2015-08-06,444.17,125.61
2015-08-07,451.64,128.67
2015-08-10,462.24,133.98
2015-08-11,478.23,136.64
2015-08-12,465.76,134.11
2015-08-13,476.6,135.86
2015-08-14,482.93,138.57
2015-08-17,482.37,138.41
2015-08-18,477.41,137.7
2015-08-19,464.27,133.37
2015-08-20,461.87,133.8
2015-08-21,449.21,128.6
2015-08-24,437.59,122.95
2015-08-25,437.12,121.69
2015-08-26,440.97,122.39
2015-08-27,448.55,125.89
2015-08-28,440.65,122.98
2015-08-31,445.05,122.5
2015-09-01,447.78,121.32
2015-09-02,448.11,119.4
2015-09-03,451.98,120.4
2015-09-04,453.33,117.75
2015-09-08,446.8,117.02
2015-09-09,452.5,119.14
2015-09-10,440.74,114.12
2015-09-11,442.83,114.16
2015-09-14,458.96,120.18
2015-09-15,450.97,116.95
2015-09-16,455.47,118.83
2015-09-17,457.11,118.36
2015-09-18,456.27,115.51
2015-09-21,453.23,113.96
2015-09-22,452.41,111.71
2015-09-23,464.0,112.21
2015-09-24,472.24,116.72
2015-09-25,476.73,120.11
2015-09-28,465.85,114.18
2015-09-29,475.83,117.11
2015-09-30,472.9,119.0
2015-10-01,475.93,119.28
2015-10-02,478.7,121.41
2015-10-05,487.84,125.02
2015-10-06,484.52,126.05
2015-10-07,473.73,122.22
2015-10-08,481.37,126.34
2015-10-09,489.05,130.38
2015-10-13,497.26,128.42
2015-10-14,498.97,130.65
2015-10-15,500.81,131.79
2015-10-16,479.95,124.99
2015-10-19,474.27,121.95
2015-10-20,473.42,121.2
2015-10-21,469.62,119.04
2015-10-22,469.24,119.52
2015-10-23,467.28,120.31
2015-10-26,463.68,118.53
2015-10-27,465.22,119.35
2015-10-28,468.66,119.47
2015-10-29,468.79,121.51
2015-10-30,471.99,122.15
2015-11-03,469.63,124.79
2015-11-04,474.53,124.88
2015-11-05,474.14,125.47
2015-11-06,466.35,123.37
2015-11-09,469.59,123.54
2015-11-10,468.9,123.65
2015-11-11,469.27,124.44
2015-11-12,465.34,123.69
2015-11-13,458.27,119.65
2015-11-16,463.14,121.43
2015-11-17,461.93,120.86
2015-11-18,461.94,122.3
2015-11-19,470.87,125.87
2015-11-20,479.07,129.58
2015-11-23,470.45,126.06
2015-11-24,474.0,128.21
2015-11-25,475.54,126.78
2015-11-26,475.69,126.85
2015-11-27,473.7,124.46
2015-11-30,465.53,119.83
2015-12-01,463.61,120.01
2015-12-02,466.82,121.41
2015-12-03,474.45,126.52
2015-12-04,483.65,129.6
2015-12-07,480.3,127.54
2015-12-08,480.31,126.03
2015-12-09,483.48,129.17
2015-12-10,483.23,126.97
2015-12-11,476.79,123.33
2015-12-14,475.78,122.34
2015-12-15,472.1,121.64
2015-12-16,477.31,121.7
2015-12-17,476.53,122.44
2015-12-18,480.74,121.8
2015-12-21,479.85,119.54
2015-12-22,484.78,121.41
2015-12-23,485.31,122.8
2015-12-28,481.44,124.5
2015-12-29,484.35,124.83
2015-12-30,495.55,125.17
2016-01-04,496.87,122.74
2016-01-05,504.26,126.32
2016-01-06,497.49,123.81
2016-01-07,496.31,122.73
2016-01-08,502.6,124.59
2016-01-11,483.32,119.37
2016-01-12,483.77,119.75
2016-01-13,490.33,122.55
2016-01-14,478.71,119.86
2016-01-15,480.13,118.55
2016-01-18,481.87,119.54
2016-01-19,483.69,119.46
2016-01-20,475.22,115.46
2016-01-21,488.15,117.54
2016-01-22,494.29,120.35
2016-01-25,495.71,120.74
2016-01-26,497.31,122.34
2016-01-27,498.26,122.03
2016-01-28,500.75,122.97
2016-01-29,497.22,123.53
2016-02-01,492.63,124.09
2016-02-02,499.13,125.35
2016-02-03,496.98,126.72
2016-02-04,499.49,128.37
2016-02-05,496.82,126.97
2016-02-10,482.28,122.56
2016-02-11,482.19,121.25
2016-02-12,490.88,122.87
2016-02-15,487.98,122.24
2016-02-16,489.23,120.38
2016-02-17,487.04,122.52
2016-02-18,487.77,120.79
2016-02-19,491.55,121.7
2016-02-22,494.61,125.44
2016-02-23,494.74,124.93
2016-02-24,482.08,121.92
2016-02-25,485.61,123.22
2016-02-26,485.04,121.41
2016-02-29,480.61,120.27
2016-03-01,477.33,121.03
2016-03-02,477.77,122.76
2016-03-03,479.7,125.77
2016-03-04,479.04,127.1
2016-03-07,482.23,127.3
2016-03-08,483.18,128.75
2016-03-09,486.83,131.58
2016-03-10,482.98,132.61
2016-03-11,490.55,136.15
2016-03-14,493.15,135.3
2016-03-15,496.42,132.17
2016-03-16,504.17,134.48
2016-03-17,509.09,139.67
2016-03-18,507.6,141.39
2016-03-21,499.54,138.34
2016-03-22,505.38,140.74
2016-03-23,495.81,134.95
2016-03-24,495.9,134.39
2016-03-28,492.74,135.78
2016-03-29,490.53,135.02
2016-03-30,486.32,134.31
2016-03-31,487.18,135.18
2016-04-01,485.07,135.91
2016-04-04,473.75,131.49
2016-04-05,472.65,128.79
2016-04-06,471.81,129.33
2016-04-07,473.11,128.25
2016-04-08,471.94,130.98
2016-04-11,470.8,134.67
2016-04-12,469.64,133.69
2016-04-13,463.87,132.92
2016-04-14,465.86,133.79
2016-04-15,464.92,132.3
2016-04-18,470.38,130.52
2016-04-19,468.32,132.48
2016-04-20,467.94,132.56
2016-04-22,459.57,128.62
2016-04-25,460.67,129.77
2016-04-26,463.14,131.46
2016-04-27,456.78,129.69
2016-04-28,453.76,129.79
2016-04-29,450.15,130.9
2016-05-02,451.72,129.39
2016-05-03,453.94,127.33
2016-05-04,453.06,128.2
2016-05-05,455.15,128.36
2016-05-06,460.34,131.6
2016-05-09,464.17,131.64
2016-05-10,465.61,134.18
2016-05-11,466.44,135.36
2016-05-12,469.06,135.18
2016-05-13,468.37,133.02
2016-05-16,475.14,135.91
2016-05-17,475.54,136.34
2016-05-18,469.4,131.85
2016-05-19,458.79,128.55
2016-05-20,452.58,127.85
2016-05-23,455.09,127.08
2016-05-24,454.25,126.85
2016-05-25,452.57,125.82
2016-05-27,454.06,125.92
2016-05-30,455.25,127.34
2016-05-31,457.17,126.36
2016-06-01,458.16,127.52
2016-06-02,460.72,128.55
2016-06-03,467.25,132.48
2016-06-06,477.19,136.61
2016-06-07,480.08,139.19
2016-06-08,488.18,144.82
2016-06-09,475.46,140.01
2016-06-10,483.06,140.92
2016-06-13,488.02,140.28
2016-06-14,486.32,139.35
2016-06-15,492.52,142.18
2016-06-16,494.84,142.65
2016-06-17,492.98,144.06
2016-06-20,481.96,141.88
2016-06-21,486.28,142.98
2016-06-22,489.42,144.97
2016-06-23,496.64,148.29
2016-06-24,487.75,144.56
2016-06-27,488.57,143.82
2016-06-28,493.03,149.27
2016-06-29,498.35,154.0
2016-06-30,500.41,155.7
2016-07-01,502.27,155.45
2016-07-04,502.05,153.81
2016-07-05,500.88,151.74
2016-07-06,494.59,148.26
2016-07-07,498.33,148.4
2016-07-08,498.74,151.69
2016-07-11,510.12,154.16
2016-07-12,505.64,153.74
2016-07-13,507.58,154.85
2016-07-14,510.01,156.83
2016-07-15,503.56,154.85
2016-07-18,503.21,154.88
2016-07-19,501.26,153.9
2016-07-20,501.38,154.32
2016-07-21,502.54,153.03
2016-07-22,485.45,148.91
2016-07-25,484.7,147.32
2016-07-26,487.23,148.95
2016-07-27,485.63,148.74
2016-07-28,489.49,148.65
2016-07-29,494.19,152.58
2016-08-01,489.81,149.7
2016-08-02,490.05,149.95
2016-08-03,486.7,150.31
2016-08-04,481.93,150.65
2016-08-05,484.6,153.11
2016-08-08,483.7,152.83
2016-08-09,476.01,151.74
2016-08-10,471.52,150.98
2016-08-11,466.18,148.56
2016-08-12,471.13,147.83
2016-08-15,469.15,147.49
2016-08-16,468.44,147.08
2016-08-17,468.42,145.92
2016-08-18,472.4,145.85
2016-08-19,475.34,148.08
2016-08-22,480.52,150.02
2016-08-23,487.62,150.87
2016-08-24,471.89,146.37
2016-08-25,481.09,149.04
2016-08-26,482.49,147.55
2016-08-29,483.21,149.46
2016-08-30,489.21,150.76
2016-08-31,486.45,150.93
2016-09-01,501.02,154.25
2016-09-02,499.92,153.87
2016-09-05,498.64,152.12
2016-09-06,498.62,155.38
2016-09-08,501.36,156.14
2016-09-09,499.16,152.37
2016-09-12,496.81,153.1
2016-09-13,498.6,150.41
2016-09-14,499.14,149.53
2016-09-15,502.93,152.13
2016-09-16,500.98,153.49
2016-09-19,508.03,155.27
2016-09-20,514.24,158.13
2016-09-21,509.65,158.62
2016-09-22,510.68,158.65
2016-09-23,496.42,153.36
2016-09-26,504.65,155.47
2016-09-27,506.98,157.01
2016-09-28,508.5,157.67
2016-09-29,502.48,154.28
2016-09-30,503.07,154.74
2016-10-03,492.44,153.89
2016-10-04,497.11,152.72
2016-10-05,496.75,154.22
2016-10-06,492.05,152.62
2016-10-07,491.59,152.91
2016-10-10,505.54,157.78
2016-10-11,503.77,157.53
2016-10-13,498.77,156.9
2016-10-14,509.27,159.0
2016-10-17,510.46,159.32
2016-10-18,515.16,161.95
2016-10-19,512.61,161.71
2016-10-20,507.5,161.73
2016-10-21,509.61,161.02
2016-10-24,512.09,164.18
2016-10-25,526.71,169.47
2016-10-26,529.03,168.32
2016-10-27,535.27,169.77
2016-10-28,540.4,169.03
2016-10-31,535.3,168.07
2016-11-01,538.88,166.32
2016-11-03,547.52,169.2
2016-11-04,567.17,176.14
2016-11-07,577.74,180.26
2016-11-08,561.69,177.08
2016-11-09,562.56,175.03
2016-11-10,562.61,167.29
2016-11-11,563.29,165.29
2016-11-14,563.25,163.69
2016-11-16,564.72,164.74
2016-11-17,564.63,165.14
2016-11-18,567.32,167.8
2016-11-21,556.05,165.89
2016-11-22,559.99,166.76
2016-11-23,550.79,162.52
2016-11-24,552.63,163.06
2016-11-25,549.78,161.08
2016-11-28,549.13,162.32
2016-11-29,539.71,158.88
2016-11-30,535.43,158.13
2016-12-01,526.27,151.62
2016-12-02,528.18,152.48
2016-12-05,521.71,152.19
2016-12-06,518.86,152.29
2016-12-07,511.02,149.73
2016-12-08,511.5,151.15
2016-12-09,500.74,148.72
2016-12-12,497.76,148.76
2016-12-13,502.75,151.25
2016-12-14,501.93,150.23
2016-12-15,497.37,147.46
2016-12-16,492.98,145.38
2016-12-19,499.42,148.11
2016-12-20,502.71,150.2
2016-12-21,502.75,151.07
2016-12-22,494.76,150.06
2016-12-23,490.23,149.87
2016-12-26,489.13,149.31
2016-12-27,479.45,146.35
2016-12-28,482.62,147.05
2016-12-29,485.67,149.48
2017-01-02,481.58,146.6
2017-01-03,472.28,145.01
2017-01-04,491.74,152.62
2017-01-05,501.39,156.78
2017-01-06,505.41,156.86
2017-01-09,504.4,157.87
2017-01-10,509.37,159.48
2017-01-11,513.61,161.31
2017-01-12,515.74,162.64
2017-01-13,516.55,160.77
2017-01-16,515.06,159.17
2017-01-17,519.18,161.74
2017-01-18,519.45,161.37
2017-01-19,521.97,163.27
2017-01-20,525.37,165.31
2017-01-23,530.42,167.48
2017-01-24,528.04,166.63
2017-01-25,533.36,168.31
2017-01-26,531.8,167.28
2017-01-27,532.73,168.96
2017-01-30,523.9,168.08
2017-01-31,519.75,165.16
2017-02-01,522.63,165.97
2017-02-02,512.82,164.47
2017-02-03,514.46,165.21
2017-02-06,507.9,162.58
2017-02-07,503.76,161.36
2017-02-08,510.37,163.79
2017-02-09,513.38,164.02
2017-02-10,512.5,164.95
2017-02-13,509.94,163.91
2017-02-14,505.42,163.2
2017-02-15,500.32,163.18
2017-02-16,501.31,162.92
2017-02-17,503.45,162.82
2017-02-20,501.43,162.54
2017-02-21,510.59,165.35
2017-02-22,510.67,166.4
2017-02-23,510.09,166.7
2017-02-24,504.73,162.29
2017-03-01,492.64,159.22
2017-03-02,492.11,156.38
2017-03-03,492.31,158.05
2017-03-06,490.09,156.83
2017-03-07,488.8,156.92
2017-03-08,492.72,155.88
2017-03-09,491.02,153.78
2017-03-10,491.75,156.61
2017-03-13,491.01,155.78
2017-03-14,490.58,154.46
2017-03-15,488.66,156.92
2017-03-16,488.43,156.6
2017-03-17,488.7,157.7
2017-03-20,489.94,159.64
2017-03-21,490.45,159.03
2017-03-22,484.29,156.47
2017-03-23,482.03,153.71
2017-03-24,472.83,152.18
2017-03-27,474.63,151.59
2017-03-28,477.62,152.06
2017-03-29,475.1,152.37
2017-03-30,475.04,151.43
2017-03-31,475.36,152.02
2017-04-03,476.12,152.99
2017-04-04,474.36,153.12
2017-04-05,471.31,151.84
2017-04-06,473.39,150.52
2017-04-07,473.4,150.1
2017-04-10,472.21,150.63
2017-04-11,473.86,150.43
2017-04-12,474.25,150.65
2017-04-13,473.27,150.48
2017-04-17,474.58,152.94
2017-04-18,479.24,153.6
2017-04-19,468.37,149.16
2017-04-20,461.71,146.34
2017-04-24,455.23,145.35
2017-04-25,452.38,143.52
2017-04-26,453.92,142.97
2017-04-27,452.04,142.38
2017-04-28,457.68,144.24
2017-05-02,457.39,145.02
2017-05-03,460.07,145.78
2017-05-04,455.62,143.05
2017-05-05,459.44,144.75
2017-05-08,462.07,144.53
2017-05-09,454.11,142.67
2017-05-10,458.39,144.83
2017-05-11,454.18,144.09
2017-05-12,456.0,145.87
2017-05-15,451.94,145.41
2017-05-16,444.43,143.46
2017-05-17,448.55,143.72
2017-05-18,458.21,135.48
2017-05-19,457.95,140.47
2017-05-22,454.86,138.72
2017-05-23,453.75,139.06
2017-05-24,453.09,138.18
2017-05-25,456.99,138.94
2017-05-26,458.95,140.48
2017-05-29,457.6,139.94
2017-05-30,458.54,140.57
2017-05-31,453.01,139.95
2017-06-01,451.23,138.93
2017-06-02,447.03,137.51
2017-06-05,455.87,138.65
2017-06-06,450.62,137.43
2017-06-07,447.75,136.63
2017-06-08,451.41,138.34
2017-06-09,452.53,137.88
2017-06-12,455.24,137.41
2017-06-13,451.04,136.47
2017-06-14,450.27,136.9
2017-06-16,446.42,135.77
2017-06-19,447.6,136.09
2017-06-20,445.37,133.59
2017-06-21,439.65,132.03
2017-06-22,424.37,127.36
2017-06-23,435.75,130.5
2017-06-26,439.36,133.1
2017-06-27,441.5,133.06
2017-06-28,440.51,134.1
2017-06-29,443.49,134.27
2017-06-30,445.86,134.62
2017-07-03,448.38,135.87
2017-07-04,445.81,134.77
2017-07-05,452.52,137.38
2017-07-06,449.59,136.28
2017-07-07,447.23,136.18
2017-07-10,446.63,137.0
2017-07-11,442.86,136.1
2017-07-12,441.4,137.68
2017-07-13,450.22,140.17
2017-07-14,455.56,143.21
2017-07-17,455.1,143.02
2017-07-18,451.34,143.05
2017-07-19,456.78,145.19
2017-07-20,455.07,145.39
2017-07-21,455.84,145.26
2017-07-24,450.04,143.01
2017-07-25,445.67,140.64
2017-07-26,452.59,144.14
2017-07-27,458.84,145.34
2017-07-28,464.11,148.14
2017-07-31,464.41,149.04
2017-08-01,460.07,147.36
2017-08-02,467.19,149.64
2017-08-03,468.48,150.44
2017-08-04,467.85,149.71
2017-08-07,473.49,151.61
2017-08-08,478.66,153.22
2017-08-09,478.06,151.81
2017-08-10,471.79,148.92
2017-08-11,473.88,149.49
2017-08-14,466.94,146.33
2017-08-15,459.26,144.6
2017-08-16,455.78,144.65
2017-08-17,450.61,141.74
2017-08-18,451.73,143.64
2017-08-21,448.64,141.62
2017-08-22,448.96,141.76
2017-08-23,446.41,142.3
2017-08-24,443.36,141.02
2017-08-25,448.86,142.36
2017-08-28,451.59,142.86
2017-08-29,448.87,142.0
2017-08-30,445.43,141.0
2017-08-31,445.72,141.5
2017-09-01,445.47,141.73
2017-09-04,445.57,142.13
2017-09-05,443.98,142.39
2017-09-06,445.17,143.46
2017-09-08,445.43,144.06
2017-09-11,444.12,143.26
2017-09-12,448.83,143.44
2017-09-13,460.68,147.14
2017-09-14,462.28,148.36
2017-09-15,468.86,150.52
2017-09-18,468.52,149.59
2017-09-19,458.9,146.19
2017-09-20,461.31,147.29
2017-09-21,460.06,146.33
2017-09-22,459.69,147.05
2017-09-25,451.27,142.99
2017-09-26,450.23,142.07
2017-09-27,451.26,141.42
2017-09-28,449.1,141.18
2017-09-29,448.53,141.63
2017-10-02,445.1,141.12
2017-10-03,442.08,140.52
2017-10-04,438.28,140.03
2017-10-05,440.47,139.65
2017-10-06,448.55,142.08
2017-10-09,454.28,142.59
2017-10-10,454.45,142.95
2017-10-11,445.79,140.8
2017-10-13,444.54,141.08
2017-10-16,439.72,138.76
2017-10-17,440.54,139.06
2017-10-18,440.14,139.07
2017-10-19,445.65,140.36
2017-10-20,446.29,140.03
2017-10-23,443.85,137.63
2017-10-24,443.15,136.02
2017-10-25,444.47,137.05
2017-10-26,448.51,136.91
2017-10-27,455.06,140.23
2017-10-30,452.83,138.1
2017-10-31,451.2,137.77
2017-11-01,445.63,136.45
2017-11-03,446.92,135.43
2017-11-06,452.79,138.89
2017-11-07,449.09,136.88
2017-11-08,449.65,137.97
2017-11-09,452.4,138.99
2017-11-10,454.08,138.48
2017-11-13,455.25,138.16
2017-11-14,457.89,138.5
2017-11-16,453.72,138.5
2017-11-17,452.3,138.74
2017-11-20,449.03,137.64
2017-11-21,452.97,139.37
2017-11-22,451.73,139.64
2017-11-23,451.47,140.17
2017-11-24,454.06,140.62
2017-11-27,454.18,141.14
2017-11-28,457.98,142.63
2017-11-29,460.12,141.75
2017-11-30,456.27,139.23
2017-12-01,458.94,140.87
2017-12-04,454.98,140.3
2017-12-05,455.35,140.97
2017-12-06,452.54,139.63
2017-12-07,447.65,136.15
2017-12-08,443.6,134.42
2017-12-11,445.61,135.07
2017-12-12,440.83,132.5
2017-12-13,443.5,133.95
2017-12-14,445.64,133.39
2017-12-15,444.19,134.36
2017-12-18,445.45,135.11
2017-12-19,445.94,135.09
2017-12-20,447.15,135.87
2017-12-21,445.62,134.63
2017-12-22,443.34,133.14
2017-12-26,444.62,134.04
2017-12-27,448.24,135.38
2017-12-28,446.7,135.0
2018-01-02,455.34,139.68
2018-01-03,453.41,139.85
2018-01-04,454.29,140.78
2018-01-05,454.8,140.76
2018-01-08,449.1,138.87
2018-01-09,448.34,138.04
2018-01-10,448.24,138.86
2018-01-11,445.41,138.15
2018-01-12,443.64,138.29
2018-01-15,444.7,138.58
2018-01-16,442.55,137.06
2018-01-17,445.29,138.5
2018-01-18,443.82,138.22
2018-01-19,443.86,138.75
2018-01-22,445.71,138.94
2018-01-23,443.62,136.84
2018-01-24,443.31,139.54
2018-01-25,441.12,140.53
2018-01-26,444.62,141.33
2018-01-29,443.88,140.2
2018-01-30,442.06,139.14
2018-01-31,444.18,139.37
2018-02-01,439.89,138.81
2018-02-02,439.64,136.87
2018-02-05,440.31,135.69
2018-02-06,442.67,136.63
2018-02-07,442.33,134.94
2018-02-08,442.31,134.77
2018-02-09,444.83,134.47
2018-02-14,442.81,137.09
2018-02-15,441.95,136.53
2018-02-16,434.47,134.97
2018-02-19,433.9,134.17
2018-02-20,433.39,133.23
2018-02-21,433.9,133.47
2018-02-22,435.45,134.15
2018-02-23,435.47,134.36
2018-02-26,434.37,134.19
2018-02-27,435.7,134.18
2018-02-28,436.49,134.8
2018-03-01,437.48,134.36
2018-03-02,437.18,134.47
2018-03-05,429.48,132.27
2018-03-06,431.9,134.63
2018-03-07,432.83,133.38
2018-03-08,430.98,132.04
2018-03-09,430.28,132.39
2018-03-12,429.83,132.05
2018-03-13,434.54,133.13
2018-03-14,431.57,132.22
2018-03-15,426.73,129.67
2018-03-16,427.1,130.45
2018-03-19,427.36,130.02
2018-03-20,426.22,128.85
2018-03-21,427.16,130.59
2018-03-22,429.91,130.2
2018-03-23,424.28,128.03
2018-03-26,425.43,128.8
2018-03-27,429.78,129.06
2018-03-28,428.96,128.82
2018-03-29,427.18,129.41
2018-04-02,424.46,127.93
2018-04-03,426.01,127.7
2018-04-04,425.57,127.53
2018-04-05,425.44,127.26
2018-04-06,428.07,127.02
2018-04-09,429.15,126.18
2018-04-10,431.07,126.56
2018-04-11,429.5,127.11
2018-04-12,433.34,127.38
2018-04-13,430.78,125.85
2018-04-16,428.19,125.13
2018-04-17,428.92,126.01
2018-04-18,425.59,125.99
2018-04-19,427.57,126.16
2018-04-20,427.02,125.15
2018-04-23,432.81,125.53
2018-04-24,437.75,126.19
2018-04-25,436.6,125.21
2018-04-26,437.32,125.7
2018-04-27,439.13,126.84
2018-04-30,440.67,125.69
2018-05-02,449.3,126.63
2018-05-03,453.95,128.74
2018-05-04,451.15,128.09
2018-05-07,445.31,125.3
2018-05-08,447.24,125.24
2018-05-09,445.49,123.61
2018-05-10,444.31,125.3
2018-05-11,448.47,124.47
2018-05-14,443.0,122.21
2018-05-15,445.21,121.58
2018-05-16,445.28,121.07
2018-05-17,452.17,122.04
2018-05-18,455.8,121.77
2018-05-21,458.01,124.22
2018-05-22,455.47,125.13
2018-05-23,451.98,124.62
2018-05-24,454.34,124.61
2018-05-25,456.17,124.2
2018-05-28,454.95,121.74
2018-05-29,457.17,122.04
2018-05-30,456.63,122.09
2018-06-01,459.52,122.08
2018-06-04,458.06,122.48
2018-06-05,459.14,120.48
2018-06-06,460.5,120.61
2018-06-07,465.92,118.86
2018-06-08,455.68,122.59
2018-06-11,451.09,121.29
2018-06-12,455.19,122.49
2018-06-13,449.82,121.02
2018-06-14,450.93,118.76
2018-06-15,449.29,120.71
2018-06-18,448.99,119.79
2018-06-19,446.42,119.27
2018-06-20,446.05,118.1
2018-06-21,447.97,118.89
2018-06-22,445.34,117.94
2018-06-25,449.58,118.87
2018-06-26,450.63,118.71
2018-06-27,451.51,117.22
2018-06-28,450.12,116.55
2018-06-29,451.14,116.42
2018-07-02,445.88,114.01
2018-07-03,445.56,114.45
2018-07-04,446.06,114.02
2018-07-05,441.79,112.33
2018-07-06,443.08,113.43
2018-07-09,447.56,115.67
2018-07-10,444.53,117.04
2018-07-11,444.84,114.65
2018-07-12,443.5,114.16
2018-07-13,441.86,114.71
2018-07-16,444.21,115.05
2018-07-17,441.1,114.84
2018-07-18,431.85,112.67
2018-07-19,434.8,112.47
2018-07-20,434.76,114.99
2018-07-23,437.73,115.62
2018-07-24,434.48,116.05
2018-07-25,433.78,117.05
2018-07-26,430.71,115.13
2018-07-27,432.78,116.56
2018-07-30,432.52,116.02
2018-07-31,430.02,114.55
2018-08-01,426.83,113.7
2018-08-02,421.88,112.29
2018-08-03,420.04,113.37
2018-08-06,421.53,113.04
2018-08-07,422.75,112.34
2018-08-08,420.56,111.56
2018-08-09,423.83,111.54
2018-08-10,426.36,110.51
2018-08-13,427.63,109.62
2018-08-14,426.15,110.23
2018-08-15,424.4,108.79
2018-08-16,416.55,106.75
2018-08-17,415.24,105.95
2018-08-20,410.34,103.67
2018-08-21,408.01,101.42
2018-08-22,408.15,100.58
2018-08-23,415.58,100.99
2018-08-24,425.5,103.68
2018-08-27,426.77,104.47
2018-08-28,424.23,102.37
2018-08-29,425.67,103.37
2018-08-30,426.13,102.43
2018-08-31,422.44,103.84
2018-09-03,423.4,102.05
2018-09-04,421.64,101.48
2018-09-05,426.68,103.26
2018-09-06,424.5,103.16
2018-09-10,421.94,103.04
2018-09-11,422.04,101.45
2018-09-12,422.52,101.89
2018-09-13,422.28,100.59
2018-09-14,418.56,100.49
2018-09-17,414.08,100.51
2018-09-18,412.02,99.74
2018-09-19,406.31,98.5
2018-09-20,411.32,100.91
2018-09-21,409.74,101.42
2018-09-24,406.47,99.58
2018-09-25,408.78,100.12
2018-09-26,403.95,100.36
2018-09-27,404.51,101.46
2018-09-28,411.69,101.83
2018-10-01,417.71,103.91
2018-10-02,425.0,108.14
2018-10-03,423.86,108.74
2018-10-04,425.22,109.28
2018-10-05,430.81,111.47
2018-10-08,431.79,114.81
2018-10-09,433.63,116.88
2018-10-10,433.03,115.23
2018-10-11,431.12,114.35
2018-10-15,449.66,120.36
2018-10-16,443.81,119.3
2018-10-17,454.49,123.43
2018-10-18,455.67,122.85
2018-10-19,458.1,123.51
2018-10-22,447.39,121.24
2018-10-23,456.81,123.53
2018-10-24,456.48,122.25
2018-10-25,455.9,123.22
2018-10-26,453.26,124.25
2018-10-29,440.66,118.81
2018-10-30,442.26,119.69
2018-10-31,440.42,118.74
2018-11-01,446.22,120.99
2018-11-05,447.45,120.32
2018-11-06,445.56,118.69
2018-11-07,446.82,119.44
2018-11-08,451.11,120.52
2018-11-09,445.33,119.2
2018-11-12,435.84,116.22
2018-11-13,435.63,114.04
2018-11-14,444.24,117.28
2018-11-16,441.19,118.09
2018-11-19,436.39,115.97
2018-11-20,440.47,117.17
2018-11-21,440.34,116.34
2018-11-22,438.82,115.33
2018-11-23,435.32,114.08
2018-11-26,436.14,111.72
2018-11-27,446.3,114.82
2018-11-28,443.71,115.52
2018-11-29,442.45,114.83
2018-11-30,432.54,112.12
2018-12-03,432.39,112.92
2018-12-04,430.06,111.41
2018-12-05,428.08,110.64
2018-12-06,429.43,110.42
2018-12-07,427.62,110.16
2018-12-10,427.61,109.0
2018-12-11,419.85,107.21
2018-12-12,419.58,108.98
2018-12-13,420.01,108.33
2018-12-14,418.5,107.23
2018-12-17,414.53,106.43
2018-12-18,413.37,105.97
2018-12-19,412.39,106.45
2018-12-20,412.53,107.12
2018-12-21,413.1,106.17
2018-12-26,417.17,106.45
2018-12-27,414.14,106.24
2018-12-28,415.45,107.21
2019-01-02,407.8,106.89
2019-01-03,406.66,108.27
2019-01-04,407.57,109.74
2019-01-07,405.63,108.78
2019-01-08,411.77,110.99
2019-01-09,411.99,111.8
2019-01-10,409.93,110.22
2019-01-11,408.58,109.98
2019-01-14,407.67,110.3
2019-01-15,402.67,107.98
2019-01-16,404.07,108.36
2019-01-17,407.61,108.93
2019-01-18,415.41,110.57
2019-01-21,417.27,110.98
2019-01-22,412.64,108.67
2019-01-23,413.97,109.89
2019-01-24,418.21,110.93
2019-01-25,418.56,111.24
2019-01-28,413.73,109.92
2019-01-29,410.74,110.3
2019-01-30,411.55,110.54
2019-01-31,415.13,113.7
2019-02-01,415.64,113.56
2019-02-04,417.87,113.83
2019-02-05,418.51,114.25
2019-02-06,420.46,113.61
2019-02-07,418.48,112.92
2019-02-08,418.21,112.0
2019-02-11,409.73,108.97
2019-02-12,408.98,110.33
2019-02-13,408.62,108.88
2019-02-14,405.12,108.24
2019-02-15,405.26,109.41
2019-02-18,404.19,108.24
2019-02-19,403.12,108.75
2019-02-20,402.51,108.0
2019-02-21,401.84,107.07
2019-02-22,403.63,108.07
2019-02-25,401.42,107.36
2019-02-26,396.32,105.74
2019-02-27,397.4,106.57
2019-02-28,396.68,105.78
2019-03-01,398.43,105.57
2019-03-06,400.33,104.31
2019-03-07,401.27,102.97
2019-03-08,403.09,104.21
2019-03-11,401.91,104.64
2019-03-12,395.58,103.8
2019-03-13,398.22,104.6
2019-03-14,399.14,103.78
2019-03-15,398.96,104.49
2019-03-18,395.22,104.31
2019-03-19,393.28,103.93
2019-03-20,387.99,103.46
2019-03-21,388.89,102.5
2019-03-22,389.35,99.73
2019-03-25,390.88,101.29
2019-03-26,392.84,101.59
2019-03-27,394.11,99.77
2019-03-28,393.99,100.76
2019-03-29,393.08,100.4
2019-04-01,387.09,99.95
2019-04-02,384.58,99.74
2019-04-03,392.46,101.41
2019-04-04,392.56,101.91
2019-04-05,388.85,100.58
2019-04-08,385.4,100.18
2019-04-09,389.57,101.06
2019-04-10,389.32,101.97
2019-04-11,376.92,97.7
2019-04-12,377.13,97.02
2019-04-15,380.58,98.34
2019-04-16,381.09,97.79
2019-04-17,375.48,95.49
2019-04-18,382.11,97.23
2019-04-22,383.57,97.57
2019-04-23,384.33,97.99
2019-04-24,384.41,96.44
2019-04-25,384.32,97.2
2019-04-26,383.0,97.43
2019-04-29,381.97,96.92
2019-04-30,386.67,98.67
2019-05-02,382.13,96.5
2019-05-03,382.47,97.17
2019-05-06,381.01,96.29
2019-05-07,376.64,94.9
2019-05-08,376.58,95.85
2019-05-09,380.81,96.43
2019-05-10,382.45,97.04
2019-05-13,380.66,95.57
2019-05-14,383.24,96.46
2019-05-15,384.08,96.21
2019-05-16,385.13,95.38
2019-05-17,384.26,93.72
2019-05-20,383.04,93.38
2019-05-21,389.37,96.09
2019-05-22,388.47,96.11
2019-05-23,391.64,96.82
2019-05-24,392.17,97.7
2019-05-27,391.77,97.14
2019-05-28,400.97,99.82
2019-05-29,409.81,103.1
2019-05-30,414.31,104.2
2019-05-31,417.8,106.42
2019-06-03,422.55,108.46
2019-06-04,427.58,110.83
2019-06-05,403.57,103.48
2019-06-06,413.84,106.69
2019-06-07,411.63,106.31
2019-06-10,408.39,105.31
2019-06-11,405.25,105.34
2019-06-12,407.84,105.71
2019-06-13,403.44,104.63
2019-06-14,403.38,103.62
2019-06-17,401.64,102.96
2019-06-18,396.8,102.77
2019-06-19,397.42,103.15
2019-06-21,402.12,105.27
2019-06-24,410.65,107.39
2019-06-25,424.04,110.11
2019-06-26,423.57,110.08
2019-06-27,428.69,111.9
2019-06-28,434.39,113.24
2019-07-01,440.87,114.66
2019-07-02,438.08,113.7
2019-07-03,452.92,118.53
2019-07-04,451.45,118.99
2019-07-05,443.63,116.22
2019-07-08,433.2,113.82
2019-07-09,432.27,114.18
2019-07-10,422.98,112.7
2019-07-11,422.18,112.58
2019-07-12,421.59,112.69
2019-07-15,430.26,114.52
2019-07-16,415.95,110.54
2019-07-17,422.54,112.41
2019-07-18,426.0,114.24
2019-07-19,424.77,113.36
2019-07-22,415.99,111.29
2019-07-23,408.85,108.36
2019-07-24,408.96,108.45
2019-07-25,408.98,108.11
2019-07-26,405.8,107.7
2019-07-29,409.25,108.3
2019-07-30,405.28,106.82
2019-07-31,402.56,105.99
2019-08-01,400.7,104.29
2019-08-02,407.25,104.85
2019-08-05,402.81,101.69
2019-08-06,404.66,102.29
2019-08-07,407.06,102.38
2019-08-08,410.31,104.54
2019-08-09,408.13,103.61
2019-08-12,402.43,101.16
2019-08-13,405.06,102.21
2019-08-14,408.46,101.18
2019-08-15,409.13,102.46
2019-08-16,404.98,101.24
2019-08-19,401.37,98.71
2019-08-20,405.93,100.48
2019-08-21,406.26,100.96
2019-08-22,405.64,99.62
2019-08-23,409.89,99.56
2019-08-26,418.13,100.73
2019-08-27,419.23,101.04
2019-08-28,422.1,101.57
2019-08-29,415.64,99.84
2019-08-30,417.18,100.99
2019-09-02,417.58,99.85
2019-09-03,420.55,100.63
2019-09-04,418.66,102.01
2019-09-05,415.47,101.31
2019-09-06,416.63,102.29
2019-09-09,419.61,102.42
2019-09-10,431.28,105.22
2019-09-11,437.66,107.72
2019-09-12,439.65,108.37
2019-09-13,438.02,107.07
2019-09-16,440.51,107.71
2019-09-17,431.94,105.87
2019-09-18,432.57,105.22
2019-09-19,429.95,103.43
2019-09-20,433.0,104.26
2019-09-23,432.66,103.73
2019-09-24,432.86,103.73
2019-09-25,438.21,105.47
2019-09-26,437.5,105.17
2019-09-27,440.42,106.0
2019-09-30,438.49,105.64
2019-10-01,439.25,105.51
2019-10-02,437.29,105.75
2019-10-03,437.18,107.05
2019-10-04,426.74,105.08
2019-10-07,420.43,102.49
2019-10-08,415.74,101.65
2019-10-09,415.53,101.5
2019-10-10,411.92,99.93
2019-10-11,413.72,101.28
2019-10-14,414.88,100.53
2019-10-15,414.94,99.79
2019-10-16,413.31,99.4
2019-10-17,414.04,99.53
2019-10-18,419.99,102.06
2019-10-21,416.03,100.61
2019-10-22,422.18,103.65
2019-10-23,420.48,104.29
2019-10-24,417.81,103.52
2019-10-25,424.23,105.85
2019-10-28,422.64,105.95
2019-10-29,421.58,105.47
2019-10-30,424.07,106.31
2019-10-31,432.49,107.8
2019-11-01,438.38,109.62
2019-11-04,436.51,108.91
2019-11-05,445.87,111.72
2019-11-06,457.37,111.96
2019-11-07,462.84,113.22
2019-11-08,474.27,114.12
2019-11-11,464.62,112.31
2019-11-12,464.57,111.41
2019-11-13,473.13,113.0
2019-11-14,471.21,112.46
2019-11-18,466.89,111.16
2019-11-19,462.37,110.17
2019-11-20,475.8,113.19
2019-11-21,490.53,116.9
2019-11-22,489.53,116.8
2019-11-25,504.52,119.78
2019-11-26,499.61,117.72
2019-11-27,507.54,119.22
2019-11-28,506.68,120.24
2019-11-29,510.02,120.43
2019-12-02,522.45,123.86
2019-12-03,526.37,125.09
2019-12-04,524.09,124.64
2019-12-05,531.52,126.98
2019-12-06,536.7,129.54
2019-12-09,545.0,131.87
2019-12-10,557.99,134.62
2019-12-11,562.1,136.0
2019-12-12,568.74,139.23
2019-12-13,550.06,133.93
2019-12-16,571.63,140.76
2019-12-17,555.14,136.6
2019-12-18,554.39,136.31
2019-12-19,541.17,133.26
2019-12-20,543.29,132.61
2019-12-23,536.11,131.56
2019-12-26,539.83,132.87
2019-12-27,543.45,134.25
2019-12-30,548.21,136.51
2020-01-02,534.42,132.84
2020-01-03,534.07,131.77
2020-01-06,514.24,126.32
2020-01-07,509.5,125.49
2020-01-08,502.34,124.07
2020-01-09,498.57,121.99
2020-01-10,502.57,123.15
2020-01-13,493.84,119.37
2020-01-14,491.04,118.93
2020-01-15,489.77,117.25
2020-01-16,487.7,116.28
2020-01-17,488.66,117.44
2020-01-20,488.08,116.51
2020-01-21,485.12,115.51
2020-01-22,487.44,116.7
2020-01-23,488.23,117.22
2020-01-24,485.06,115.88
2020-01-27,475.01,112.96
2020-01-28,475.97,113.49
2020-01-29,471.06,111.57
2020-01-30,470.22,110.35
2020-01-31,473.81,110.63
2020-02-03,453.7,106.78
2020-02-04,452.94,106.4
2020-02-05,455.96,107.44
2020-02-06,458.7,107.25
2020-02-07,461.41,106.83
2020-02-10,464.85,107.43
2020-02-11,467.4,108.05
2020-02-12,469.31,107.96
2020-02-13,484.06,111.43
2020-02-14,498.94,116.03
2020-02-17,498.77,115.3
2020-02-18,488.0,111.98
2020-02-19,493.29,112.91
2020-02-20,486.89,111.01
2020-02-21,501.1,114.14
2020-02-26,505.14,113.79
2020-02-27,511.41,114.41
2020-02-28,522.42,116.3
2020-03-02,533.54,118.96
2020-03-03,548.53,121.63
2020-03-04,547.9,119.68
2020-03-05,537.74,115.69
2020-03-06,525.3,113.48
2020-03-09,532.71,112.27
2020-03-10,544.28,117.2
2020-03-11,541.48,114.38
2020-03-12,544.55,113.02
2020-03-13,540.39,111.37
2020-03-16,543.26,108.0
2020-03-17,538.1,107.6
2020-03-18,558.49,106.83
2020-03-19,569.41,111.67
2020-03-20,575.57,114.0
2020-03-23,576.11,112.1
2020-03-24,582.94,114.48
2020-03-25,589.87,117.69
2020-03-26,582.0,116.31
2020-03-27,566.67,112.03
2020-03-30,577.85,111.66
2020-03-31,581.56,111.92
2020-04-01,579.37,110.15
2020-04-02,587.78,111.64
2020-04-03,581.63,109.43
2020-04-06,582.3,109.83
2020-04-07,588.37,112.78
2020-04-08,588.51,114.25
2020-04-09,584.08,114.53
2020-04-13,584.78,112.96
2020-04-14,582.1,112.22
2020-04-15,590.34,112.75
2020-04-16,591.03,112.39
2020-04-17,588.06,112.16
2020-04-20,586.62,110.56
2020-04-22,585.7,108.32
2020-04-23,590.29,107.25
2020-04-24,585.13,103.18
2020-04-27,583.76,102.25
2020-04-28,582.91,106.02
2020-04-29,575.41,107.41
2020-04-30,573.02,105.2
2020-05-04,573.79,103.59
2020-05-05,583.41,104.24
2020-05-06,586.64,102.9
2020-05-07,587.73,100.33
2020-05-08,597.52,103.95
2020-05-11,591.67,101.4
2020-05-12,583.78,99.59
2020-05-13,583.34,98.62
2020-05-14,588.86,100.88
2020-05-15,593.87,101.83
2020-05-18,586.52,102.65
2020-05-19,582.91,101.66
2020-05-20,579.38,102.06
2020-05-21,575.2,103.19
2020-05-22,568.9,101.95
2020-05-25,569.15,104.36
2020-05-26,559.06,104.69
2020-05-27,542.37,102.49
2020-05-28,535.77,99.9
2020-05-29,513.3,96.12
2020-06-01,507.99,94.44
2020-06-02,502.31,96.23
2020-06-03,499.13,98.49
2020-06-04,493.35,96.43
2020-06-05,487.68,98.16
2020-06-08,472.84,97.07
2020-06-09,468.92,96.15
2020-06-10,465.57,94.68
2020-06-12,468.75,92.66
2020-06-15,467.09,90.7
2020-06-16,465.41,89.07
2020-06-17,474.03,90.03
2020-06-18,479.19,88.97
2020-06-19,478.8,90.25
2020-06-22,478.47,90.83
2020-06-23,480.12,93.32
2020-06-24,484.13,91.07
2020-06-25,477.89,89.76
2020-06-26,488.6,89.36
2020-06-29,500.17,92.01
2020-06-30,507.79,93.34
2020-07-01,510.69,96.16
2020-07-02,512.81,95.82
2020-07-03,510.08,95.97
2020-07-06,491.88,92.08
2020-07-07,491.09,91.28
2020-07-08,492.97,92.23
2020-07-09,492.33,92.27
2020-07-10,488.95,91.91
2020-07-13,496.71,92.46
2020-07-14,488.8,91.52
2020-07-15,485.62,90.23
2020-07-16,490.91,92.19
2020-07-17,504.38,93.65
2020-07-20,495.5,92.89
2020-07-21,495.13,95.27
2020-07-22,508.14,99.28
2020-07-23,509.02,97.78
2020-07-24,507.23,97.38
2020-07-27,512.79,99.2
2020-07-28,517.67,100.46
2020-07-29,531.75,102.85
2020-07-30,541.57,105.04
2020-07-31,561.4,107.69
2020-08-03,569.74,106.87
2020-08-04,578.99,109.28
2020-08-05,585.17,110.45
2020-08-06,570.46,106.55
2020-08-07,565.29,104.3
2020-08-10,562.54,103.07
2020-08-11,560.21,103.65
2020-08-12,550.95,101.0
2020-08-13,557.61,103.84
2020-08-14,558.14,102.79
2020-08-17,566.51,102.95
2020-08-18,576.84,105.49
2020-08-19,577.33,104.53
2020-08-20,583.29,104.97
2020-08-21,590.78,105.35
2020-08-24,592.48,105.82
2020-08-25,596.21,107.93
2020-08-26,603.11,107.68
2020-08-27,596.04,107.03
2020-08-28,603.55,111.6
2020-08-31,610.57,111.5
2020-09-01,605.15,112.31
2020-09-02,605.24,113.0
2020-09-03,599.29,113.29
2020-09-04,606.06,114.22
2020-09-08,600.43,112.04
2020-09-09,585.43,110.69
2020-09-10,587.04,110.43
2020-09-11,592.71,111.12
2020-09-14,563.78,106.84
2020-09-15,561.54,106.23
2020-09-16,554.39,105.8
2020-09-17,554.16,105.8
2020-09-18,544.82,101.51
2020-09-21,538.25,99.62
2020-09-22,533.89,97.69
2020-09-23,534.51,95.84
2020-09-24,536.31,97.23
2020-09-25,542.53,97.86
2020-09-28,535.5,95.03
2020-09-29,534.81,94.89
2020-09-30,541.13,96.32
2020-10-01,532.37,94.19
2020-10-02,537.44,95.0
2020-10-05,531.65,95.6
2020-10-06,532.14,95.03
2020-10-07,533.47,94.97
2020-10-08,538.09,96.29
2020-10-09,537.8,97.22
2020-10-13,539.64,96.81
2020-10-14,540.05,96.39
2020-10-15,540.51,96.31
2020-10-16,538.88,95.46
2020-10-19,534.97,95.46
2020-10-20,531.09,94.87
2020-10-21,531.54,94.8
2020-10-22,539.87,96.44
2020-10-23,536.98,95.41
2020-10-26,538.84,95.79
2020-10-27,540.47,95.25
2020-10-28,538.56,93.78
2020-10-29,536.73,93.33
2020-10-30,537.58,93.52
2020-11-03,538.74,93.68
2020-11-04,535.61,94.6
2020-11-05,543.05,97.9
2020-11-06,542.82,100.75
2020-11-09,536.39,99.08
2020-11-10,534.97,99.46
2020-11-11,542.94,100.28
2020-11-12,551.64,100.92
2020-11-13,551.9,100.77
2020-11-16,564.36,103.9
2020-11-17,568.44,106.49
2020-11-18,588.52,110.11
2020-11-19,594.13,111.85
2020-11-20,579.3,107.84
2020-11-23,580.88,106.84
2020-11-24,578.02,107.34
2020-11-25,584.4,109.89
2020-11-26,578.52,108.54
2020-11-27,607.73,114.04
2020-11-30,606.99,113.39
2020-12-01,590.05,112.73
2020-12-02,593.06,113.07
2020-12-03,583.93,113.67
2020-12-04,581.96,113.49
2020-12-07,576.26,113.39
2020-12-08,580.91,113.26
2020-12-09,574.92,110.92
2020-12-10,586.4,116.42
2020-12-11,582.46,115.27
2020-12-14,600.37,117.49
2020-12-15,596.64,117.24
2020-12-16,608.32,118.67
2020-12-17,606.64,119.54
2020-12-18,604.03,118.74
2020-12-21,598.23,116.75
2020-12-22,598.68,115.91
2020-12-23,600.82,115.57
2020-12-28,607.83,116.02
2020-12-29,608.35,117.35
2020-12-30,606.69,116.99
2021-01-04,615.78,117.05
2021-01-05,615.4,116.93
2021-01-06,611.28,115.71
2021-01-07,614.98,114.16
2021-01-08,625.71,115.53
2021-01-11,615.56,112.1
2021-01-12,617.05,115.7
2021-01-13,632.25,119.29
2021-01-14,638.6,122.74
2021-01-15,651.99,123.34
2021-01-18,649.68,122.77
2021-01-19,650.54,121.6
2021-01-20,650.54,122.3
2021-01-21,654.24,122.15
2021-01-22,658.67,120.37
2021-01-25,657.46,119.36
2021-01-26,655.25,122.98
2021-01-27,658.68,122.05
2021-01-28,662.22,121.82
2021-01-29,658.33,120.07
2021-02-01,672.19,123.31
2021-02-02,669.7,124.99
2021-02-03,669.33,124.83
2021-02-04,667.61,122.41
2021-02-05,668.91,124.2
2021-02-08,664.66,123.73
2021-02-09,665.12,123.58
2021-02-10,659.86,122.67
2021-02-11,659.55,122.32
2021-02-12,657.97,122.34
2021-02-17,670.04,123.62
2021-02-18,683.7,125.68
2021-02-19,680.94,125.94
2021-02-22,701.5,128.9
2021-02-23,724.96,132.97
2021-02-24,725.02,133.45
2021-02-25,746.14,135.51
2021-02-26,746.5,133.76
2021-03-01,747.32,133.47
2021-03-02,748.8,132.18
2021-03-03,747.51,129.96
2021-03-04,738.5,130.41
2021-03-05,735.85,129.23
2021-03-08,730.76,126.67
2021-03-09,737.48,127.39
2021-03-10,739.17,130.69
2021-03-11,736.8,133.09
2021-03-12,737.64,132.57
2021-03-15,737.18,130.59
2021-03-16,740.98,132.06
2021-03-17,741.9,132.89
2021-03-18,736.2,132.43
2021-03-19,724.48,132.01
2021-03-22,729.71,132.36
2021-03-23,717.04,130.04
2021-03-24,713.49,127.11
2021-03-25,716.41,126.42
2021-03-26,729.25,126.91
2021-03-29,727.77,126.2
2021-03-30,710.15,123.57
2021-03-31,708.44,125.97
2021-04-01,707.11,123.92
2021-04-05,704.57,124.22
2021-04-06,714.67,127.66
2021-04-07,716.55,126.85
2021-04-08,722.75,129.69
2021-04-09,725.21,127.72
2021-04-12,730.21,127.55
2021-04-13,730.81,128.19
2021-04-14,743.91,131.11
2021-04-15,742.82,132.08
2021-04-16,737.63,132.05
2021-04-19,736.3,132.38
2021-04-20,743.12,133.73
2021-04-22,746.41,136.66
2021-04-23,760.51,138.4
2021-04-26,775.45,142.08
2021-04-27,785.11,143.66
2021-04-28,788.22,146.95
2021-04-29,788.8,147.33
2021-04-30,782.59,144.02
2021-05-03,782.03,144.23
2021-05-04,787.04,144.86
2021-05-05,813.32,151.57
2021-05-06,828.03,156.79
2021-05-07,820.45,157.11
2021-05-10,805.98,154.08
2021-05-11,813.09,155.65
2021-05-12,795.48,150.2
2021-05-13,804.79,151.88
2021-05-14,805.55,152.86
2021-05-17,805.71,153.0
2021-05-18,816.11,155.57
2021-05-19,819.61,154.21
2021-05-20,823.23,156.12
2021-05-21,825.55,154.37
2021-05-24,825.79,155.17
2021-05-25,825.11,154.6
2021-05-26,850.84,160.26
2021-05-27,864.74,164.62
2021-05-28,877.15,168.1
2021-05-31,877.41,167.93
2021-06-01,884.1,171.47
2021-06-02,882.64,173.34
2021-06-04,880.18,174.81
2021-06-07,868.97,172.52
2021-06-08,871.72,173.03
2021-06-09,874.33,172.45
2021-06-10,869.54,171.71
2021-06-11,872.57,170.42
2021-06-14,855.78,168.73
2021-06-15,850.96,168.74
2021-06-16,840.14,166.53
2021-06-17,825.5,164.31
2021-06-18,824.19,162.56
2021-06-21,829.05,165.08
2021-06-22,826.92,166.58
2021-06-23,820.58,165.27
2021-06-24,823.83,167.96
2021-06-25,831.81,167.97
2021-06-28,849.44,172.44
2021-06-29,843.76,170.87
2021-06-30,844.21,169.76
2021-07-01,846.16,167.62
2021-07-02,840.25,166.45
2021-07-05,838.99,165.06
2021-07-06,817.13,157.14
2021-07-07,821.63,156.98
2021-07-08,837.72,159.44
2021-07-09,840.43,160.42
2021-07-12,854.69,165.32
2021-07-13,836.9,161.84
2021-07-14,850.48,167.68
2021-07-15,843.71,164.63
2021-07-16,875.45,170.99
2021-07-19,866.41,164.84
2021-07-20,902.64,172.95
2021-07-21,960.5,185.32
2021-07-22,1028.35,197.42
2021-07-23,1008.84,193.37
2021-07-26,1067.27,206.24
2021-07-27,1059.66,204.65
2021-07-28,1062.35,207.73
2021-07-29,1045.82,205.99
2021-07-30,1014.44,195.2
2021-08-02,966.05,187.11
2021-08-03,990.47,191.1
2021-08-04,993.85,191.53
2021-08-05,990.19,190.31
2021-08-06,991.23,189.13
2021-08-09,1008.07,192.45
2021-08-10,1015.33,195.33
2021-08-11,1018.03,194.73
2021-08-12,1038.91,197.74
2021-08-13,1028.95,196.25
2021-08-16,1050.92,198.81
2021-08-17,1032.5,195.99
2021-08-18,1043.98,194.77
2021-08-19,1038.72,191.79
2021-08-20,1043.41,194.01
2021-08-23,1049.09,195.29
2021-08-24,1059.61,201.48
2021-08-25,1057.07,202.89
2021-08-26,1067.49,203.33
2021-08-27,1075.88,207.06
2021-08-30,1102.36,212.52
2021-08-31,1084.23,209.51
2021-09-01,1100.25,212.65
2021-09-02,1089.49,210.12
2021-09-03,1081.27,208.58
2021-09-06,1082.64,209.2
2021-09-08,1083.73,203.98
2021-09-09,1069.14,201.46
2021-09-10,1073.9,203.93
2021-09-13,1068.28,204.22
2021-09-14,1063.09,202.07
2021-09-15,1068.05,203.75
2021-09-16,1070.42,202.92
2021-09-17,1074.55,203.4
2021-09-20,1062.73,198.6
2021-09-21,1063.4,201.33
2021-09-22,1069.03,201.67
2021-09-23,1089.12,205.18
2021-09-24,1111.63,207.94
2021-09-27,1105.09,205.41
2021-09-28,1146.61,211.16
2021-09-29,1130.48,208.35
2021-09-30,1136.94,209.11
2021-10-01,1183.07,220.6
2021-10-04,1180.95,216.61
2021-10-05,1149.79,210.24
2021-10-06,1159.92,211.36
2021-10-07,1180.51,214.52
2021-10-08,1199.28,217.66
2021-10-11,1204.12,217.67
2021-10-13,1228.44,222.91
2021-10-14,1242.78,225.14
2021-10-15,1233.94,226.0
2021-10-18,1223.91,221.96
2021-10-19,1243.54,222.58
2021-10-20,1250.02,225.35
2021-10-21,1257.2,222.36
2021-10-22,1246.22,220.96
2021-10-25,1247.88,225.01
2021-10-26,1270.07,228.14
2021-10-27,1246.21,223.74
2021-10-28,1239.91,220.31
2021-10-29,1256.27,222.43
2021-11-01,1286.73,226.9
2021-11-03,1284.27,229.54
2021-11-04,1282.15,228.34
2021-11-05,1265.5,229.67
2021-11-08,1254.32,226.04
2021-11-09,1258.03,229.44
2021-11-10,1256.09,228.59
2021-11-11,1274.18,236.05
2021-11-12,1307.85,239.75
2021-11-16,1322.11,240.73
2021-11-17,1359.78,246.07
2021-11-18,1367.45,245.55
2021-11-19,1392.66,248.51
2021-11-22,1382.69,247.35
2021-11-23,1435.66,256.0
2021-11-24,1456.43,260.4
2021-11-25,1466.92,263.69
2021-11-26,1457.25,260.22
2021-11-29,1424.4,253.68
2021-11-30,1420.09,251.48
2021-12-01,1421.2,250.87
2021-12-02,1439.13,254.62
2021-12-03,1471.19,259.15
2021-12-06,1487.58,261.62
2021-12-07,1479.74,263.39
2021-12-08,1478.12,266.9
2021-12-09,1471.59,263.73
2021-12-10,1435.6,255.76
2021-12-13,1457.28,256.88
2021-12-14,1453.75,255.45
2021-12-15,1463.61,255.74
2021-12-16,1461.28,257.49
2021-12-17,1459.85,256.92
2021-12-20,1432.67,249.68
2021-12-21,1441.82,251.32
2021-12-22,1457.17,257.0
2021-12-23,1447.66,255.64
2021-12-27,1434.07,254.45
2021-12-28,1430.05,253.69
2021-12-29,1440.31,252.95
2021-12-30,1431.58,256.79
2022-01-03,1414.57,249.88
2022-01-04,1454.67,255.79
2022-01-05,1453.35,256.64
2022-01-06,1466.69,257.95
2022-01-07,1493.73,265.18
2022-01-10,1483.95,261.63
2022-01-11,1481.83,265.61
2022-01-12,1502.91,271.53
2022-01-13,1495.12,270.9
2022-01-14,1498.14,271.3
2022-01-17,1495.99,270.82
2022-01-18,1498.35,269.68
2022-01-19,1509.95,276.35
2022-01-20,1507.84,278.66
2022-01-21,1487.18,272.53
2022-01-24,1479.77,268.9
2022-01-25,1494.27,274.68
2022-01-26,1493.25,276.17
2022-01-27,1467.33,270.38
2022-01-28,1481.14,274.64
2022-01-31,1474.34,278.02
2022-02-01,1476.5,280.17
2022-02-02,1477.38,279.54
2022-02-03,1491.62,281.81
2022-02-04,1491.2,279.98
2022-02-07,1482.26,281.8
2022-02-08,1510.3,287.4
2022-02-09,1555.19,297.93
2022-02-10,1535.38,293.8
2022-02-11,1519.43,290.74
2022-02-14,1504.86,288.45
2022-02-15,1499.37,289.4
2022-02-16,1498.45,292.21
2022-02-17,1495.22,289.27
2022-02-18,1466.51,285.43
2022-02-21,1462.04,286.34
2022-02-22,1453.13,286.9
2022-02-23,1442.8,288.39
2022-02-24,1425.53,278.59
2022-02-25,1434.43,278.8
2022-03-02,1384.52,270.94
2022-03-03,1330.63,264.85
2022-03-04,1325.98,261.07
2022-03-07,1318.18,259.54
2022-03-08,1344.06,265.83
2022-03-09,1331.86,265.79
2022-03-10,1306.51,260.37
2022-03-11,1305.56,258.42
2022-03-14,1291.12,251.73
2022-03-15,1262.07,244.87
2022-03-16,1276.74,250.1
2022-03-17,1266.57,251.4
2022-03-18,1278.09,254.9
2022-03-21,1287.25,259.95
2022-03-22,1276.97,259.6
2022-03-23,1272.51,263.02
2022-03-24,1259.8,260.99
2022-03-25,1257.06,264.59
2022-03-28,1210.76,253.83
2022-03-29,1202.21,252.51
2022-03-30,1224.94,256.16
2022-03-31,1243.64,261.21
2022-04-01,1245.32,266.72
2022-04-04,1247.37,270.46
2022-04-05,1249.98,268.41
2022-04-06,1246.26,264.04
2022-04-07,1245.39,262.46
2022-04-08,1271.49,270.24
2022-04-11,1287.36,274.9
2022-04-12,1278.0,273.19
2022-04-13,1249.28,266.6
2022-04-14,1240.14,264.31
2022-04-18,1237.41,265.65
2022-04-19,1233.88,264.04
2022-04-20,1213.9,262.46
2022-04-22,1243.89,259.31
2022-04-25,1247.91,256.09
2022-04-26,1262.09,252.92
2022-04-27,1248.52,251.51
2022-04-28,1259.76,255.12
2022-04-29,1267.35,256.13
2022-05-02,1254.7,247.62
2022-05-03,1263.55,254.49
2022-05-04,1267.3,258.05
2022-05-05,1263.65,251.27
2022-05-06,1244.41,245.3
2022-05-09,1231.77,238.9
2022-05-10,1224.78,238.98
2022-05-11,1287.69,250.62
2022-05-12,1271.64,247.11
2022-05-13,1259.8,249.27
2022-05-16,1307.93,259.25
2022-05-17,1308.24,264.72
2022-05-18,1278.19,256.31
2022-05-19,1259.53,256.31
2022-05-20,1245.75,255.85
2022-05-23,1229.41,255.44
2022-05-24,1218.65,252.78
2022-05-25,1234.47,256.59
2022-05-26,1269.38,266.62
2022-05-27,1276.44,269.41
2022-05-30,1273.45,268.04
2022-05-31,1273.07,267.96
2022-06-01,1322.18,275.51
2022-06-02,1328.52,277.12
2022-06-03,1293.37,270.35
2022-06-06,1329.75,276.97
2022-06-07,1317.12,270.4
2022-06-08,1314.56,269.32
2022-06-09,1327.76,270.37
2022-06-10,1308.09,262.62
2022-06-13,1310.27,255.76
2022-06-14,1322.74,257.34
2022-06-15,1327.83,264.24
2022-06-17,1326.24,258.02
2022-06-20,1330.45,256.6
2022-06-21,1362.28,264.47
2022-06-22,1388.8,268.63
2022-06-23,1367.14,261.45
2022-06-24,1351.56,257.05
2022-06-27,1334.95,255.35
2022-06-28,1316.62,250.02
2022-06-29,1351.49,260.1
2022-06-30,1361.2,260.27
2022-07-01,1358.71,255.3
2022-07-04,1353.84,254.19
2022-07-05,1356.14,251.51
2022-07-06,1362.9,251.69
2022-07-07,1358.75,254.26
2022-07-08,1348.87,256.2
2022-07-11,1331.57,248.06
2022-07-12,1296.41,238.4
2022-07-13,1296.5,239.83
2022-07-14,1239.04,228.02
2022-07-15,1241.31,229.57
2022-07-18,1303.58,240.38
2022-07-19,1318.67,243.3
2022-07-20,1332.32,243.97
2022-07-21,1337.55,243.59
2022-07-22,1295.84,235.56
2022-07-25,1292.83,240.57
2022-07-26,1319.8,246.51
2022-07-27,1331.37,253.64
2022-07-28,1317.52,255.28
2022-07-29,1300.89,251.23
2022-08-01,1285.02,247.83
2022-08-02,1271.95,240.9
2022-08-03,1304.31,247.26
2022-08-04,1314.78,252.02
2022-08-05,1261.57,244.11
2022-08-08,1277.3,249.77
2022-08-09,1264.14,246.09
2022-08-10,1288.13,252.92
2022-08-11,1294.94,250.86
2022-08-12,1300.76,256.71
2022-08-15,1298.88,255.03
2022-08-16,1278.49,248.4
2022-08-17,1276.64,246.84
2022-08-18,1274.27,246.28
2022-08-19,1275.71,246.51
2022-08-22,1301.66,252.16
2022-08-23,1307.74,256.42
2022-08-24,1340.01,262.28
2022-08-25,1349.76,263.32
2022-08-26,1351.64,266.39
2022-08-29,1344.99,267.61
2022-08-30,1342.78,262.78
2022-08-31,1344.2,258.4
2022-09-01,1341.77,256.31
2022-09-02,1331.04,257.11
2022-09-05,1313.3,254.86
2022-09-06,1335.47,254.76
2022-09-08,1285.14,246.72
2022-09-09,1316.06,255.55
2022-09-12,1296.95,254.75
2022-09-13,1285.69,247.77
2022-09-14,1265.14,244.24
2022-09-15,1270.71,242.36
2022-09-16,1270.42,241.66
2022-09-19,1285.41,248.97
2022-09-20,1288.69,249.7
2022-09-21,1284.53,248.6
2022-09-22,1285.82,251.48
2022-09-23,1272.92,242.41
2022-09-26,1307.91,242.7
2022-09-27,1314.48,244.33
2022-09-28,1314.33,245.81
2022-09-29,1303.95,241.56
2022-09-30,1286.8,239.23
2022-10-03,1222.53,236.15
2022-10-04,1243.64,240.27
2022-10-05,1260.2,243.56
2022-10-06,1233.2,236.97
2022-10-07,1229.18,235.25
2022-10-10,1226.3,236.6
2022-10-11,1223.75,232.21
2022-10-13,1176.35,222.84
2022-10-14,1154.73,216.73
2022-10-17,1141.32,215.55
2022-10-18,1130.38,214.86
2022-10-19,1103.41,209.3
2022-10-20,1081.63,207.05
2022-10-21,1070.11,207.87
2022-10-24,1078.75,203.96
2022-10-25,1062.79,199.96
2022-10-26,1040.79,193.71
2022-10-27,1037.92,195.87
2022-10-28,987.53,185.84
2022-10-31,1005.33,194.3
2022-11-01,987.63,193.2
2022-11-03,958.29,187.42
2022-11-04,961.72,191.04
2022-11-07,940.31,182.41
2022-11-08,934.82,180.85
2022-11-09,930.62,179.73
2022-11-10,957.67,177.44
2022-11-11,969.33,181.49
2022-11-14,956.77,179.47
2022-11-16,943.57,175.25
2022-11-17,943.15,173.66
2022-11-18,932.71,173.82
2022-11-21,949.51,178.78
2022-11-22,970.27,180.31
2022-11-23,975.17,181.53
2022-11-24,972.75,183.12
2022-11-25,984.78,182.03
2022-11-28,972.21,181.18
2022-11-29,999.97,188.99
2022-11-30,1003.01,192.52
2022-12-01,986.5,189.53
2022-12-02,982.38,189.36
2022-12-05,981.02,185.8
2022-12-06,989.09,187.72
2022-12-07,984.85,189.03
2022-12-08,973.49,186.78
2022-12-09,979.85,186.99
2022-12-12,1016.22,190.84
2022-12-13,1023.87,192.6
2022-12-14,1028.07,193.21
2022-12-15,1045.13,196.38
2022-12-16,1020.37,192.6
2022-12-19,1016.75,191.55
2022-12-20,1027.61,197.31
2022-12-21,1023.12,196.87
2022-12-22,1022.97,197.6
2022-12-23,1024.86,198.46
2022-12-26,1027.31,197.26
2022-12-27,1023.64,193.73
2022-12-28,1044.61,198.86
2022-12-29,1037.9,196.57
2023-01-02,1031.2,192.39
2023-01-03,1034.46,189.88
2023-01-04,1021.5,187.29
2023-01-05,1020.4,190.3
2023-01-06,1023.47,195.21
2023-01-09,1002.85,190.84
2023-01-10,968.37,186.15
2023-01-11,944.56,182.14
2023-01-12,953.0,187.08
2023-01-13,945.34,185.58
2023-01-16,955.07,185.41
2023-01-17,951.65,186.31
2023-01-18,979.1,189.79
2023-01-19,1000.74,193.38
2023-01-20,1002.74,192.72
2023-01-23,1023.39,196.96
2023-01-24,1030.2,200.16
2023-01-25,1035.11,203.92
2023-01-26,1048.76,206.77
2023-01-27,1061.83,207.75
2023-01-30,1067.01,208.73
2023-01-31,1103.18,217.25
2023-02-01,1104.47,216.99
2023-02-02,1096.14,217.66
2023-02-03,1079.9,210.14
2023-02-06,1114.33,215.29
2023-02-07,1123.64,216.13
2023-02-08,1119.52,215.75
2023-02-09,1118.27,212.2
2023-02-10,1123.17,215.04
2023-02-13,1117.26,215.6
2023-02-14,1143.75,219.91
2023-02-15,1125.22,215.72
2023-02-16,1135.15,217.46
2023-02-17,1157.53,224.24
2023-02-22,1179.2,228.13
2023-02-23,1150.14,224.11
2023-02-24,1141.39,219.25
2023-02-27,1141.47,219.72
2023-02-28,1160.98,222.37
2023-03-01,1134.54,218.35
2023-03-02,1136.99,218.48
2023-03-03,1114.38,214.39
2023-03-06,1123.91,217.56
2023-03-07,1134.01,218.46
2023-03-08,1097.38,213.37
2023-03-09,1089.79,212.27
2023-03-10,1092.87,209.56
2023-03-13,1107.71,210.27
2023-03-14,1106.96,210.61
2023-03-15,1087.87,205.49
2023-03-16,1128.17,215.18
2023-03-17,1113.46,211.12
2023-03-20,1106.86,211.11
2023-03-21,1114.76,212.62
2023-03-22,1112.36,213.18
2023-03-23,1100.27,208.03
2023-03-24,1122.44,213.88
2023-03-27,1115.01,213.97
2023-03-28,1085.19,210.06
2023-03-29,1069.0,207.94
2023-03-30,1068.86,209.54
2023-03-31,1044.94,206.14
2023-04-03,1082.95,213.43
2023-04-04,1070.15,210.37
2023-04-05,1094.52,216.56
2023-04-06,1101.19,217.63
2023-04-10,1096.07,216.19
2023-04-11,1121.49,223.98
2023-04-12,1109.21,224.36
2023-04-13,1132.2,229.79
2023-04-14,1125.42,228.84
2023-04-17,1136.75,230.34
2023-04-18,1142.57,229.66
2023-04-19,1148.25,226.21
2023-04-20,1111.77,220.07
2023-04-24,1111.82,220.6
2023-04-25,1076.43,212.36
2023-04-26,1092.76,216.26
2023-04-27,1083.01,217.34
2023-04-28,1077.88,216.05
2023-05-02,1075.12,213.02
2023-05-03,1064.1,213.2
2023-05-04,1054.24,211.14
2023-05-05,1060.65,214.53
2023-05-08,1058.53,211.11
2023-05-09,1053.7,211.25
2023-05-10,1054.48,212.98
2023-05-11,1038.55,210.11
2023-05-12,1034.79,210.02
2023-05-15,1037.39,211.97
2023-05-16,1044.21,211.42
2023-05-17,1042.37,211.05
2023-05-18,1043.39,209.98
2023-05-19,1057.64,211.48
2023-05-22,1040.61,209.42
2023-05-23,1037.01,208.57
2023-05-24,1039.46,209.91
2023-05-25,1025.2,203.49
2023-05-26,1018.01,204.01
2023-05-29,1014.0,202.31
2023-05-30,992.8,196.94
2023-05-31,991.05,195.13
2023-06-01,999.01,199.28
2023-06-02,993.37,200.4
2023-06-05,990.85,201.11
2023-06-06,987.44,200.98
2023-06-07,991.03,201.22
2023-06-09,1005.37,206.19
2023-06-12,982.74,201.96
2023-06-13,964.19,198.27
2023-06-14,959.1,198.65
2023-06-15,966.28,201.14
2023-06-16,963.32,199.94
2023-06-19,950.55,199.03
2023-06-20,917.45,191.46
2023-06-21,901.57,189.01
2023-06-22,877.83,183.72
2023-06-23,851.56,178.11
2023-06-26,851.02,178.56
2023-06-27,856.84,178.66
2023-06-28,840.85,173.59
2023-06-29,830.13,170.95
2023-06-30,825.59,172.25
2023-07-03,824.48,171.62
2023-07-04,824.7,170.57
2023-07-05,822.25,169.71
2023-07-06,829.41,168.37
2023-07-07,829.19,170.65
2023-07-10,823.14,168.5
2023-07-11,811.35,167.01
2023-07-12,804.51,166.98
2023-07-13,808.68,168.83
2023-07-14,821.75,171.41
2023-07-17,807.97,167.8
2023-07-18,804.89,167.41
2023-07-19,808.9,169.05
2023-07-20,812.66,169.23
2023-07-21,821.38,172.02
2023-07-24,826.91,174.64
2023-07-25,829.37,174.49
2023-07-26,827.37,174.88
2023-07-27,826.27,174.21
2023-07-28,811.74,171.58
2023-07-31,834.91,176.48
2023-08-01,843.24,176.01
2023-08-02,845.71,176.04
2023-08-03,856.24,175.14
2023-08-04,843.26,173.19
2023-08-07,853.99,174.43
2023-08-08,846.65,172.89
2023-08-09,843.74,171.91
2023-08-10,838.92,171.91
2023-08-11,835.83,170.51
2023-08-14,824.22,165.84
2023-08-15,814.38,163.23
2023-08-16,814.8,163.42
2023-08-17,808.71,162.33
2023-08-18,808.18,162.58
2023-08-21,811.07,162.9
2023-08-22,809.92,164.05
2023-08-23,824.49,169.86
2023-08-24,819.63,168.2
2023-08-25,810.72,166.4
2023-08-28,817.8,167.69
2023-08-29,812.16,167.32
2023-08-30,818.24,168.19
2023-08-31,816.58,164.97
2023-09-01,818.18,165.69
2023-09-04,821.37,166.47
2023-09-05,816.47,163.95
2023-09-06,818.89,164.2
2023-09-08,804.89,161.46
2023-09-11,808.49,163.79
2023-09-12,814.67,164.45
2023-09-13,807.08,164.17
2023-09-14,808.21,165.79
2023-09-15,825.15,169.44
2023-09-18,831.19,171.27
2023-09-19,838.98,172.1
2023-09-20,821.58,168.7
2023-09-21,815.95,165.47
2023-09-22,800.08,162.29
2023-09-25,798.61,160.65
2023-09-26,796.19,159.56
2023-09-27,800.23,158.4
2023-09-28,792.13,157.26
2023-09-29,779.9,155.08
2023-10-02,797.38,157.37
2023-10-03,804.04,155.97
2023-10-04,799.22,155.16
2023-10-05,797.63,154.16
2023-10-06,802.84,155.59
2023-10-09,804.84,156.74
2023-10-10,801.77,158.36
2023-10-11,800.47,158.45
2023-10-13,819.47,160.93
2023-10-16,824.5,163.56
2023-10-17,826.89,164.29
2023-10-18,832.86,164.73
2023-10-19,857.6,169.86
2023-10-20,860.54,170.91
2023-10-23,871.59,173.59
2023-10-24,875.97,175.3
2023-10-25,850.91,170.18
2023-10-26,847.84,169.81
2023-10-27,841.65,167.83
2023-10-30,836.98,166.0
2023-10-31,863.24,171.45
2023-11-01,836.59,168.13
2023-11-03,862.18,175.99
2023-11-06,871.52,178.19
2023-11-07,869.72,178.62
2023-11-08,890.14,181.48
2023-11-09,896.75,181.93
2023-11-10,888.46,180.91
2023-11-13,902.96,183.98
2023-11-14,896.59,184.29
2023-11-16,901.44,185.18
2023-11-17,879.03,179.21
2023-11-20,891.73,183.79
2023-11-21,890.91,181.78
2023-11-22,885.95,180.81
2023-11-23,885.22,180.4
2023-11-24,889.39,181.62
2023-11-27,876.73,179.0
2023-11-28,901.6,185.06
2023-11-29,898.36,183.75
2023-11-30,944.81,192.0
2023-12-01,942.08,193.25
2023-12-04,938.55,189.64
2023-12-05,951.85,193.11
2023-12-06,919.54,187.47
2023-12-07,932.25,189.83
2023-12-08,926.14,188.05
2023-12-11,955.82,193.68
2023-12-12,952.78,191.9
2023-12-13,988.32,200.51
2023-12-14,994.05,202.62
2023-12-15,999.29,202.12
2023-12-18,999.18,203.54
2023-12-19,1016.89,209.19
2023-12-20,992.05,202.42
2023-12-21,999.11,204.44
2023-12-22,990.17,203.7
2023-12-26,999.76,207.16
2023-12-27,1007.36,208.43
2023-12-28,1009.47,208.05
2024-01-02,1003.74,204.34
2024-01-03,994.0,202.4
2024-01-04,990.46,201.6
2024-01-05,981.67,201.49
2024-01-08,973.26,199.77
2024-01-09,989.1,201.82
2024-01-10,980.32,200.31
2024-01-11,984.43,201.81
2024-01-12,971.32,200.11
2024-01-15,969.42,199.26
2024-01-16,988.25,200.5
2024-01-17,965.4,195.86
2024-01-18,962.99,195.17
2024-01-19,983.26,199.48
2024-01-22,1007.83,201.97
2024-01-23,1015.15,204.83
2024-01-24,994.61,201.62
2024-01-25,986.11,200.39
2024-01-26,1010.84,205.79
2024-01-29,1004.93,202.98
2024-01-30,1018.78,206.06
2024-01-31,1018.13,205.81
2024-02-01,1013.29,206.16
2024-02-02,1014.93,204.33
2024-02-05,1010.85,202.94
2024-02-06,1001.29,201.83
2024-02-07,1015.99,204.55
2024-02-08,1011.09,202.58
2024-02-09,1027.9,207.32
2024-02-14,1003.67,201.95
2024-02-15,1010.9,203.44
2024-02-16,1013.91,204.17
2024-02-19,1016.28,204.81
2024-02-20,1017.63,206.42
2024-02-21,1019.71,206.42
2024-02-22,1002.32,202.49
2024-02-23,995.67,199.61
2024-02-26,992.26,199.37
2024-02-27,996.92,202.01
2024-02-28,996.86,200.54
2024-02-29,1007.27,202.55
2024-03-01,996.52,201.2
2024-03-04,1015.63,205.3
2024-03-05,1006.64,203.2
2024-03-06,1010.34,204.32
2024-03-07,1039.45,210.59
2024-03-08,1018.32,204.48
2024-03-11,1004.75,201.96
2024-03-12,1008.51,202.8
2024-03-13,1004.82,202.01
2024-03-14,1000.94,200.51
2024-03-15,1006.16,201.43
2024-03-18,1002.65,199.45
2024-03-19,1003.98,199.96
2024-03-20,1004.36,202.0
2024-03-21,1019.97,204.81
2024-03-22,1020.95,204.19
2024-03-25,1020.86,205.16
2024-03-26,1026.04,205.87
2024-03-27,1037.78,208.39
2024-03-28,1029.67,205.52
2024-04-01,1044.09,206.14
2024-04-02,1075.45,212.58
2024-04-03,1106.64,219.61
2024-04-04,1117.88,221.45
2024-04-05,1139.89,225.05
2024-04-08,1150.75,228.82
2024-04-09,1147.66,229.12
2024-04-10,1158.75,228.19
2024-04-11,1183.14,232.49
2024-04-12,1216.7,237.4
2024-04-15,1244.88,240.05
2024-04-16,1284.98,244.25
2024-04-17,1342.18,256.39
2024-04-18,1319.73,251.57
2024-04-19,1306.6,251.51
2024-04-22,1275.58,246.54
2024-04-23,1249.8,243.67
2024-04-24,1273.77,247.48
2024-04-25,1291.88,250.12
2024-04-26,1260.03,246.29
2024-04-29,1277.47,249.85
2024-04-30,1247.84,240.43
2024-05-02,1161.95,227.25
2024-05-03,1141.86,225.22
2024-05-06,1098.39,216.47
2024-05-07,1093.08,215.51
2024-05-08,1096.61,215.28
2024-05-09,1115.55,216.86
2024-05-10,1125.17,218.18
2024-05-13,1115.76,216.57
2024-05-14,1124.78,219.21
2024-05-15,1124.6,218.92
2024-05-16,1124.07,219.12
2024-05-17,1155.64,226.42
2024-05-20,1166.14,228.25
2024-05-21,1211.97,236.95
2024-05-22,1240.78,240.74
2024-05-23,1224.54,237.54
2024-05-24,1234.07,238.56
2024-05-27,1231.04,238.02
2024-05-28,1300.27,251.99
2024-05-29,1311.58,252.08
2024-05-31,1286.07,244.64
2024-06-03,1302.29,248.86
2024-06-04,1339.01,253.22
2024-06-05,1335.41,252.06
2024-06-06,1354.85,257.82
2024-06-07,1317.07,247.76
2024-06-10,1324.53,247.34
2024-06-11,1322.03,246.69
2024-06-12,1331.66,246.24
2024-06-13,1351.9,251.61
2024-06-14,1340.74,249.35
2024-06-17,1348.56,248.63
2024-06-18,1354.53,249.27
2024-06-19,1355.81,248.86
2024-06-20,1374.09,253.76
2024-06-21,1352.29,248.35
2024-06-24,1399.25,259.41
2024-06-25,1375.71,252.38
2024-06-26,1365.29,247.56
2024-06-27,1368.47,248.72
2024-06-28,1370.81,245.31
2024-07-01,1361.92,241.56
2024-07-02,1382.86,244.62
2024-07-03,1364.79,245.33
2024-07-04,1361.59,248.28
2024-07-05,1389.75,254.21
2024-07-08,1402.49,256.07
2024-07-09,1455.34,268.61
2024-07-10,1429.22,264.03
2024-07-11,1446.79,265.76
2024-07-12,1460.32,268.84
2024-07-15,1443.05,264.93
2024-07-16,1441.85,265.39
2024-07-17,1444.95,263.44
2024-07-18,1451.58,260.14
2024-07-19,1430.13,255.43
2024-07-22,1448.8,259.92
2024-07-23,1441.85,257.84
2024-07-24,1417.7,250.61
2024-07-25,1425.1,252.63
2024-07-26,1409.05,248.86
2024-07-29,1408.76,250.27
2024-07-30,1419.69,252.43
2024-07-31,1415.91,250.07
2024-08-01,1407.69,245.37
2024-08-02,1427.76,250.0
2024-08-05,1413.59,246.49
2024-08-06,1430.29,253.06
2024-08-07,1454.52,258.58
2024-08-08,1458.09,261.59
2024-08-09,1402.89,254.52
2024-08-12,1431.21,260.08
2024-08-13,1395.71,255.77
2024-08-14,1400.95,255.93
2024-08-15,1408.08,256.85
2024-08-16,1424.43,260.45
2024-08-19,1428.43,264.03
2024-08-20,1437.34,262.86
2024-08-21,1437.45,262.55
2024-08-22,1435.29,256.81
2024-08-23,1432.53,261.55
2024-08-26,1434.85,261.45
2024-08-27,1459.67,265.35
2024-08-28,1478.5,266.44
2024-08-29,1442.72,256.76
2024-08-30,1448.24,256.33
2024-09-02,1444.69,257.43
2024-09-03,1439.65,254.94
2024-09-04,1443.45,256.07
2024-09-05,1439.95,258.1
2024-09-06,1413.7,252.67
2024-09-09,1443.5,258.51
2024-09-10,1450.29,256.37
2024-09-11,1451.89,256.93
2024-09-12,1468.6,261.32
2024-09-13,1483.12,266.56
2024-09-16,1492.24,270.58
2024-09-17,1496.77,272.88
2024-09-18,1494.18,274.41
2024-09-19,1485.84,273.79
2024-09-20,1460.14,264.57
2024-09-23,1487.93,268.87
2024-09-24,1507.17,276.04
2024-09-25,1505.43,274.81
2024-09-26,1517.34,278.56
2024-09-27,1496.57,275.26
2024-09-30,1504.98,275.84
2024-10-01,1493.95,273.72
2024-10-02,1469.65,269.81
2024-10-03,1456.44,266.11
2024-10-04,1457.78,266.99
2024-10-07,1418.11,258.59
2024-10-08,1434.01,259.22
2024-10-09,1442.01,258.52
2024-10-10,1476.66,264.4
2024-10-11,1478.89,263.01
2024-10-14,1504.25,269.43
2024-10-15,1515.43,267.89
2024-10-16,1522.49,268.75
2024-10-17,1505.74,265.7
2024-10-18,1527.54,268.41
2024-10-21,1497.06,262.55
2024-10-22,1497.39,262.61
2024-10-23,1506.39,264.74
2024-10-24,1495.43,263.47
2024-10-25,1500.2,262.78
2024-10-28,1517.69,265.94
2024-10-29,1511.64,262.26
2024-10-30,1519.13,263.55
2024-10-31,1525.36,263.86
2024-11-01,1516.17,258.29
2024-11-04,1526.08,264.3
2024-11-05,1556.23,270.6
2024-11-06,1540.6,271.18
2024-11-07,1592.18,280.12
2024-11-08,1592.83,276.87
2024-11-11,1594.2,276.24
2024-11-12,1633.02,283.12
2024-11-13,1698.83,293.0
2024-11-14,1755.95,303.85
2024-11-18,1805.68,314.36
2024-11-19,1813.1,314.01
2024-11-21,1907.06,327.79
2024-11-22,1942.03,334.26
2024-11-25,1989.64,342.51
2024-11-26,2025.25,348.76
2024-11-27,2076.94,351.07
2024-11-28,2090.65,349.26
2024-11-29,2098.06,349.33
2024-12-02,2024.85,333.69
2024-12-03,1993.44,329.17
2024-12-04,2019.44,334.4
2024-12-05,2059.02,343.06
2024-12-06,2115.1,347.48
2024-12-09,2159.48,354.89
2024-12-10,2199.09,363.01
2024-12-11,2143.79,356.47
2024-12-12,2142.3,355.04
2024-12-13,2141.91,354.5
2024-12-16,2155.75,354.27
2024-12-17,2178.34,358.04
2024-12-18,2221.59,355.91
2024-12-19,2236.68,365.71
2024-12-20,2236.76,369.1
2024-12-23,2230.14,360.28
2024-12-26,2220.55,359.49
2024-12-27,2235.8,361.08
2024-12-30,2228.79,360.65
2025-01-02,2241.9,363.65
2025-01-03,2233.34,361.27
2025-01-06,2239.58,366.36
2025-01-07,2234.26,365.37
2025-01-08,2255.69,369.3
2025-01-09,2265.21,374.23
2025-01-10,2287.88,375.18
2025-01-13,2308.34,378.42
2025-01-14,2276.01,376.39
2025-01-15,2316.65,384.82
2025-01-16,2286.51,377.31
2025-01-17,2316.16,382.08
2025-01-20,2308.76,381.99
2025-01-21,2315.53,383.87
2025-01-22,2359.45,397.28
2025-01-23,2398.06,405.28
2025-01-24,2387.85,403.9
2025-01-27,2397.58,405.61
2025-01-28,2412.41,410.9
2025-01-29,2467.71,419.75
2025-01-30,2506.02,427.07
2025-01-31,2508.18,429.48
2025-02-03,2565.86,441.25
2025-02-04,2560.36,443.89
2025-02-05,2617.72,452.19
2025-02-06,2666.28,462.17
2025-02-07,2654.96,458.7
2025-02-10,2738.95,473.13
2025-02-11,2729.87,473.2
2025-02-12,2769.45,480.81
2025-02-13,2766.37,479.52
2025-02-14,2731.16,478.9
2025-02-17,2698.73,472.63
2025-02-18,2663.83,467.99
2025-02-19,2700.86,472.34
2025-02-20,2627.64,460.42
2025-02-21,2588.42,451.89
2025-02-24,2545.3,442.66
2025-02-25,2494.76,433.57
2025-02-26,2480.83,427.8
2025-02-27,2472.31,423.99
2025-02-28,2482.22,420.36
2025-03-05,2612.63,453.9
2025-03-06,2543.07,441.2
2025-03-07,2514.82,434.19
2025-03-10,2525.06,431.34
2025-03-11,2561.17,440.97
2025-03-12,2532.4,436.17
2025-03-13,2541.58,438.2
2025-03-14,2494.82,434.56
2025-03-17,2520.22,444.25
2025-03-18,2509.06,442.28
2025-03-19,2529.28,447.58
2025-03-20,2548.18,449.57
2025-03-21,2553.66,446.68
2025-03-24,2579.6,448.47
2025-03-25,2609.91,457.72
2025-03-26,2597.83,452.98
2025-03-27,2544.62,442.08
2025-03-28,2510.47,436.0
2025-03-31,2521.21,441.85
2025-04-01,2559.28,450.18
2025-04-02,2561.84,449.92
2025-04-03,2546.39,452.61
2025-04-04,2508.41,429.82
2025-04-07,2430.27,411.14
2025-04-08,2402.18,401.23
2025-04-09,2389.03,409.15
2025-04-10,2399.7,406.45
2025-04-11,2423.8,412.91
2025-04-14,2480.6,423.96
2025-04-15,2496.83,423.77
2025-04-16,2530.29,431.05
2025-04-17,2520.65,434.07
2025-04-22,2521.98,440.75
2025-04-23,2563.95,448.64
2025-04-24,2593.24,456.32
2025-04-25,2611.02,459.44
2025-04-28,2658.07,470.12
2025-04-29,2665.07,473.2
2025-04-30,2616.02,461.22
2025-05-02,2588.62,457.76
2025-05-05,2580.32,453.64
2025-05-06,2589.71,453.78
2025-05-07,2582.77,448.4
2025-05-08,2560.75,451.55
2025-05-09,2553.2,451.49
2025-05-12,2528.62,444.71
2025-05-13,2505.29,447.29
2025-05-14,2472.07,439.32
2025-05-15,2495.28,439.16
2025-05-16,2473.66,436.43
2025-05-19,2496.07,441.47
2025-05-20,2447.6,431.6
2025-05-21,2478.07,438.6
2025-05-22,2445.92,432.91
2025-05-23,2418.36,427.73
2025-05-26,2423.72,427.16
2025-05-27,2423.72,429.05
2025-05-28,2397.62,421.15
2025-05-29,2372.99,418.59
2025-05-30,2335.77,408.49
2025-06-02,2316.4,407.67
2025-06-03,2267.09,401.89
2025-06-04,2267.41,401.31
2025-06-05,2301.91,411.72
2025-06-06,2316.32,416.45
2025-06-09,2303.94,414.15
2025-06-10,2276.92,408.49
2025-06-11,2251.1,405.97
2025-06-12,2229.75,402.12
2025-06-13,2197.73,396.92
2025-06-16,2167.87,394.59
2025-06-17,2147.51,390.38
2025-06-18,2061.95,374.7
2025-06-20,1969.45,356.59
2025-06-23,1976.3,358.94
2025-06-24,1935.67,351.05
2025-06-25,1917.3,345.09
2025-06-26,1905.98,346.42
2025-06-27,1877.02,342.15
2025-06-30,1834.36,337.82
2025-07-01,1807.41,330.85
2025-07-02,1779.95,328.16
2025-07-03,1742.2,321.91
2025-07-04,1736.94,320.23
2025-07-07,1682.7,307.12
2025-07-08,1685.98,309.58
2025-07-09,1685.52,306.85
2025-07-10,1721.5,310.68
2025-07-11,1728.48,311.61
2025-07-14,1783.7,319.37
2025-07-15,1785.02,320.93
2025-07-16,1820.36,327.29
2025-07-17,1815.89,327.37
2025-07-18,1825.66,326.83
2025-07-21,1803.32,323.87
2025-07-22,1801.66,323.69
2025-07-23,1818.16,329.2
2025-07-24,1824.52,330.65
2025-07-25,1809.56,325.05
2025-07-28,1822.71,325.72
2025-07-29,1801.23,323.44
2025-07-30,1797.02,322.39
2025-07-31,1811.87,323.49
2025-08-01,1772.27,319.39
2025-08-04,1771.03,321.6
2025-08-05,1799.43,326.75
2025-08-06,1785.07,326.76
2025-08-07,1790.66,329.47
2025-08-08,1814.7,333.52
2025-08-11,1859.12,341.37
2025-08-12,1839.05,341.2
2025-08-13,1877.86,347.49
2025-08-14,1893.31,349.51
2025-08-15,1942.14,359.79
2025-08-18,1972.55,363.07
2025-08-19,2031.55,369.3
2025-08-20,2134.15,389.94
2025-08-21,2181.57,398.1
2025-08-22,2228.39,410.76
2025-08-25,2287.56,422.45
2025-08-26,2265.81,416.89
2025-08-27,2299.66,424.21
2025-08-28,2301.68,425.84
2025-08-29,2323.06,428.61
2025-09-01,2332.86,428.44
2025-09-02,2299.01,419.91
2025-09-03,2300.2,421.44
2025-09-04,2292.66,420.98
2025-09-05,2277.03,421.36
2025-09-08,2300.17,424.46
2025-09-09,2318.81,426.72
2025-09-10,2333.43,431.48
2025-09-11,2325.54,431.13
2025-09-12,2345.68,438.03
2025-09-15,2376.04,446.79
2025-09-16,2358.64,445.19
2025-09-17,2237.29,422.21
2025-09-18,2215.26,417.19
2025-09-19,2147.29,403.63
2025-09-22,2133.08,399.68
2025-09-23,2055.69,388.97
2025-09-24,2075.25,389.57
2025-09-25,2121.88,395.28
2025-09-26,2124.03,397.76
2025-09-29,2134.16,401.31
2025-09-30,2127.5,399.61
2025-10-01,2163.99,406.69
2025-10-02,2147.82,402.21
2025-10-03,2184.71,409.89
2025-10-06,2169.21,408.44
2025-10-07,2176.74,407.02
2025-10-08,2186.03,409.06
2025-10-09,2182.41,405.8
2025-10-10,2191.74,398.57
2025-10-13,2219.96,406.73
2025-10-14,2301.24,421.01
2025-10-15,2314.21,424.08
2025-10-16,2269.67,416.68
2025-10-17,2262.88,418.59
2025-10-20,2275.55,423.52
2025-10-21,2300.49,426.89
2025-10-22,2323.66,430.23
2025-10-23,2307.6,428.44
2025-10-24,2289.68,424.64
2025-10-27,2266.09,421.83
2025-10-28,2214.0,413.06
2025-10-29,2217.39,413.23
2025-10-30,2210.41,411.01
2025-10-31,2206.59,410.07
2025-11-03,2253.33,420.71
2025-11-04,2272.55,421.0
2025-11-05,2305.83,430.27
2025-11-06,2250.02,420.72
2025-11-07,2290.64,429.12
2025-11-10,2291.24,431.74
2025-11-11,2294.47,435.38
2025-11-12,2241.18,423.42
2025-11-13,2218.7,418.86
2025-11-14,2204.71,416.06
2025-11-17,2207.42,414.46
2025-11-18,2231.54,419.62
2025-11-19,2232.1,418.15
2025-11-21,2181.7,404.24
2025-11-24,2198.88,407.65
2025-11-25,2250.1,418.55
2025-11-26,2239.07,419.62
2025-11-27,2241.53,418.67
2025-11-28,2252.95,422.53
2025-12-01,2233.34,416.74
2025-12-02,2231.43,418.5
2025-12-03,2217.5,417.45
2025-12-04,2235.73,421.12
2025-12-05,2217.02,406.35
2025-12-08,2223.46,409.93
2025-12-09,2241.23,412.07
2025-12-10,2258.89,412.36
2025-12-11,2283.45,422.78
2025-12-12,2253.93,416.39
2025-12-15,2217.3,408.94
2025-12-16,2175.81,398.06
2025-12-17,2158.72,390.93
2025-12-18,2149.88,389.4
2025-12-19,2135.34,386.21
2025-12-22,2159.06,386.79
2025-12-23,2162.0,390.39
2025-12-26,2167.55,390.97
2025-12-29,2176.02,390.04
2025-12-30,2174.74,396.27
2026-01-02,2171.95,400.58
2026-01-05,2191.97,405.77
2026-01-06,2237.54,416.05
2026-01-07,2263.04,419.94
2026-01-08,2266.21,420.37
2026-01-09,2225.39,414.64
2026-01-12,2205.19,410.65
2026-01-13,2216.15,411.92
2026-01-14,2196.97,406.92
2026-01-15,2201.88,410.65
2026-01-16,2180.2,405.84
2026-01-19,2184.18,407.19
2026-01-20,2146.33,399.09
2026-01-21,2135.9,401.56
2026-01-22,2107.84,398.99
2026-01-23,2135.31,403.88
2026-01-26,2144.25,406.03
2026-01-27,2185.59,419.9
2026-01-28,2156.49,413.44
2026-01-29,2108.35,406.08
2026-01-30,2094.55,398.89
2026-02-02,2060.33,390.73
2026-02-03,1971.48,376.31
2026-02-04,1931.5,367.14
2026-02-05,1916.31,364.8
2026-02-06,1884.66,361.05
2026-02-09,1861.69,358.85
2026-02-10,1861.64,357.94
2026-02-11,1863.8,359.39
2026-02-12,1891.03,363.52
2026-02-13,1901.38,363.9
2026-02-18,1862.4,355.08
2026-02-19,1818.91,348.12
2026-02-20,1806.48,348.81
2026-02-23,1781.98,344.81
2026-02-24,1811.91,351.49
2026-02-25,1796.0,350.3
2026-02-26,1796.15,349.17
2026-02-27,1797.61,349.93
2026-03-02,1840.71,356.11
2026-03-03,1853.29,351.6
2026-03-04,1859.96,356.38
2026-03-05,1874.79,354.94
2026-03-06,1913.12,364.4
2026-03-09,1929.37,373.04
2026-03-10,1918.6,371.75
2026-03-11,1872.75,362.66
2026-03-12,1901.07,363.01
2026-03-13,1878.47,353.56
2026-03-16,1908.03,364.82
2026-03-17,1927.15,370.18
2026-03-18,1917.02,366.68
2026-03-19,1924.51,369.03
2026-03-20,1962.67,368.99
2026-03-23,1963.83,375.28
2026-03-24,1979.36,376.52
2026-03-25,1977.91,378.84
2026-03-26,1968.47,375.23
2026-03-27,1947.89,371.52
2026-03-30,1898.9,361.01
2026-03-31,1887.79,363.67
2026-04-01,1880.08,364.5
2026-04-02,1870.64,362.39
2026-04-06,1885.21,366.2
2026-04-07,1821.69,352.97
2026-04-08,1829.2,357.9
2026-04-09,1821.38,359.6
2026-04-10,1814.56,362.26
2026-04-13,1821.25,364.47
2026-04-14,1814.65,363.66
2026-04-15,1822.96,365.18
2026-04-16,1800.72,360.65
2026-04-17,1765.66,354.34
2026-04-20,1775.85,357.03
2026-04-22,1770.08,355.94
2026-04-23,1817.26,362.8
2026-04-24,1831.26,366.33
2026-04-27,1784.03,358.24
2026-04-28,1774.88,356.4
2026-04-29,1774.5,354.4
2026-04-30,1761.57,355.37
2026-05-04,1759.77,354.22
2026-05-05,1758.67,358.04
2026-05-06,1744.04,354.55
2026-05-07,1704.29,346.26
2026-05-08,1669.93,341.22
2026-05-11,1716.3,350.55
2026-05-12,1673.43,341.94
2026-05-13,1687.47,337.56
2026-05-14,1646.98,330.26
2026-05-15,1637.88,323.44
2026-05-18,1605.75,320.7
2026-05-19,1589.67,315.1
2026-05-20,1606.03,321.14
2026-05-21,1614.77,323.28
2026-05-22,1612.87,321.03
2026-05-25,1643.77,327.7
2026-05-26,1637.8,325.54
2026-05-27,1611.97,318.63
2026-05-28,1601.33,318.36
2026-05-29,1555.67,308.3
2026-06-01,1533.85,305.91
2026-06-02,1521.66,303.54
2026-06-03,1489.38,293.47
2026-06-05,1433.64,278.16
2026-06-08,1395.16,269.39
2026-06-09,1383.57,267.05
2026-06-10,1398.09,270.27
2026-06-11,1412.22,277.18
2026-06-12,1416.69,279.81
2026-06-15,1427.63,281.53
2026-06-16,1474.18,289.74
2026-06-17,1505.1,294.25
2026-06-18,1495.05,288.79
2026-06-19,1503.88,291.79
2026-06-22,1472.2,286.03
2026-06-23,1491.84,287.56
2026-06-24,1517.29,291.56
2026-06-25,1530.95,295.72
2026-06-26,1517.04,293.37
2026-06-29,1514.13,292.98
2026-06-30,1578.69,305.42
2026-07-01,1665.59,319.75
2026-07-02,1656.79,318.0
2026-07-03,1636.25,316.55
2026-07-06,1787.48,348.17
2026-07-07,1737.76,336.91
2026-07-08,1712.39,332.76
2026-07-09,1762.83,344.17
2026-07-10,1722.48,337.01
2026-07-13,1728.97,336.9
2026-07-14,1755.35,345.88
2026-07-15,1738.26,342.38
2026-07-16,1706.75,334.53
2026-07-17,1712.23,335.14
2026-07-20,1753.28,344.46
2026-07-21,1732.75,341.7
2026-07-22,1701.33,336.56
2026-07-23,1692.59,332.79
2026-07-24,1676.28,330.11
2026-07-27,1725.66,337.77
2026-07-28,1782.18,348.22
2026-07-29,1761.96,345.35
2026-07-30,1746.47,344.61
2026-07-31,1744.18,343.75
2026-08-03,1712.28,336.6
2026-08-04,1729.84,336.87
2026-08-05,1730.24,337.15
2026-08-06,1727.89,338.47
2026-08-07,1732.12,340.7
2026-08-10,1750.23,342.44
2026-08-11,1762.44,341.23
2026-08-12,1771.09,342.37
2026-08-13,1779.4,342.85
2026-08-14,1794.15,343.44
2026-08-17,1784.82,343.37
2026-08-18,1815.45,347.85
2026-08-19,1804.65,348.99
2026-08-20,1821.66,350.72
2026-08-21,1803.76,350.79
2026-08-24,1826.58,354.4
2026-08-25,1821.25,353.85
2026-08-26,1800.79,349.4
2026-08-27,1742.74,337.35
2026-08-28,1728.61,332.3
2026-08-31,1748.44,337.41
2026-09-01,1730.56,336.03
2026-09-02,1696.62,332.15
2026-09-03,1672.25,327.63
2026-09-04,1659.93,323.57
2026-09-08,1635.57,321.2
2026-09-09,1647.29,322.43
2026-09-10,1618.91,317.31
2026-09-11,1596.87,311.64
2026-09-14,1594.86,309.62
2026-09-15,1588.43,308.19
2026-09-16,1566.48,303.52
2026-09-17,1541.97,299.94
2026-09-18,1546.58,300.54
2026-09-21,1534.23,300.42
2026-09-22,1511.31,296.16
2026-09-23,1513.01,292.82
2026-09-24,1516.81,292.14
2026-09-25,1538.29,296.4
2026-09-28,1556.57,298.25
2026-09-29,1564.02,299.85
2026-09-30,1576.85,304.82
2026-10-01,1577.42,302.3
2026-10-02,1572.01,301.33
2026-10-05,1568.56,314.59
2026-10-06,1568.95,315.05
