data,preco_brl_saca,preco_usd_saca
2001-11-08,55.76,21.75
2001-11-09,56.02,22.06
2001-11-12,55.65,21.81
2001-11-13,55.61,22.05
2001-11-14,56.14,22.06
2001-11-16,56.68,22.42
2001-11-19,55.53,22.03
2001-11-20,55.61,21.77
2001-11-21,55.74,21.91
2001-11-22,55.87,22.05
2001-11-23,55.74,22.26
2001-11-26,56.41,22.75
2001-11-27,55.59,22.49
2001-11-28,55.36,22.29
2001-11-29,55.59,21.89
2001-11-30,55.5,22.24
2001-12-03,55.42,22.59
2001-12-04,54.5,22.36
2001-12-05,53.46,21.94
2001-12-06,53.6,22.15
2001-12-07,53.12,22.2
2001-12-10,52.75,22.62
2001-12-11,52.42,22.03
2001-12-12,52.25,22.04
2001-12-13,52.06,21.93
2001-12-14,51.84,21.81
2001-12-17,51.26,21.76
2001-12-18,50.8,21.85
2001-12-19,49.8,21.7
2001-12-20,49.6,21.25
2001-12-21,50.1,21.43
2001-12-26,49.27,21.22
2001-12-27,49.02,21.04
2001-12-28,49.73,21.47
2002-01-02,49.61,21.53
2002-01-03,49.59,21.61
2002-01-04,49.79,21.35
2002-01-07,50.1,21.5
2002-01-08,49.92,21.03
2002-01-09,51.28,21.59
2002-01-10,51.66,21.33
2002-01-11,50.92,21.2
2002-01-14,50.95,21.27
2002-01-15,51.68,21.77
2002-01-16,51.81,21.88
2002-01-17,51.57,21.66
2002-01-18,51.53,21.78
2002-01-21,51.68,21.77
2002-01-22,51.08,21.45
2002-01-23,50.81,21.31
2002-01-24,50.97,21.25
2002-01-25,50.7,21.01
2002-01-28,50.65,20.89
2002-01-29,50.53,20.72
2002-01-30,49.87,20.5
2002-01-31,49.64,20.56
2002-02-01,49.5,20.48
2002-02-04,49.18,20.27
2002-02-05,48.88,20.17
2002-02-06,48.64,19.97
2002-02-07,48.53,19.7
2002-02-08,48.5,19.72
2002-02-13,48.58,20.15
2002-02-14,48.51,19.96
2002-02-15,48.67,20.05
2002-02-18,48.85,20.13
2002-02-19,48.89,20.17
2002-02-20,49.31,20.29
2002-02-21,50.5,20.85
2002-02-22,50.81,20.93
2002-02-25,50.26,20.85
2002-02-26,50.37,21.04
2002-02-27,50.18,21.04
2002-02-28,50.92,21.7
2002-03-01,50.63,21.59
2002-03-04,51.67,22.22
2002-03-05,52.1,22.34
2002-03-06,52.06,21.98
2002-03-07,53.98,22.75
2002-03-08,54.75,23.29
2002-03-11,58.82,24.94
2002-03-12,59.48,25.52
2002-03-13,57.29,24.39
2002-03-14,55.72,23.76
2002-03-15,54.79,23.23
2002-03-18,52.09,22.25
2002-03-19,53.63,22.89
2002-03-20,57.53,24.53
2002-03-21,56.76,24.21
2002-03-22,57.35,24.41
2002-03-25,56.69,23.97
2002-03-26,57.45,24.49
2002-03-27,58.28,24.85
2002-03-28,59.75,25.7
2002-04-01,59.08,25.64
2002-04-02,60.94,26.51
2002-04-03,59.76,25.86
2002-04-04,58.88,25.58
2002-04-05,57.86,25.38
2002-04-08,56.94,24.83
2002-04-09,58.34,25.59
2002-04-10,58.49,25.8
2002-04-11,57.23,25.06
2002-04-12,56.12,24.36
2002-04-15,56.55,24.35
2002-04-16,56.29,24.25
2002-04-17,56.08,24.13
2002-04-18,57.43,24.67
2002-04-19,56.26,24.2
2002-04-22,56.44,24.1
2002-04-23,57.19,24.22
2002-04-24,57.33,24.31
2002-04-25,56.52,23.91
2002-04-26,56.59,23.86
2002-04-29,56.11,23.74
2002-04-30,56.73,24.02
2002-05-02,57.06,23.8
2002-05-03,57.49,23.86
2002-05-06,57.42,23.72
2002-05-07,58.22,23.91
2002-05-08,58.17,23.85
2002-05-09,55.99,22.64
2002-05-10,56.46,22.88
2002-05-13,56.69,22.49
2002-05-14,57.15,22.68
2002-05-15,57.6,22.98
2002-05-16,58.0,23.51
2002-05-17,58.07,23.45
2002-05-20,59.6,23.99
2002-05-21,60.92,24.54
2002-05-22,59.39,23.52
2002-05-23,59.44,23.5
2002-05-24,59.52,23.61
2002-05-27,59.79,23.65
2002-05-28,60.05,23.75
2002-05-29,61.17,24.33
2002-05-31,61.48,24.44
2002-06-03,61.59,24.29
2002-06-04,61.74,23.77
2002-06-05,63.72,24.42
2002-06-06,64.89,24.39
2002-06-07,65.49,24.44
2002-06-10,64.13,24.33
2002-06-11,64.99,23.96
2002-06-12,65.58,23.46
2002-06-13,66.1,24.39
2002-06-14,64.74,23.83
2002-06-17,65.05,24.43
2002-06-18,64.92,23.92
2002-06-19,65.76,24.29
2002-06-20,66.26,23.95
2002-06-21,67.05,24.03
2002-06-24,68.04,24.47
2002-06-25,68.3,24.18
2002-06-26,68.61,23.81
2002-06-27,69.27,24.26
2002-06-28,68.32,23.95
2002-07-01,68.79,23.75
2002-07-02,70.16,24.26
2002-07-03,69.4,24.22
2002-07-04,69.37,24.35
2002-07-05,69.87,24.34
2002-07-08,69.52,24.3
2002-07-10,69.62,24.42
2002-07-11,71.13,25.48
2002-07-12,70.59,25.11
2002-07-15,68.22,23.92
2002-07-16,68.93,24.0
2002-07-17,70.05,24.18
2002-07-18,69.34,24.32
2002-07-19,69.37,24.17
2002-07-22,69.56,23.96
2002-07-23,69.67,23.86
2002-07-24,69.68,23.65
2002-07-25,70.24,23.45
2002-07-26,70.34,23.35
2002-07-29,69.54,21.83
2002-07-30,70.45,21.35
2002-07-31,71.78,20.68
2002-08-01,71.39,22.59
2002-08-02,71.76,23.84
2002-08-05,71.39,22.56
2002-08-06,72.42,23.25
2002-08-07,71.49,23.67
2002-08-08,70.83,24.3
2002-08-09,70.47,23.26
2002-08-12,71.07,22.52
2002-08-13,71.66,22.64
2002-08-14,72.18,22.52
2002-08-15,72.27,22.51
2002-08-16,71.83,22.98
2002-08-19,72.03,23.2
2002-08-20,72.17,23.28
2002-08-21,72.25,23.42
2002-08-22,73.11,23.25
2002-08-23,73.32,23.55
2002-08-26,72.83,23.57
2002-08-27,73.15,23.33
2002-08-28,75.58,24.22
2002-08-29,75.72,24.63
2002-08-30,75.59,25.11
2002-09-02,76.84,25.09
2002-09-03,78.51,25.32
2002-09-04,84.48,27.12
2002-09-05,85.04,26.98
2002-09-06,86.25,27.3
2002-09-09,91.5,29.48
2002-09-10,91.48,29.15
2002-09-11,93.48,30.1
2002-09-12,96.16,30.76
2002-09-13,96.54,30.55
2002-09-16,99.29,30.87
2002-09-17,100.85,31.03
2002-09-18,98.8,29.45
2002-09-19,94.96,27.52
2002-09-20,93.41,27.43
2002-09-23,94.98,26.57
2002-09-24,98.93,26.17
2002-09-25,103.31,28.19
2002-09-26,105.06,27.94
2002-09-27,106.14,27.39
2002-09-30,106.41,28.3
2002-10-01,108.39,30.02
2002-10-02,105.83,28.92
2002-10-03,107.9,29.2
2002-10-04,103.13,28.49
2002-10-07,100.63,26.94
2002-10-08,105.89,28.43
2002-10-09,108.18,27.92
2002-10-10,110.9,27.79
2002-10-11,111.23,29.12
2002-10-14,113.73,29.54
2002-10-15,123.17,31.99
2002-10-16,119.18,30.4
2002-10-17,117.95,30.2
2002-10-18,116.1,29.96
2002-10-21,119.21,30.45
2002-10-22,122.53,31.34
2002-10-23,120.7,30.83
2002-10-24,123.76,32.57
2002-10-25,123.69,33.16
2002-10-28,118.89,31.45
2002-10-29,117.7,30.73
2002-10-30,117.97,31.75
2002-10-31,118.67,32.69
2002-11-01,116.31,32.31
2002-11-04,116.51,32.91
2002-11-05,119.32,33.85
2002-11-06,121.05,33.12
2002-11-07,127.44,35.4
2002-11-08,127.14,35.81
2002-11-11,125.46,35.69
2002-11-12,123.76,34.28
2002-11-13,129.54,35.69
2002-11-14,132.76,36.03
2002-11-18,141.07,39.63
2002-11-19,140.02,39.39
2002-11-20,144.29,41.05
2002-11-21,142.54,40.44
2002-11-22,147.44,41.42
2002-11-25,146.12,41.28
2002-11-26,147.41,40.83
2002-11-27,149.19,41.56
2002-11-28,149.26,41.35
2002-11-29,151.12,41.29
2002-12-02,151.56,41.77
2002-12-03,152.62,41.36
2002-12-04,152.12,40.84
2002-12-05,153.7,40.77
2002-12-06,153.17,40.85
2002-12-09,149.88,39.6
2002-12-10,153.54,40.35
2002-12-11,149.9,39.66
2002-12-12,140.57,37.14
2002-12-13,139.55,37.41
2002-12-16,139.12,38.64
2002-12-17,142.08,39.74
2002-12-18,145.76,41.41
2002-12-19,146.19,41.95
2002-12-20,144.83,41.5
2002-12-23,145.9,41.57
2002-12-26,143.29,40.14
2002-12-27,143.76,40.61
2002-12-30,142.91,40.26
2003-01-02,146.32,41.45
2003-01-03,147.56,42.83
2003-01-06,145.25,43.36
2003-01-07,147.85,44.8
2003-01-08,145.99,43.97
2003-01-09,144.92,43.72
2003-01-10,145.75,44.23
2003-01-13,143.83,43.45
2003-01-14,143.96,44.16
2003-01-15,142.44,42.8
2003-01-16,142.52,43.06
2003-01-17,145.02,42.97
2003-01-20,147.75,43.38
2003-01-21,149.66,43.01
2003-01-22,157.62,44.84
2003-01-23,161.04,45.62
2003-01-24,162.51,44.83
2003-01-27,162.77,44.97
2003-01-28,162.78,44.72
2003-01-29,163.6,45.38
2003-01-30,158.78,44.6
2003-01-31,161.41,45.86
2003-02-03,161.85,46.05
2003-02-04,160.85,45.06
2003-02-05,158.73,44.56
2003-02-06,160.54,44.69
2003-02-07,162.55,45.28
2003-02-10,160.94,44.89
2003-02-11,159.89,44.64
2003-02-12,158.45,43.95
2003-02-13,153.81,42.02
2003-02-14,152.7,41.66
2003-02-17,151.44,41.83
2003-02-18,147.6,41.11
2003-02-19,145.58,40.27
2003-02-20,148.48,41.07
2003-02-21,146.82,40.54
2003-02-24,139.91,39.02
2003-02-25,141.93,39.37
2003-02-26,140.51,39.23
2003-02-27,141.48,39.69
2003-02-28,139.63,39.11
2003-03-05,136.08,38.3
2003-03-06,136.05,38.87
2003-03-07,138.33,39.52
2003-03-10,138.9,39.44
2003-03-11,134.84,38.69
2003-03-12,133.71,38.53
2003-03-13,133.38,39.14
2003-03-14,131.25,38.21
2003-03-17,126.79,36.8
2003-03-18,125.7,36.49
2003-03-19,126.22,36.4
2003-03-20,129.47,37.2
2003-03-21,129.16,37.93
2003-03-24,126.2,37.12
2003-03-25,125.37,37.2
2003-03-26,124.51,36.78
2003-03-27,124.87,36.87
2003-03-28,127.12,37.8
2003-03-31,126.87,37.84
2003-04-01,129.67,39.13
2003-04-02,131.06,40.18
2003-04-03,133.79,41.1
2003-04-04,131.83,40.94
2003-04-07,131.59,41.75
2003-04-08,127.5,40.03
2003-04-09,127.57,39.93
2003-04-10,127.34,39.23
2003-04-11,126.14,39.36
2003-04-14,123.55,39.07
2003-04-15,124.01,40.26
2003-04-16,123.09,39.77
2003-04-17,123.98,40.92
2003-04-22,123.64,40.65
2003-04-23,123.67,41.22
2003-04-24,122.54,40.67
2003-04-25,122.07,40.6
2003-04-28,120.07,40.54
2003-04-29,117.65,40.4
2003-04-30,117.83,40.46
2003-05-02,117.05,39.48
2003-05-05,117.85,38.77
2003-05-06,119.44,39.48
2003-05-07,118.5,40.24
2003-05-08,117.47,40.3
2003-05-09,115.79,40.28
2003-05-12,115.4,40.28
2003-05-13,115.11,39.83
2003-05-14,114.12,39.46
2003-05-15,115.72,38.96
2003-05-16,116.6,39.59
2003-05-19,115.03,38.34
2003-05-20,116.11,38.17
2003-05-21,116.63,38.88
2003-05-22,117.1,39.27
2003-05-23,116.06,39.77
2003-05-26,115.65,38.2
2003-05-27,114.37,37.75
2003-05-28,114.62,38.05
2003-05-29,113.09,38.54
2003-05-30,111.88,37.67
2003-06-02,112.97,37.91
2003-06-03,112.76,38.29
2003-06-04,110.99,38.01
2003-06-05,109.1,38.12
2003-06-06,103.15,35.84
2003-06-09,104.02,36.32
2003-06-10,104.8,36.52
2003-06-11,105.25,36.89
2003-06-12,105.61,36.86
2003-06-13,104.39,36.76
2003-06-16,104.75,36.43
2003-06-17,104.82,36.59
2003-06-18,104.82,36.27
2003-06-20,102.98,35.63
2003-06-23,103.99,36.33
2003-06-24,104.8,36.52
2003-06-25,104.18,36.41
2003-06-26,105.45,36.36
2003-06-27,105.27,36.55
2003-06-30,106.16,37.35
2003-07-01,107.7,37.96
2003-07-02,110.68,39.31
2003-07-03,109.46,38.75
2003-07-04,107.28,37.77
2003-07-07,108.12,37.5
2003-07-08,110.5,38.51
2003-07-10,111.74,38.61
2003-07-11,111.92,38.67
2003-07-14,112.01,39.14
2003-07-15,113.9,39.89
2003-07-16,114.96,40.31
2003-07-17,117.73,41.02
2003-07-18,119.21,41.25
2003-07-21,115.96,40.28
2003-07-22,117.69,40.82
2003-07-23,118.32,40.86
2003-07-24,119.38,41.31
2003-07-25,122.08,42.21
2003-07-28,123.28,42.55
2003-07-29,129.39,44.04
2003-07-30,131.39,44.24
2003-07-31,131.57,44.38
2003-08-01,135.71,44.79
2003-08-04,136.49,44.46
2003-08-05,133.15,44.06
2003-08-06,134.38,44.03
2003-08-07,135.08,45.3
2003-08-08,133.94,44.84
2003-08-11,132.62,44.13
2003-08-12,134.2,44.29
2003-08-13,134.35,44.4
2003-08-14,132.39,43.98
2003-08-15,132.15,44.17
2003-08-18,131.67,43.86
2003-08-19,131.67,44.05
2003-08-20,130.61,43.61
2003-08-21,132.92,44.23
2003-08-22,132.87,44.51
2003-08-25,132.68,44.3
2003-08-26,133.24,44.59
2003-08-27,132.89,44.91
2003-08-28,132.12,44.67
2003-08-29,132.0,44.31
2003-09-01,131.34,43.99
2003-09-02,131.43,43.94
2003-09-03,129.79,43.82
2003-09-04,129.46,44.16
2003-09-05,130.81,45.01
2003-09-08,132.69,45.06
2003-09-09,133.46,45.66
2003-09-10,132.32,45.78
2003-09-11,134.03,45.98
2003-09-12,133.61,46.03
2003-09-15,129.96,45.1
2003-09-16,125.11,42.95
2003-09-17,124.63,42.83
2003-09-18,125.77,43.35
2003-09-19,125.59,43.26
2003-09-22,126.02,43.41
2003-09-23,126.94,43.43
2003-09-24,127.48,43.63
2003-09-25,128.88,43.84
2003-09-26,127.44,43.42
2003-09-29,127.37,43.5
2003-09-30,126.66,43.8
2003-10-01,127.82,44.0
2003-10-02,126.92,43.89
2003-10-03,128.01,44.34
2003-10-06,125.46,43.8
2003-10-07,125.89,44.02
2003-10-08,123.77,43.46
2003-10-09,122.1,43.1
2003-10-10,123.06,43.45
2003-10-13,121.23,42.73
2003-10-14,121.1,42.79
2003-10-15,121.07,42.64
2003-10-16,120.94,42.43
2003-10-17,123.54,43.06
2003-10-20,123.52,42.95
2003-10-21,124.65,43.63
2003-10-22,125.12,43.69
2003-10-23,125.93,43.95
2003-10-24,126.37,44.02
2003-10-27,126.91,44.22
2003-10-28,129.82,45.39
2003-10-29,127.56,44.84
2003-10-30,128.35,45.05
2003-10-31,126.82,44.22
2003-11-03,126.16,44.27
2003-11-04,126.61,44.25
2003-11-05,127.5,44.54
2003-11-06,127.18,44.21
2003-11-07,127.15,44.32
2003-11-10,127.15,44.04
2003-11-11,127.08,43.71
2003-11-12,127.54,43.94
2003-11-13,127.95,43.52
2003-11-14,128.31,43.49
2003-11-17,128.05,43.67
2003-11-18,127.19,43.22
2003-11-19,127.16,43.19
2003-11-20,126.83,43.09
2003-11-21,126.4,43.26
2003-11-24,126.65,43.36
2003-11-25,126.79,43.17
2003-11-26,127.44,43.23
2003-11-27,128.13,43.52
2003-11-28,128.39,43.57
2003-12-01,128.97,44.08
2003-12-02,130.2,44.41
2003-12-03,131.68,44.91
2003-12-04,129.06,43.82
2003-12-05,129.56,44.14
2003-12-08,132.8,45.14
2003-12-09,131.23,44.71
2003-12-10,134.07,45.55
2003-12-11,132.89,45.23
2003-12-12,133.49,45.43
2003-12-15,130.27,44.6
2003-12-16,132.31,45.05
2003-12-17,134.62,45.93
2003-12-18,133.1,45.38
2003-12-19,132.81,45.42
2003-12-22,133.05,45.57
2003-12-23,132.71,45.62
2003-12-26,130.18,44.88
2003-12-29,130.64,45.65
2003-12-30,130.12,44.82
2004-01-02,129.87,45.11
2004-01-05,130.71,45.8
2004-01-06,133.12,46.42
2004-01-07,132.92,46.51
2004-01-08,133.23,46.7
2004-01-09,134.05,47.32
2004-01-12,135.64,48.65
2004-01-13,137.31,48.93
2004-01-14,136.5,48.44
2004-01-15,136.22,48.39
2004-01-16,137.58,48.63
2004-01-19,140.05,49.31
2004-01-20,143.19,50.46
2004-01-21,147.46,51.83
2004-01-22,145.82,51.36
2004-01-23,146.37,51.54
2004-01-26,151.6,53.29
2004-01-27,148.77,51.84
2004-01-28,147.6,50.97
2004-01-29,146.24,49.89
2004-01-30,141.7,48.33
2004-02-02,143.28,48.67
2004-02-03,142.88,48.96
2004-02-04,139.11,47.66
2004-02-05,136.89,46.69
2004-02-06,135.04,46.03
2004-02-09,134.48,45.98
2004-02-10,134.12,45.91
2004-02-11,134.41,46.24
2004-02-12,134.29,46.37
2004-02-13,134.17,46.17
2004-02-16,133.62,45.95
2004-02-17,132.3,45.33
2004-02-18,130.27,44.3
2004-02-19,128.01,43.25
2004-02-20,128.08,43.27
2004-02-25,128.48,43.68
2004-02-26,127.79,43.56
2004-02-27,128.67,44.28
2004-03-01,129.04,44.56
2004-03-02,128.09,44.29
2004-03-03,126.38,43.76
2004-03-04,125.38,43.38
2004-03-05,125.1,43.61
2004-03-08,125.36,43.59
2004-03-09,125.63,43.61
2004-03-10,124.92,43.08
2004-03-11,124.84,42.92
2004-03-12,125.51,43.27
2004-03-15,125.1,43.06
2004-03-16,126.34,43.61
2004-03-17,124.95,42.91
2004-03-18,124.57,42.84
2004-03-19,124.28,42.82
2004-03-22,123.98,42.56
2004-03-23,123.56,42.39
2004-03-24,123.49,42.15
2004-03-25,121.23,41.28
2004-03-26,121.54,41.35
2004-03-29,121.39,41.29
2004-03-30,120.56,41.44
2004-03-31,121.57,41.98
2004-04-01,121.77,42.13
2004-04-02,123.29,42.59
2004-04-05,121.93,42.39
2004-04-06,121.39,42.21
2004-04-07,121.6,42.36
2004-04-08,121.96,42.27
2004-04-12,121.75,42.24
2004-04-13,121.71,42.07
2004-04-14,120.94,41.89
2004-04-15,121.27,41.82
2004-04-16,122.26,42.03
2004-04-19,122.6,42.18
2004-04-20,122.5,41.84
2004-04-22,121.22,41.4
2004-04-23,122.92,42.24
2004-04-26,122.58,42.11
2004-04-27,123.07,42.22
2004-04-28,124.34,42.15
2004-04-29,123.81,41.73
2004-04-30,123.63,42.16
2004-05-03,123.63,41.49
2004-05-04,124.55,41.93
2004-05-05,124.66,42.19
2004-05-06,124.6,41.52
2004-05-07,124.2,40.56
2004-05-10,124.72,39.72
2004-05-11,126.56,41.14
2004-05-12,126.52,40.27
2004-05-13,126.37,40.32
2004-05-14,127.12,41.11
2004-05-17,127.69,40.87
2004-05-18,129.12,41.24
2004-05-19,132.75,42.36
2004-05-20,135.18,42.07
2004-05-21,136.47,42.57
2004-05-24,139.27,43.77
2004-05-25,141.4,44.75
2004-05-26,146.37,46.3
2004-05-27,142.88,45.79
2004-05-28,147.67,47.79
2004-05-31,145.87,45.73
2004-06-01,144.5,45.66
2004-06-02,145.07,46.32
2004-06-03,145.27,46.19
2004-06-04,145.62,46.49
2004-06-07,144.25,46.35
2004-06-08,143.99,46.17
2004-06-09,144.48,46.22
2004-06-11,145.28,46.28
2004-06-14,143.71,45.39
2004-06-15,140.33,44.7
2004-06-16,139.37,44.39
2004-06-17,133.98,42.68
2004-06-18,132.04,42.04
2004-06-21,129.0,41.23
2004-06-22,128.97,41.15
2004-06-23,131.98,42.21
2004-06-24,132.8,42.92
2004-06-25,130.62,41.99
2004-06-28,130.04,41.56
2004-06-29,131.56,42.33
2004-06-30,130.46,42.0
2004-07-01,130.75,42.54
2004-07-02,128.77,42.33
2004-07-05,124.41,41.14
2004-07-06,124.79,40.94
2004-07-07,125.1,41.22
2004-07-08,124.55,40.72
2004-07-09,124.95,41.09
2004-07-12,124.98,41.18
2004-07-13,125.55,41.3
2004-07-14,126.12,41.68
2004-07-15,127.13,42.17
2004-07-16,126.81,42.26
2004-07-19,127.9,42.7
2004-07-20,130.11,43.28
2004-07-21,130.08,42.96
2004-07-22,129.13,42.46
2004-07-23,128.37,42.01
2004-07-26,127.91,41.57
2004-07-27,129.1,42.13
2004-07-28,130.96,42.88
2004-07-29,130.94,43.11
2004-07-30,131.48,43.28
2004-08-02,129.71,42.47
2004-08-03,129.88,42.54
2004-08-04,129.65,42.44
2004-08-05,127.25,41.46
2004-08-06,128.63,42.42
2004-08-09,129.58,42.62
2004-08-10,130.28,43.01
2004-08-11,130.84,43.08
2004-08-12,131.01,43.17
2004-08-13,132.16,43.75
2004-08-16,133.72,44.46
2004-08-17,134.83,45.0
2004-08-18,133.12,44.6
2004-08-19,132.82,44.45
2004-08-20,133.03,44.85
2004-08-23,134.5,45.38
2004-08-24,135.77,45.93
2004-08-25,136.23,46.15
2004-08-26,136.64,46.22
2004-08-27,137.8,46.63
2004-08-30,137.68,46.73
2004-08-31,136.54,46.62
2004-09-01,137.06,46.73
2004-09-02,137.26,46.69
2004-09-03,136.37,46.57
2004-09-06,136.12,46.73
2004-09-08,136.43,47.03
2004-09-09,137.66,47.47
2004-09-10,138.97,47.87
2004-09-13,138.99,47.75
2004-09-14,139.12,47.82
2004-09-15,139.1,47.93
2004-09-16,139.73,48.43
2004-09-17,139.77,48.72
2004-09-20,140.09,48.71
2004-09-21,142.64,49.72
2004-09-22,145.4,50.45
2004-09-23,143.95,49.97
2004-09-24,144.25,50.26
2004-09-27,145.61,50.68
2004-09-28,144.18,50.29
2004-09-29,141.03,49.42
2004-09-30,141.36,49.44
2004-10-01,139.75,49.23
2004-10-04,138.74,49.1
2004-10-05,139.42,49.27
2004-10-06,139.94,49.24
2004-10-07,140.14,49.15
2004-10-08,139.87,49.44
2004-10-11,139.23,49.37
2004-10-13,137.04,48.25
2004-10-14,136.83,47.64
2004-10-15,138.32,48.42
2004-10-18,137.87,48.22
2004-10-19,136.98,47.58
2004-10-20,136.0,47.35
2004-10-21,134.96,47.24
2004-10-22,134.94,47.0
2004-10-25,134.71,46.73
2004-10-26,135.28,47.2
2004-10-27,136.45,47.68
2004-10-28,136.42,47.58
2004-10-29,134.4,47.01
2004-11-01,132.49,46.44
2004-11-03,133.69,47.26
2004-11-04,134.06,47.54
2004-11-05,134.78,47.79
2004-11-08,134.7,47.5
2004-11-09,135.57,47.97
2004-11-10,138.55,49.01
2004-11-11,138.28,49.05
2004-11-12,137.12,49.15
2004-11-16,137.71,49.45
2004-11-17,137.79,49.89
2004-11-18,137.22,49.41
2004-11-19,137.39,49.32
2004-11-22,137.64,49.96
2004-11-23,138.21,50.37
2004-11-24,137.89,50.05
2004-11-25,137.39,50.05
2004-11-26,137.2,50.18
2004-11-29,138.29,50.32
2004-11-30,138.66,51.02
2004-12-01,138.32,51.02
2004-12-02,141.23,51.67
2004-12-03,138.92,51.28
2004-12-06,137.77,50.67
2004-12-07,137.36,49.99
2004-12-08,137.38,49.79
2004-12-09,138.2,49.69
2004-12-10,137.68,49.61
2004-12-13,137.75,49.84
2004-12-14,137.77,49.82
2004-12-15,138.5,50.82
2004-12-16,140.1,51.15
2004-12-17,139.36,50.94
2004-12-20,140.6,52.54
2004-12-21,140.96,52.19
2004-12-22,138.43,51.16
2004-12-23,139.22,51.53
2004-12-27,139.32,51.79
2004-12-28,139.85,51.99
2004-12-29,139.62,52.35
2004-12-30,139.51,52.45
2005-01-03,139.56,52.19
2005-01-04,140.6,52.07
2005-01-05,143.27,52.91
2005-01-06,142.35,52.28
2005-01-07,141.62,52.24
2005-01-10,142.8,52.83
2005-01-11,143.18,52.62
2005-01-12,144.96,53.67
2005-01-13,145.26,53.76
2005-01-14,144.79,53.59
2005-01-17,145.44,53.83
2005-01-18,146.01,53.72
2005-01-19,147.31,54.36
2005-01-20,147.57,54.29
2005-01-21,147.48,54.86
2005-01-24,147.76,55.11
2005-01-25,147.99,55.06
2005-01-26,149.28,56.04
2005-01-27,148.93,55.86
2005-01-28,147.69,55.8
2005-01-31,148.6,56.91
2005-02-01,148.04,56.72
2005-02-02,149.54,57.18
2005-02-03,148.71,57.13
2005-02-04,149.94,57.36
2005-02-09,153.43,58.9
2005-02-10,153.0,58.42
2005-02-11,153.76,59.05
2005-02-14,153.83,59.62
2005-02-15,152.33,58.93
2005-02-16,155.94,60.42
2005-02-17,153.49,59.89
2005-02-18,153.37,59.58
2005-02-21,153.89,59.69
2005-02-22,153.23,58.96
2005-02-23,155.6,59.99
2005-02-24,154.73,58.79
2005-02-25,154.71,59.1
2005-02-28,154.2,59.54
2005-03-01,153.42,58.6
2005-03-02,155.72,58.92
2005-03-03,154.27,57.52
2005-03-04,154.64,58.22
2005-03-07,155.37,58.0
2005-03-08,157.16,58.34
2005-03-09,156.52,57.88
2005-03-10,157.58,58.06
2005-03-11,158.31,58.2
2005-03-14,158.26,57.49
2005-03-15,156.59,56.61
2005-03-16,155.88,56.4
2005-03-17,155.95,57.38
2005-03-18,155.16,57.11
2005-03-21,153.82,56.41
2005-03-22,152.03,56.35
2005-03-23,151.16,54.97
2005-03-24,146.84,53.59
2005-03-28,146.28,53.72
2005-03-29,150.19,55.67
2005-03-30,149.96,56.04
2005-03-31,151.61,56.82
2005-04-01,151.55,56.97
2005-04-04,150.72,57.07
2005-04-05,150.39,57.27
2005-04-06,151.23,58.14
2005-04-07,149.71,57.67
2005-04-08,147.72,57.12
2005-04-11,144.13,55.73
2005-04-12,144.56,56.16
2005-04-13,145.84,56.9
2005-04-14,143.85,55.82
2005-04-15,144.22,55.07
2005-04-18,144.94,55.6
2005-04-19,147.95,57.46
2005-04-20,149.61,58.4
2005-04-22,151.58,59.75
2005-04-25,152.2,60.33
2005-04-26,154.6,60.96
2005-04-27,154.42,61.38
2005-04-28,154.6,60.56
2005-04-29,154.22,60.98
2005-05-02,152.33,60.66
2005-05-03,151.93,60.94
2005-05-04,154.49,62.6
2005-05-05,154.28,62.59
2005-05-06,154.52,62.76
2005-05-09,155.22,63.38
2005-05-10,154.52,62.46
2005-05-11,155.87,63.47
2005-05-12,157.1,63.55
2005-05-13,159.61,64.54
2005-05-16,156.91,63.35
2005-05-17,159.0,64.06
2005-05-18,161.71,65.74
2005-05-19,164.19,67.07
2005-05-20,164.36,67.33
2005-05-23,164.69,67.83
2005-05-24,164.8,67.85
2005-05-25,165.44,68.65
2005-05-27,165.65,69.48
2005-05-30,165.29,69.71
2005-05-31,163.66,67.94
2005-06-01,162.11,66.36
2005-06-02,166.14,68.83
2005-06-03,167.4,68.97
2005-06-06,166.79,67.99
2005-06-07,169.79,68.94
2005-06-08,167.1,67.87
2005-06-09,167.06,66.88
2005-06-10,162.5,65.71
2005-06-13,155.49,63.49
2005-06-14,156.82,64.4
2005-06-15,159.6,65.54
2005-06-16,159.82,66.43
2005-06-17,159.48,66.78
2005-06-20,159.36,66.57
2005-06-21,159.11,67.05
2005-06-22,162.89,68.38
2005-06-23,159.93,66.67
2005-06-24,159.14,66.87
2005-06-27,152.49,64.2
2005-06-28,153.38,64.8
2005-06-29,155.36,65.97
2005-06-30,156.91,67.23
2005-07-01,157.12,66.66
2005-07-04,157.72,66.66
2005-07-05,159.75,67.21
2005-07-06,159.31,66.49
2005-07-07,159.21,66.98
2005-07-08,158.94,67.2
2005-07-11,157.91,67.46
2005-07-12,157.18,67.08
2005-07-13,157.52,66.89
2005-07-14,158.76,67.93
2005-07-15,158.22,67.67
2005-07-18,153.68,65.73
2005-07-19,146.83,62.7
2005-07-20,148.33,63.25
2005-07-21,149.94,63.62
2005-07-22,151.83,63.31
2005-07-25,154.94,62.93
2005-07-26,156.42,63.82
2005-07-27,156.7,64.25
2005-07-28,157.5,65.43
2005-07-29,156.07,65.3
2005-08-01,154.52,65.28
2005-08-02,155.27,66.3
2005-08-03,154.37,66.8
2005-08-04,156.12,67.76
2005-08-05,152.92,66.2
2005-08-08,151.38,65.0
2005-08-09,150.83,65.72
2005-08-10,149.71,65.69
2005-08-11,149.71,63.81
2005-08-12,151.33,63.74
2005-08-15,148.43,63.71
2005-08-16,147.27,62.48
2005-08-17,150.67,64.0
2005-08-18,146.09,61.36
2005-08-19,147.93,60.38
2005-08-22,148.42,62.23
2005-08-23,151.23,62.75
2005-08-24,150.03,61.51
2005-08-25,148.84,62.07
2005-08-26,146.09,60.79
2005-08-29,147.28,61.75
2005-08-30,148.46,62.27
2005-08-31,149.46,63.38
2005-09-01,152.03,64.36
2005-09-02,151.21,64.87
2005-09-05,150.55,64.39
2005-09-06,148.91,64.05
2005-09-08,145.75,62.8
2005-09-09,146.51,63.42
2005-09-12,147.39,63.48
2005-09-13,147.4,63.31
2005-09-14,147.63,63.42
2005-09-15,148.71,64.77
2005-09-16,146.5,63.72
2005-09-19,144.59,62.98
2005-09-20,146.94,63.89
2005-09-21,146.34,64.33
2005-09-22,146.56,64.39
2005-09-23,148.21,65.41
2005-09-26,144.74,64.3
2005-09-27,145.4,64.36
2005-09-28,145.29,65.0
2005-09-29,146.95,66.37
2005-09-30,147.21,66.02
2005-10-03,146.93,65.89
2005-10-04,146.4,64.75
2005-10-05,146.62,64.65
2005-10-06,147.03,64.15
2005-10-07,147.84,65.71
2005-10-10,149.09,66.59
2005-10-11,149.71,67.01
2005-10-13,149.62,66.29
2005-10-14,149.72,66.66
2005-10-17,150.5,67.28
2005-10-18,151.03,67.4
2005-10-19,151.93,67.53
2005-10-20,151.93,67.53
2005-10-21,151.29,66.77
2005-10-24,152.34,67.38
2005-10-25,153.33,67.76
2005-10-26,153.43,67.32
2005-10-27,153.96,67.2
2005-10-28,153.23,67.68
2005-10-31,153.53,68.18
2005-11-01,153.63,68.4
2005-11-03,155.98,70.23
2005-11-04,155.63,70.32
2005-11-07,157.19,71.35
2005-11-08,158.56,72.24
2005-11-09,163.08,74.84
2005-11-10,162.53,74.93
2005-11-11,162.99,75.36
2005-11-14,160.32,72.54
2005-11-16,157.93,71.66
2005-11-17,159.39,72.78
2005-11-18,157.53,70.67
2005-11-21,160.0,71.97
2005-11-22,162.04,72.12
2005-11-23,161.57,72.1
2005-11-24,161.71,72.1
2005-11-25,163.54,73.2
2005-11-28,162.72,73.86
2005-11-29,162.76,74.35
2005-11-30,163.21,73.99
2005-12-01,162.11,72.99
2005-12-02,161.99,73.33
2005-12-05,162.49,73.99
2005-12-06,162.15,74.48
2005-12-07,161.52,73.59
2005-12-08,160.94,72.36
2005-12-09,162.17,71.98
2005-12-12,163.81,72.48
2005-12-13,164.92,72.81
2005-12-14,163.02,71.47
2005-12-15,162.71,70.75
2005-12-16,163.15,69.81
2005-12-19,164.27,68.96
2005-12-20,165.31,70.47
2005-12-21,165.82,71.88
2005-12-22,165.14,70.88
2005-12-23,166.01,71.62
2005-12-26,164.82,70.8
2005-12-27,165.15,70.64
2005-12-28,165.57,70.51
2005-12-29,166.38,70.86
2006-01-02,165.93,70.91
2006-01-03,168.31,72.2
2006-01-04,169.98,74.23
2006-01-05,172.96,75.59
2006-01-06,172.79,75.72
2006-01-09,173.67,77.19
2006-01-10,173.08,76.48
2006-01-11,174.06,76.21
2006-01-12,175.69,77.57
2006-01-13,175.56,77.14
2006-01-16,180.01,79.16
2006-01-17,181.99,78.75
2006-01-18,186.46,80.27
2006-01-19,183.9,78.99
2006-01-20,185.92,81.61
2006-01-23,184.52,81.72
2006-01-24,185.53,82.68
2006-01-25,188.36,83.83
2006-01-26,188.28,84.39
2006-01-27,188.43,85.03
2006-01-30,187.35,84.54
2006-01-31,187.21,84.52
2006-02-01,184.75,83.07
2006-02-02,184.68,82.96
2006-02-03,184.79,83.65
2006-02-06,183.03,83.77
2006-02-07,175.9,80.43
2006-02-08,178.44,81.63
2006-02-09,180.13,83.01
2006-02-10,179.25,82.75
2006-02-13,176.57,82.01
2006-02-14,175.7,82.18
2006-02-15,175.31,82.04
2006-02-16,174.51,82.47
2006-02-17,177.24,83.41
2006-02-20,177.9,84.04
2006-02-21,179.47,83.24
2006-02-22,178.92,83.57
2006-02-23,182.14,85.03
2006-02-24,180.8,84.49
2006-03-01,183.58,86.76
2006-03-02,185.72,87.94
2006-03-03,186.58,88.34
2006-03-06,187.65,87.61
2006-03-07,185.23,85.4
2006-03-08,184.22,84.27
2006-03-09,184.05,85.17
2006-03-10,183.46,85.77
2006-03-13,182.01,85.29
2006-03-14,179.92,84.63
2006-03-15,181.79,85.71
2006-03-16,179.67,85.15
2006-03-17,176.35,82.95
2006-03-20,176.53,82.14
2006-03-21,175.04,80.52
2006-03-22,174.98,81.31
2006-03-23,174.56,80.74
2006-03-24,174.06,80.81
2006-03-27,174.81,80.52
2006-03-28,174.81,79.13
2006-03-29,175.46,79.25
2006-03-30,175.24,80.06
2006-03-31,178.58,82.49
2006-04-03,175.82,82.2
2006-04-04,175.52,82.21
2006-04-05,177.16,83.02
2006-04-06,176.8,83.01
2006-04-07,175.38,81.57
2006-04-10,174.14,80.73
2006-04-11,172.32,80.52
2006-04-12,173.24,81.22
2006-04-13,172.68,80.77
2006-04-17,170.32,79.74
2006-04-18,157.96,74.62
2006-04-19,157.84,74.67
2006-04-20,158.98,74.99
2006-04-24,158.84,75.13
2006-04-25,158.46,74.5
2006-04-26,158.13,74.66
2006-04-27,157.95,75.03
2006-04-28,157.12,75.29
2006-05-02,157.59,76.5
2006-05-03,157.11,75.71
2006-05-04,155.84,75.25
2006-05-05,153.57,74.73
2006-05-08,152.48,73.66
2006-05-09,152.79,74.13
2006-05-10,152.73,74.14
2006-05-11,151.62,72.16
2006-05-12,152.46,71.11
2006-05-15,149.57,68.42
2006-05-16,151.03,70.71
2006-05-17,150.64,68.35
2006-05-18,152.1,69.93
2006-05-19,152.57,69.1
2006-05-22,153.46,67.04
2006-05-23,154.73,67.48
2006-05-24,156.28,65.12
2006-05-25,157.46,68.64
2006-05-26,157.51,70.31
2006-05-29,156.93,68.98
2006-05-30,157.64,68.24
2006-05-31,159.83,68.8
2006-06-01,159.39,70.75
2006-06-02,162.12,71.2
2006-06-05,160.46,71.28
2006-06-06,159.34,70.6
2006-06-07,159.5,71.21
2006-06-08,158.17,69.62
2006-06-09,159.12,70.38
2006-06-12,158.95,69.41
2006-06-13,158.83,68.97
2006-06-14,160.39,70.29
2006-06-16,160.39,71.44
2006-06-19,158.33,70.28
2006-06-20,157.72,70.22
2006-06-21,158.15,70.85
2006-06-22,156.96,69.95
2006-06-23,157.66,70.7
2006-06-26,156.06,69.95
2006-06-27,156.83,70.08
2006-06-28,156.74,70.6
2006-06-29,157.61,72.53
2006-06-30,157.83,72.9
2006-07-03,159.17,73.01
2006-07-04,160.03,73.78
2006-07-05,161.95,73.62
2006-07-06,161.38,74.2
2006-07-07,161.23,73.89
2006-07-10,162.6,74.59
2006-07-11,163.13,74.66
2006-07-12,163.92,74.51
2006-07-13,163.27,73.55
2006-07-14,162.83,73.58
2006-07-17,159.44,72.31
2006-07-18,159.97,72.95
2006-07-19,160.77,73.85
2006-07-20,160.28,73.09
2006-07-21,155.98,70.93
2006-07-24,157.56,71.88
2006-07-25,159.05,72.2
2006-07-26,159.06,72.63
2006-07-27,159.94,73.0
2006-07-28,161.38,74.23
2006-07-31,163.93,75.34
2006-08-01,162.05,73.96
2006-08-02,164.22,75.3
2006-08-03,163.76,75.22
2006-08-04,164.1,75.14
2006-08-07,165.04,75.53
2006-08-08,165.96,76.2
2006-08-09,169.02,77.96
2006-08-10,170.52,78.94
2006-08-11,170.37,78.69
2006-08-14,167.44,77.45
2006-08-15,168.94,78.91
2006-08-16,174.56,81.65
2006-08-17,173.43,81.0
2006-08-18,174.72,81.38
2006-08-21,178.31,83.64
2006-08-22,181.08,84.7
2006-08-23,179.94,83.61
2006-08-24,177.17,82.25
2006-08-25,177.05,82.08
2006-08-28,175.98,82.23
2006-08-29,177.8,83.16
2006-08-30,175.64,82.15
2006-08-31,177.5,82.75
2006-09-01,178.96,83.66
2006-09-04,179.96,84.72
2006-09-05,182.36,85.53
2006-09-06,183.02,85.05
2006-09-08,182.03,84.31
2006-09-11,180.05,82.74
2006-09-12,180.54,83.28
2006-09-13,183.16,84.88
2006-09-14,184.23,85.17
2006-09-15,183.36,85.21
2006-09-18,181.81,84.68
2006-09-19,181.7,84.0
2006-09-20,182.22,83.7
2006-09-21,183.86,83.23
2006-09-22,183.93,83.34
2006-09-25,184.56,83.17
2006-09-26,185.95,84.79
2006-09-27,186.41,85.23
2006-09-28,185.95,85.61
2006-09-29,186.2,85.77
2006-10-02,182.65,84.64
2006-10-03,184.04,84.66
2006-10-04,184.91,85.53
2006-10-05,184.71,85.55
2006-10-06,184.08,85.1
2006-10-09,182.67,84.73
2006-10-10,182.2,84.63
2006-10-11,182.6,84.61
2006-10-13,184.46,86.32
2006-10-16,184.38,86.56
2006-10-17,185.79,87.15
2006-10-18,186.39,87.18
2006-10-19,184.68,86.26
2006-10-20,186.01,86.88
2006-10-23,188.38,88.11
2006-10-24,188.79,87.81
2006-10-25,188.16,87.68
2006-10-26,189.39,88.58
2006-10-27,189.29,88.7
2006-10-30,189.79,88.27
2006-10-31,191.03,89.14
2006-11-01,191.25,89.2
2006-11-03,195.27,91.25
2006-11-06,198.23,92.76
2006-11-07,201.63,94.31
2006-11-08,200.69,93.56
2006-11-09,202.38,94.53
2006-11-10,203.79,94.7
2006-11-13,200.92,92.63
2006-11-14,202.65,94.3
2006-11-16,205.07,95.21
2006-11-17,200.46,92.8
2006-11-20,200.17,92.37
2006-11-21,204.79,94.68
2006-11-22,205.29,94.78
2006-11-23,204.93,94.52
2006-11-24,205.34,94.63
2006-11-27,208.18,95.02
2006-11-28,208.48,95.28
2006-11-29,211.13,97.34
2006-11-30,208.42,96.31
2006-12-01,210.01,96.87
2006-12-04,210.85,97.44
2006-12-05,211.84,98.44
2006-12-06,213.69,99.58
2006-12-07,213.18,99.48
2006-12-08,214.12,100.06
2006-12-11,214.96,100.54
2006-12-12,215.07,99.94
2006-12-13,217.01,101.12
2006-12-14,217.35,101.19
2006-12-15,219.28,102.14
2006-12-18,218.25,101.56
2006-12-19,217.45,100.95
2006-12-20,218.88,101.43
2006-12-21,219.98,101.99
2006-12-22,219.95,102.45
2006-12-26,218.88,102.09
2006-12-27,221.47,103.2
2006-12-28,219.78,102.89
2007-01-02,221.61,104.0
2007-01-03,220.53,103.05
2007-01-04,220.37,102.78
2007-01-05,219.78,102.13
2007-01-08,218.23,101.46
2007-01-09,218.53,101.64
2007-01-10,214.71,99.91
2007-01-11,215.53,100.48
2007-01-12,216.78,101.25
2007-01-15,218.66,102.18
2007-01-16,218.68,102.19
2007-01-17,217.03,101.7
2007-01-18,213.71,100.1
2007-01-19,210.29,98.68
2007-01-22,211.29,98.92
2007-01-23,206.8,96.95
2007-01-24,206.2,96.85
2007-01-25,206.63,96.83
2007-01-26,205.3,96.02
2007-01-29,205.02,96.03
2007-01-30,203.94,95.73
2007-01-31,202.47,95.32
2007-02-01,201.52,95.87
2007-02-02,201.74,95.84
2007-02-05,200.3,95.66
2007-02-06,199.43,95.6
2007-02-07,199.2,95.13
2007-02-08,199.7,95.42
2007-02-09,197.91,93.88
2007-02-12,198.43,93.86
2007-02-13,194.23,92.14
2007-02-14,194.93,93.18
2007-02-15,195.52,93.42
2007-02-16,194.95,93.14
2007-02-21,194.52,93.66
2007-02-22,197.12,94.68
2007-02-23,196.52,94.07
2007-02-26,198.93,95.45
2007-02-27,199.47,94.09
2007-02-28,200.8,94.67
2007-03-01,200.13,94.45
2007-03-02,200.37,93.98
2007-03-05,198.43,92.94
2007-03-06,198.68,93.85
2007-03-07,200.94,95.1
2007-03-08,200.51,95.17
2007-03-09,201.39,95.95
2007-03-12,201.8,96.65
2007-03-13,202.24,96.12
2007-03-14,200.3,95.52
2007-03-15,202.58,96.93
2007-03-16,203.23,97.1
2007-03-19,203.13,97.71
2007-03-20,202.8,97.64
2007-03-21,202.91,98.5
2007-03-22,202.4,98.2
2007-03-23,203.2,98.54
2007-03-26,203.2,98.64
2007-03-27,203.94,98.86
2007-03-28,203.55,98.38
2007-03-29,203.76,99.69
2007-03-30,201.3,97.67
2007-04-02,201.63,98.45
2007-04-03,202.37,99.35
2007-04-04,202.69,99.65
2007-04-05,203.3,100.05
2007-04-09,201.8,99.66
2007-04-10,202.23,99.72
2007-04-11,200.14,98.2
2007-04-12,201.47,99.05
2007-04-13,200.93,99.42
2007-04-16,199.09,97.74
2007-04-17,198.93,97.71
2007-04-18,198.3,97.54
2007-04-19,196.36,96.78
2007-04-20,195.31,96.35
2007-04-23,195.41,95.98
2007-04-24,194.7,95.67
2007-04-25,192.64,95.32
2007-04-26,188.81,93.15
2007-04-27,184.07,90.58
2007-04-30,185.48,91.1
2007-05-02,182.96,90.4
2007-05-03,184.39,90.97
2007-05-04,184.32,90.57
2007-05-07,184.48,91.28
2007-05-08,184.96,91.47
2007-05-09,185.53,91.89
2007-05-10,185.24,91.57
2007-05-11,185.98,92.16
2007-05-14,187.13,93.14
2007-05-15,189.22,95.47
2007-05-16,189.96,97.26
2007-05-17,190.26,97.47
2007-05-18,191.81,97.81
2007-05-21,193.0,99.53
2007-05-22,194.14,99.87
2007-05-23,192.42,98.63
2007-05-24,193.52,98.24
2007-05-25,193.98,99.37
2007-05-28,193.81,99.75
2007-05-29,194.31,99.65
2007-05-30,193.64,99.71
2007-05-31,192.48,99.94
2007-06-01,195.9,102.84
2007-06-04,196.41,101.87
2007-06-05,197.16,101.37
2007-06-06,198.3,101.59
2007-06-08,203.4,103.51
2007-06-11,204.08,105.17
2007-06-12,204.2,104.93
2007-06-13,205.0,105.4
2007-06-14,203.8,105.76
2007-06-15,204.63,106.97
2007-06-18,205.3,107.71
2007-06-19,204.21,107.2
2007-06-20,205.63,106.6
2007-06-21,205.23,107.06
2007-06-22,205.44,105.73
2007-06-25,203.67,104.39
2007-06-26,204.38,104.65
2007-06-27,204.77,105.39
2007-06-28,204.55,106.42
2007-06-29,203.91,105.65
2007-07-02,204.13,106.6
2007-07-03,203.42,106.45
2007-07-04,203.05,106.31
2007-07-05,203.5,106.32
2007-07-06,202.74,106.53
2007-07-09,203.13,106.97
2007-07-10,203.96,107.75
2007-07-11,204.69,108.18
2007-07-12,202.94,108.29
2007-07-13,199.63,107.22
2007-07-16,199.05,106.39
2007-07-17,200.18,107.62
2007-07-18,200.7,107.9
2007-07-19,201.83,108.86
2007-07-20,202.63,109.18
2007-07-23,201.26,109.26
2007-07-24,200.09,107.52
2007-07-25,199.38,106.79
2007-07-26,200.84,104.17
2007-07-27,197.38,104.21
2007-07-30,198.48,105.86
2007-07-31,199.8,106.16
2007-08-01,198.84,105.1
2007-08-02,200.02,106.68
2007-08-03,200.73,105.65
2007-08-06,200.05,104.96
2007-08-07,200.6,105.19
2007-08-08,200.18,106.14
2007-08-09,200.93,104.32
2007-08-10,200.96,102.95
2007-08-13,201.64,103.78
2007-08-14,202.1,101.81
2007-08-15,200.66,98.8
2007-08-16,201.47,96.3
2007-08-17,200.23,98.88
2007-08-20,201.8,99.46
2007-08-21,202.11,99.37
2007-08-22,201.93,100.41
2007-08-23,201.43,101.32
2007-08-24,201.18,103.59
2007-08-27,201.68,103.37
2007-08-28,201.61,100.65
2007-08-29,201.56,102.52
2007-08-30,201.24,101.94
2007-08-31,201.5,102.65
2007-09-03,201.52,103.13
2007-09-04,203.01,104.16
2007-09-05,202.7,102.94
2007-09-06,203.67,103.91
2007-09-10,204.24,104.95
2007-09-11,205.66,106.84
2007-09-12,205.09,107.43
2007-09-13,204.14,107.22
2007-09-14,205.64,108.17
2007-09-17,207.64,108.14
2007-09-18,207.8,110.71
2007-09-19,207.19,110.86
2007-09-20,206.47,109.71
2007-09-21,205.81,110.17
2007-09-24,205.03,109.58
2007-09-25,206.19,110.86
2007-09-26,205.47,111.25
2007-09-27,205.03,111.25
2007-09-28,205.38,111.98
2007-10-01,206.21,113.93
2007-10-02,205.81,112.77
2007-10-03,205.74,111.87
2007-10-04,205.56,112.63
2007-10-05,204.67,113.45
2007-10-08,205.93,113.27
2007-10-09,204.48,113.41
2007-10-10,205.28,113.73
2007-10-11,206.18,114.17
2007-10-15,205.31,113.12
2007-10-16,203.24,111.98
2007-10-17,205.75,112.98
2007-10-18,204.81,114.67
2007-10-19,205.45,113.76
2007-10-22,204.79,112.64
2007-10-23,204.59,113.79
2007-10-24,205.38,113.6
2007-10-25,204.35,113.91
2007-10-26,205.52,116.18
2007-10-29,205.5,116.96
2007-10-30,205.68,117.4
2007-10-31,205.93,118.63
2007-11-01,205.49,117.56
2007-11-05,205.14,117.29
2007-11-06,205.75,118.52
2007-11-07,206.31,118.57
2007-11-08,205.97,118.04
2007-11-09,206.52,118.28
2007-11-12,205.68,115.75
2007-11-13,206.68,116.97
2007-11-14,207.3,119.55
2007-11-16,206.66,118.3
2007-11-19,206.97,117.13
2007-11-20,205.97,116.9
2007-11-21,206.55,116.3
2007-11-22,206.69,116.12
2007-11-23,206.8,114.64
2007-11-26,206.87,113.41
2007-11-27,206.9,112.69
2007-11-28,206.68,115.21
2007-11-29,207.3,115.55
2007-11-30,207.14,115.53
2007-12-03,206.18,114.93
2007-12-04,205.64,113.68
2007-12-05,206.56,114.95
2007-12-06,206.93,116.52
2007-12-07,207.31,117.85
2007-12-10,207.52,117.51
2007-12-11,207.12,117.82
2007-12-12,207.47,117.02
2007-12-13,207.12,116.16
2007-12-14,207.06,115.22
2007-12-17,207.93,114.69
2007-12-18,208.09,114.71
2007-12-19,207.45,115.19
2007-12-20,207.47,114.94
2007-12-21,207.61,115.72
2007-12-26,207.31,116.99
2007-12-27,207.61,117.89
2007-12-28,206.95,116.59
2008-01-02,208.12,117.45
2008-01-03,207.38,118.37
2008-01-04,207.89,118.46
2008-01-07,208.23,118.05
2008-01-08,208.47,118.38
2008-01-09,208.43,117.89
2008-01-10,209.38,119.17
2008-01-11,210.2,120.32
2008-01-14,209.51,120.82
2008-01-15,210.44,120.11
2008-01-16,210.12,118.51
2008-01-17,210.39,117.74
2008-01-18,210.2,117.76
2008-01-21,210.49,115.02
2008-01-22,209.99,117.18
2008-01-23,210.68,115.44
2008-01-24,211.23,118.4
2008-01-25,209.76,117.38
2008-01-28,210.47,117.98
2008-01-29,210.45,118.16
2008-01-30,211.03,118.55
2008-01-31,211.14,120.03
2008-02-01,211.83,121.32
2008-02-06,211.33,120.55
2008-02-07,211.33,120.21
2008-02-08,213.68,120.79
2008-02-11,214.11,121.86
2008-02-12,214.99,122.85
2008-02-13,214.07,122.82
2008-02-14,217.82,124.47
2008-02-15,220.32,125.61
2008-02-18,215.71,124.26
2008-02-19,221.73,127.94
2008-02-20,223.53,129.66
2008-02-21,225.24,131.64
2008-02-22,227.76,133.35
2008-02-25,229.2,134.35
2008-02-26,228.45,135.66
2008-02-27,231.96,138.81
2008-02-28,235.31,140.99
2008-02-29,239.36,141.55
2008-03-03,239.23,143.17
2008-03-04,241.09,142.99
2008-03-05,238.52,142.65
2008-03-06,229.81,136.79
2008-03-07,225.65,133.99
2008-03-10,219.43,128.62
2008-03-11,226.92,134.67
2008-03-12,234.31,139.97
2008-03-13,238.09,140.63
2008-03-14,232.46,135.62
2008-03-17,221.32,128.45
2008-03-18,220.86,130.84
2008-03-19,227.67,132.29
2008-03-20,220.94,127.57
2008-03-24,218.78,125.23
2008-03-25,224.35,129.53
2008-03-26,228.66,132.56
2008-03-27,229.64,132.21
2008-03-28,227.13,130.24
2008-03-31,227.56,129.81
2008-04-01,226.35,129.71
2008-04-02,225.92,130.82
2008-04-03,226.19,131.73
2008-04-04,225.65,132.03
2008-04-07,225.56,132.37
2008-04-08,225.75,133.27
2008-04-09,227.04,134.42
2008-04-10,226.58,134.47
2008-04-11,226.04,133.75
2008-04-14,226.22,134.1
2008-04-15,226.36,134.5
2008-04-16,226.44,136.08
2008-04-17,225.66,136.1
2008-04-18,223.42,133.86
2008-04-22,221.4,133.29
2008-04-23,219.99,132.68
2008-04-24,216.49,129.63
2008-04-25,211.16,126.67
2008-04-28,213.16,126.28
2008-04-29,212.79,124.73
2008-04-30,213.12,128.16
2008-05-02,208.5,126.36
2008-05-05,209.83,126.63
2008-05-06,210.83,127.0
2008-05-07,211.13,124.93
2008-05-08,210.49,124.33
2008-05-09,209.95,124.53
2008-05-12,208.14,125.01
2008-05-13,208.44,125.79
2008-05-14,210.63,126.58
2008-05-15,210.66,127.29
2008-05-16,210.38,128.2
2008-05-19,211.71,128.39
2008-05-20,212.01,128.49
2008-05-21,211.54,127.59
2008-05-23,212.33,127.83
2008-05-26,213.66,128.79
2008-05-27,214.7,128.48
2008-05-28,215.46,130.19
2008-05-29,215.11,131.41
2008-05-30,214.27,131.61
2008-06-02,215.09,131.8
2008-06-03,210.83,129.42
2008-06-04,210.36,129.14
2008-06-05,210.33,129.27
2008-06-06,210.33,128.72
2008-06-09,206.24,126.84
2008-06-10,208.63,126.67
2008-06-11,206.95,126.03
2008-06-12,207.48,126.9
2008-06-13,208.43,127.4
2008-06-16,210.25,129.38
2008-06-17,209.93,130.55
2008-06-18,210.12,130.75
2008-06-19,209.92,130.87
2008-06-20,212.16,132.1
2008-06-23,212.82,131.94
2008-06-24,213.82,133.47
2008-06-25,214.18,134.62
2008-06-26,215.7,134.56
2008-06-27,215.97,135.32
2008-06-30,217.49,136.19
2008-07-01,220.1,137.14
2008-07-02,220.65,137.65
2008-07-03,220.6,136.94
2008-07-04,218.82,136.08
2008-07-07,216.82,135.43
2008-07-08,209.83,130.04
2008-07-09,213.68,132.89
2008-07-10,214.99,133.53
2008-07-11,218.32,136.36
2008-07-14,216.64,135.91
2008-07-15,217.32,136.85
2008-07-16,217.13,135.96
2008-07-17,218.62,136.72
2008-07-18,217.22,136.7
2008-07-21,217.07,137.47
2008-07-22,216.02,136.72
2008-07-23,214.82,135.62
2008-07-24,214.25,135.69
2008-07-25,214.82,136.57
2008-07-28,214.82,136.4
2008-08-11,214.99,133.04
2008-08-12,213.68,131.58
2008-08-13,213.49,132.19
2008-08-14,212.82,130.81
2008-08-15,213.49,130.34
2008-08-18,213.12,130.03
2008-08-19,213.75,131.38
2008-08-20,212.75,131.41
2008-08-21,214.07,132.96
2008-08-22,214.45,131.72
2008-08-25,213.82,130.94
2008-08-26,213.82,131.1
2008-08-27,214.91,132.49
2008-08-28,214.16,131.22
2008-08-29,215.32,131.86
2008-09-01,213.82,129.83
2008-09-02,214.22,128.82
2008-09-04,217.12,126.31
2008-09-05,216.92,126.34
2008-09-08,214.99,123.84
2008-09-09,216.07,121.94
2008-09-10,215.49,120.72
2008-09-11,218.42,120.34
2008-09-12,219.31,123.14
2008-09-15,219.53,121.02
2008-09-16,216.65,119.04
2008-09-17,217.72,116.55
2008-09-18,216.4,112.13
2008-09-19,219.42,119.9
2008-09-22,218.82,122.04
2008-09-23,219.49,119.94
2008-09-24,219.52,118.66
2008-09-25,220.25,120.95
2008-09-26,219.49,118.45
2008-09-29,216.15,109.89
2008-09-30,217.24,114.1
2008-10-01,216.82,113.05
2008-10-02,218.65,108.19
2008-10-03,219.82,107.54
2008-10-06,216.57,98.44
2008-10-07,218.1,94.33
2008-10-08,220.62,96.76
2008-10-09,220.82,100.92
2008-10-10,220.87,95.45
2008-10-13,221.15,103.34
2008-10-14,221.32,105.29
2008-10-15,219.19,101.24
2008-10-16,218.02,100.7
2008-10-17,221.15,104.56
2008-10-20,221.07,104.42
2008-10-21,221.82,99.2
2008-10-22,222.45,93.47
2008-10-23,223.15,96.6
2008-10-24,221.32,95.11
2008-10-27,220.01,98.04
2008-10-28,221.01,101.1
2008-10-29,220.67,103.12
2008-10-30,222.43,105.77
2008-10-31,219.38,101.75
2008-11-03,220.81,101.8
2008-11-04,221.38,104.87
2008-11-05,221.14,104.41
2008-11-06,221.81,100.78
2008-11-07,221.31,102.46
2008-11-10,220.14,100.43
2008-11-11,221.24,99.57
2008-11-12,222.21,96.91
2008-11-13,222.87,93.64
2008-11-14,223.11,98.29
2008-11-17,222.78,97.84
2008-11-18,222.24,95.59
2008-11-19,222.59,93.33
2008-11-20,222.81,92.84
2008-11-21,221.45,89.87
2008-11-24,221.48,95.14
2008-11-25,223.01,95.92
2008-11-26,221.81,97.84
2008-11-27,224.31,98.34
2008-11-28,225.01,97.32
2008-12-01,224.95,97.02
2008-12-02,224.97,94.09
2008-12-03,226.8,91.68
2008-12-04,228.9,90.44
2008-12-05,232.13,93.41
2008-12-08,228.99,91.6
2008-12-09,227.69,92.11
2008-12-10,225.64,92.89
2008-12-11,227.66,97.08
2008-12-12,225.8,95.48
2008-12-15,226.43,95.18
2008-12-16,226.1,95.4
2008-12-17,224.81,95.74
2008-12-18,223.81,94.87
2008-12-19,222.47,94.07
2008-12-22,220.06,92.08
2008-12-23,220.31,92.3
2008-12-29,220.39,91.26
2008-12-30,219.14,93.81
2009-01-06,221.21,101.47
2009-01-07,222.66,98.87
2009-01-08,222.61,96.87
2009-01-09,225.43,99.27
2009-01-12,222.89,97.16
2009-01-13,225.56,96.89
2009-01-14,226.26,96.49
2009-01-15,226.48,95.08
2009-01-16,228.46,97.8
2009-01-19,227.91,97.73
2009-01-20,228.95,96.56
2009-01-21,228.7,97.24
2009-01-22,229.69,98.58
2009-01-23,231.52,98.94
2009-01-26,231.31,100.13
2009-01-27,233.01,100.05
2009-01-28,233.38,102.58
2009-01-29,233.56,101.77
2009-01-30,232.81,100.57
2009-02-03,230.24,99.24
2009-02-04,229.69,99.47
2009-02-05,227.67,99.51
2009-02-06,226.39,100.71
2009-02-09,226.04,101.04
2009-02-10,225.74,100.24
2009-02-11,225.81,98.61
2009-02-12,225.31,98.48
2009-02-13,222.26,98.17
2009-02-16,220.42,96.67
2009-02-17,220.6,94.84
2009-02-18,220.15,93.72
2009-02-19,220.82,93.93
2009-02-20,219.6,91.92
2009-02-25,220.15,92.7
2009-02-26,221.65,94.56
2009-02-27,219.39,92.53
2009-03-02,220.98,90.46
2009-03-03,219.15,90.86
2009-03-04,220.69,93.04
2009-03-05,220.32,92.57
2009-03-06,218.15,91.85
2009-03-09,216.54,91.17
2009-03-11,208.33,88.65
2009-03-12,210.68,91.48
2009-03-13,208.83,90.87
2009-03-16,211.83,93.03
2009-03-17,208.23,91.13
2009-03-18,209.43,93.08
2009-03-19,211.54,94.1
2009-03-20,209.2,92.4
2009-03-23,211.43,94.18
2009-03-24,210.47,93.88
2009-03-25,212.23,94.41
2009-03-26,211.63,94.48
2009-03-27,208.83,91.11
2009-03-30,208.11,89.28
2009-03-31,207.63,89.57
2009-04-01,206.43,90.5
2009-04-02,205.83,92.09
2009-04-03,205.33,93.08
2009-04-06,204.83,92.35
2009-04-07,204.42,92.16
2009-04-08,204.26,92.68
2009-04-09,206.16,94.92
2009-04-13,205.16,94.55
2009-04-14,199.84,91.04
2009-04-15,199.44,90.78
2009-04-16,198.67,91.3
2009-04-17,197.64,90.2
2009-04-20,195.59,87.16
2009-04-22,194.24,88.21
2009-04-23,194.96,87.86
2009-04-24,194.41,88.73
2009-04-27,196.5,88.52
2009-04-28,195.04,88.78
2009-04-29,196.67,90.42
2009-04-30,198.67,90.8
2009-05-04,198.84,93.53
2009-05-05,198.84,92.57
2009-05-06,198.41,93.94
2009-05-07,198.84,94.24
2009-05-08,198.64,96.05
2009-05-11,195.84,95.11
2009-05-12,196.04,94.7
2009-05-13,197.5,93.78
2009-05-14,196.64,94.45
2009-05-18,195.04,93.95
2009-05-19,196.84,96.73
2009-05-20,197.84,97.55
2009-05-22,196.12,96.76
2009-05-25,196.44,97.01
2009-05-26,196.85,97.55
2009-05-27,197.04,97.79
2009-05-28,197.84,98.48
2009-05-29,197.5,100.26
2009-06-01,197.09,100.92
2009-06-02,195.04,101.37
2009-06-03,196.06,99.88
2009-06-04,195.84,100.84
2009-06-05,196.01,100.16
2009-06-08,195.04,99.21
2009-06-09,193.84,100.12
2009-06-12,192.84,100.18
2009-06-15,190.04,97.31
2009-06-16,189.44,96.31
2009-06-17,189.04,96.35
2009-06-18,188.05,95.21
2009-06-19,186.25,94.4
2009-06-22,183.05,90.44
2009-06-23,181.85,91.75
2009-06-24,180.28,90.82
2009-06-25,177.69,91.31
2009-06-26,177.69,91.64
2009-06-29,178.19,90.73
2009-06-30,180.75,92.03
2009-07-01,180.19,93.41
2009-07-02,179.44,91.92
2009-07-03,178.95,91.68
2009-07-06,177.71,90.67
2009-07-07,178.77,89.7
2009-07-08,177.98,88.55
2009-07-09,178.52,89.62
2009-07-10,178.85,89.43
2009-07-13,179.28,90.55
2009-07-14,179.85,91.34
2009-07-15,178.13,92.05
2009-07-16,179.85,93.19
2009-07-17,178.57,92.62
2009-07-20,180.35,94.77
2009-07-21,179.85,94.31
2009-07-22,179.85,94.46
2009-07-23,181.05,95.84
2009-07-24,180.85,95.34
2009-07-27,182.08,97.11
2009-07-28,182.99,97.23
2009-07-29,182.05,95.61
2009-07-30,183.96,98.16
2009-07-31,182.85,98.04
2009-08-03,184.92,100.77
2009-08-04,185.35,101.67
2009-08-05,185.08,102.2
2009-08-06,186.1,101.3
2009-08-07,185.68,101.8
2009-08-10,186.07,100.63
2009-08-11,186.44,101.16
2009-08-12,186.51,101.7
2009-08-13,185.99,101.52
2009-08-14,186.34,100.56
2009-08-17,184.68,98.86
2009-08-18,185.13,100.34
2009-08-19,184.85,100.19
2009-08-20,185.49,100.64
2009-08-21,186.84,102.04
2009-08-24,187.11,101.41
2009-08-25,186.46,100.41
2009-08-26,188.04,101.04
2009-08-27,186.68,100.09
2009-08-28,187.06,99.39
2009-08-31,187.84,99.44
2009-09-01,186.24,97.77
2009-09-02,187.57,99.51
2009-09-03,188.72,101.13
2009-09-04,189.38,102.92
2009-09-08,188.13,102.97
2009-09-09,189.98,103.48
2009-09-10,189.72,104.18
2009-09-11,188.84,103.36
2009-09-14,189.92,104.76
2009-09-15,189.51,104.93
2009-09-16,189.51,105.28
2009-09-17,190.59,105.47
2009-09-18,190.7,105.42
2009-09-21,189.67,104.45
2009-09-22,189.91,105.62
2009-09-23,190.09,106.37
2009-09-24,188.34,104.4
2009-09-25,188.14,104.64
2009-09-28,187.41,104.58
2009-09-29,187.74,104.71
2009-09-30,186.59,105.3
2009-10-01,187.04,104.61
2009-10-02,186.69,105.0
2009-10-05,186.64,105.99
2009-10-06,186.75,106.59
2009-10-07,188.56,107.38
2009-10-08,186.84,107.44
2009-10-09,186.75,107.51
2009-10-13,186.99,108.27
2009-10-14,186.09,109.27
2009-10-15,185.05,108.91
2009-10-16,184.66,107.99
2009-10-19,183.1,107.01
2009-10-20,180.96,103.76
2009-10-21,180.28,104.51
2009-10-22,178.85,103.08
2009-10-23,174.49,101.86
2009-10-26,169.77,97.57
2009-10-27,169.11,97.24
2009-10-28,168.86,96.22
2009-10-29,169.41,97.87
2009-10-30,169.36,96.45
2009-11-03,168.66,96.65
2009-11-04,170.36,98.59
2009-11-05,169.73,98.57
2009-11-06,168.53,98.04
2009-11-09,162.77,95.69
2009-11-10,152.98,89.1
2009-11-11,147.42,85.61
2009-11-12,147.44,84.83
2009-11-13,148.21,86.07
2009-11-16,150.57,88.05
2009-11-17,153.25,89.25
2009-11-18,157.01,91.93
2009-11-19,158.01,91.12
2009-11-20,159.24,91.83
2009-11-23,163.75,94.76
2009-11-24,170.57,98.31
2009-11-25,171.29,99.24
2009-11-26,171.0,97.71
2009-11-27,169.46,97.22
2009-11-30,171.94,98.03
2009-12-01,173.32,100.65
2009-12-02,174.44,101.3
2009-12-03,175.0,102.4
2009-12-04,174.85,101.36
2009-12-07,174.73,101.47
2009-12-08,177.85,101.17
2009-12-09,177.6,100.28
2009-12-10,178.35,100.99
2009-12-11,178.71,101.83
2009-12-14,180.03,103.35
2009-12-15,182.25,103.96
2009-12-16,183.46,104.84
2009-12-17,179.85,100.47
2009-12-18,179.1,100.45
2009-12-21,177.67,99.59
2009-12-22,174.28,97.8
2009-12-23,172.41,98.13
2009-12-28,171.36,98.42
2009-12-29,171.61,98.45
2009-12-30,171.29,98.27
2010-01-04,174.28,101.33
2010-01-05,173.57,100.27
2010-01-06,174.69,100.45
2010-01-07,174.08,99.76
2010-01-08,174.96,101.14
2010-01-11,176.45,101.64
2010-01-12,177.52,101.55
2010-01-13,176.6,100.34
2010-01-14,176.99,100.28
2010-01-15,175.77,99.19
2010-01-18,176.39,99.82
2010-01-19,177.18,99.99
2010-01-20,173.63,96.89
2010-01-21,171.23,95.13
2010-01-22,168.53,92.85
2010-01-25,168.08,92.3
2010-01-26,169.52,92.33
2010-01-28,169.95,91.03
2010-01-29,170.61,90.51
2010-02-01,168.86,90.83
2010-02-02,169.94,92.86
2010-02-03,168.78,91.58
2010-02-04,167.03,88.7
2010-02-05,164.53,87.05
2010-02-08,166.19,93.16
2010-02-09,165.29,89.49
2010-02-10,167.0,90.32
2010-02-11,166.94,90.29
2010-02-12,168.36,90.37
2010-02-17,167.06,91.49
2010-02-18,169.4,92.98
2010-02-19,170.77,94.61
2010-02-22,169.75,93.83
2010-02-23,169.19,92.66
2010-02-24,169.86,93.02
2010-02-25,171.11,93.45
2010-02-26,172.36,95.44
2010-03-01,172.06,95.69
2010-03-02,173.85,97.56
2010-03-03,174.35,97.4
2010-03-04,173.39,96.76
2010-03-05,174.24,97.56
2010-03-08,173.95,97.29
2010-03-09,176.77,99.31
2010-03-10,176.92,99.9
2010-03-11,176.85,99.92
2010-03-12,178.39,101.24
2010-03-15,178.21,101.08
2010-03-16,177.85,100.82
2010-03-17,180.6,102.32
2010-03-18,174.98,97.97
2010-03-19,176.52,98.01
2010-03-22,172.48,95.82
2010-03-23,171.93,96.75
2010-03-24,170.63,94.79
2010-03-25,167.78,92.75
2010-03-29,168.36,93.64
2010-03-30,168.78,94.03
2010-03-31,168.78,94.76
2010-04-01,168.5,95.25
2010-04-05,167.19,94.89
2010-04-06,166.11,94.7
2010-04-07,162.76,91.65
2010-04-08,159.96,89.96
2010-04-09,158.28,89.22
2010-04-12,157.87,89.85
2010-04-13,157.7,89.76
2010-04-14,157.33,90.06
2010-04-15,157.22,89.69
2010-04-16,156.7,89.04
2010-04-19,156.87,89.38
2010-04-20,156.4,89.22
2010-04-22,154.95,87.89
2010-04-23,153.72,87.29
2010-04-26,154.73,88.67
2010-04-27,154.8,87.7
2010-04-28,153.7,87.78
2010-04-29,154.14,89.0
2010-04-30,155.58,89.57
2010-05-03,156.87,90.68
2010-05-04,157.37,89.36
2010-05-05,157.33,87.55
2010-05-06,157.23,84.81
2010-05-07,157.41,85.13
2010-05-10,157.94,89.08
2010-05-11,157.95,88.49
2010-05-12,158.87,89.5
2010-05-13,160.23,90.17
2010-05-14,159.79,88.53
2010-05-17,159.63,88.2
2010-05-18,160.32,87.99
2010-05-19,160.1,87.15
2010-05-20,161.11,86.53
2010-05-21,162.17,87.14
2010-05-24,161.86,86.84
2010-05-25,162.17,86.82
2010-05-26,164.72,88.75
2010-05-27,165.61,90.7
2010-05-28,166.01,91.77
2010-05-31,166.01,91.22
2010-06-01,164.66,89.54
2010-06-02,161.4,88.39
2010-06-04,158.7,85.41
2010-06-07,160.71,85.53
2010-06-08,160.42,86.29
2010-06-09,161.86,87.64
2010-06-10,163.01,90.16
2010-06-11,170.26,93.76
2010-06-14,172.27,95.28
2010-06-15,173.36,96.68
2010-06-16,174.6,97.54
2010-06-17,174.22,97.33
2010-06-18,174.31,98.37
2010-06-21,170.22,95.95
2010-06-22,169.68,95.22
2010-06-23,167.86,93.72
2010-06-24,170.13,95.1
2010-06-25,168.66,94.81
2010-06-28,168.94,94.75
2010-06-29,171.93,94.99
2010-06-30,174.35,96.65
2010-07-01,174.27,97.09
2010-07-02,170.06,95.75
2010-07-05,170.09,95.72
2010-07-06,168.69,94.66
2010-07-07,169.4,95.93
2010-07-09,171.64,97.52
2010-07-12,170.46,96.58
2010-07-13,172.98,98.68
2010-07-14,172.36,97.54
2010-07-15,172.11,97.13
2010-07-16,173.0,97.08
2010-07-19,171.77,96.12
2010-07-20,170.52,96.12
2010-07-21,170.48,95.51
2010-07-22,170.86,97.08
2010-07-23,170.52,96.94
2010-07-26,171.66,97.26
2010-07-27,171.19,96.72
2010-07-28,172.31,97.35
2010-07-30,175.35,99.92
2010-08-02,172.85,98.72
2010-08-03,171.31,97.39
2010-08-04,173.28,98.51
2010-08-05,173.5,98.91
2010-08-06,173.24,98.43
2010-08-09,171.77,98.04
2010-08-10,171.86,97.7
2010-08-11,172.01,97.18
2010-08-12,172.69,97.56
2010-08-13,171.69,96.89
2010-08-16,173.94,99.0
2010-08-17,173.7,99.03
2010-08-18,173.52,99.04
2010-08-19,171.95,97.92
2010-08-20,173.19,98.46
2010-08-24,167.36,94.82
2010-08-26,166.19,94.32
2010-09-29,172.47,101.16
2010-09-30,171.16,101.16
2010-10-01,170.07,101.29
2010-10-04,169.86,100.45
2010-10-05,171.27,102.56
2010-10-06,170.11,101.25
2010-10-07,171.69,101.83
2010-10-08,170.86,102.43
2010-10-11,171.52,102.95
2010-10-13,172.02,104.13
2010-10-14,171.04,102.91
2010-10-15,171.49,103.0
2010-10-18,171.48,103.05
2010-10-19,171.52,101.73
2010-10-20,173.43,103.54
2010-10-21,176.77,104.29
2010-10-22,175.85,103.08
2010-10-25,178.28,104.87
2010-10-26,178.4,104.63
2010-10-27,179.46,104.34
2010-10-28,179.85,104.99
2010-10-29,181.2,106.47
2010-11-01,178.71,105.0
2010-11-03,179.69,105.77
2010-11-04,182.54,108.91
2010-11-05,183.27,109.16
2010-11-08,183.76,108.35
2010-11-09,190.77,112.28
2010-11-10,189.17,111.08
2010-11-11,190.12,110.73
2010-11-12,187.59,108.88
2010-11-16,187.3,107.64
2010-11-17,187.61,108.7
2010-11-18,188.42,110.0
2010-11-19,189.09,110.06
2010-11-22,189.24,109.51
2010-11-23,189.51,109.54
2010-11-24,189.53,110.0
2010-11-25,189.68,110.22
2010-11-26,189.11,109.37
2010-11-29,188.92,109.65
2010-11-30,188.84,110.11
2010-12-01,190.34,111.44
2010-12-02,188.99,111.04
2010-12-03,189.2,112.29
2010-12-06,189.42,112.82
2010-12-07,189.84,112.93
2010-12-08,189.09,111.69
2010-12-10,190.41,111.16
2010-12-13,190.76,112.41
2010-12-14,191.99,113.4
2010-12-15,192.76,113.45
2010-12-16,192.48,113.09
2010-12-17,193.05,112.57
2010-12-20,193.69,113.47
2010-12-21,195.14,114.99
2010-12-22,197.91,116.69
2010-12-23,196.25,115.85
2010-12-27,195.25,115.6
2010-12-28,196.83,116.4
2010-12-29,197.99,117.92
2010-12-30,198.29,119.16
2011-01-03,198.91,120.55
2011-01-04,199.14,119.67
2011-01-05,198.62,118.65
2011-01-06,199.36,118.18
2011-01-10,203.52,120.5
2011-01-11,203.82,120.82
2011-01-12,209.18,124.81
2011-01-13,207.54,124.27
2011-01-17,206.91,122.94
2011-01-18,210.24,125.36
2011-01-19,209.65,125.39
2011-01-20,209.02,124.94
2011-01-24,209.2,125.12
2011-01-25,209.49,125.29
2011-01-26,210.13,125.75
2011-01-27,209.97,125.06
2011-01-28,209.91,124.58
2011-01-31,212.15,126.73
2011-02-01,213.59,128.36
2011-02-02,214.27,128.46
2011-02-03,214.74,128.59
2011-02-04,214.67,128.09
2011-02-07,214.07,127.42
2011-02-08,214.03,128.39
2011-02-09,214.6,129.2
2011-02-10,214.48,128.36
2011-02-11,214.32,128.56
2011-02-14,213.97,128.2
2011-02-15,215.9,129.28
2011-02-16,213.74,127.83
2011-02-17,214.74,129.13
2011-02-18,213.89,128.54
2011-02-21,214.32,128.49
2011-02-22,215.63,128.89
2011-02-23,214.88,128.28
2011-02-24,213.74,128.45
2011-02-28,213.74,128.53
2011-03-01,213.82,128.49
2011-03-02,214.2,129.04
2011-03-03,213.91,129.48
2011-03-04,214.07,129.97
2011-03-09,215.19,129.87
2011-03-10,216.28,130.21
2011-03-11,214.04,128.47
2011-03-14,212.19,127.67
2011-03-15,209.42,125.63
2011-03-16,211.57,126.38
2011-03-17,214.24,127.07
2011-03-18,214.81,128.63
2011-03-21,216.45,129.84
2011-03-22,216.12,129.96
2011-03-23,218.31,131.43
2011-03-24,218.53,131.73
2011-03-25,219.3,132.11
2011-03-28,220.42,132.62
2011-03-29,220.54,133.34
2011-03-30,219.48,134.73
2011-03-31,219.04,134.3
2011-04-01,219.01,135.86
2011-04-04,214.85,133.53
2011-04-05,217.86,135.4
2011-04-06,218.32,135.27
2011-04-07,219.67,138.68
2011-04-08,220.18,139.89
2011-04-11,219.05,138.55
2011-04-12,218.95,137.44
2011-04-13,219.51,137.97
2011-04-14,220.36,139.47
2011-04-15,221.14,140.14
2011-04-18,220.01,138.37
2011-04-19,221.28,140.4
2011-04-20,220.05,140.07
2011-04-25,222.05,141.16
2011-04-26,224.69,143.67
2011-04-27,224.27,142.76
2011-04-28,225.97,142.75
2011-04-29,228.43,145.22
2011-05-02,225.52,143.1
2011-05-03,230.58,145.11
2011-05-04,229.07,142.72
2011-05-05,229.6,141.29
2011-05-06,230.27,142.4
2011-05-09,230.58,142.34
2011-05-10,230.07,143.35
2011-05-11,231.26,142.76
2011-05-12,229.88,141.64
2011-05-13,229.77,140.7
2011-05-16,229.31,140.51
2011-05-17,226.64,139.73
2011-05-18,228.07,141.48
2011-05-19,230.31,142.43
2011-05-20,229.57,142.15
2011-05-23,231.27,141.71
2011-05-24,233.51,143.79
2011-05-25,239.51,147.03
2011-05-26,235.93,145.91
2011-05-27,238.39,148.9
2011-05-30,239.63,150.43
2011-05-31,238.62,151.02
2011-06-01,237.26,148.66
2011-06-02,229.86,145.67
2011-06-03,232.55,147.56
2011-06-06,227.33,143.61
2011-06-07,232.67,147.44
2011-06-08,233.64,147.59
2011-06-09,233.54,146.98
2011-06-10,238.76,149.51
2011-06-13,232.2,146.22
2011-06-14,234.17,148.02
2011-06-15,228.77,142.98
2011-06-16,228.65,142.02
2011-06-17,227.61,142.52
2011-06-20,218.51,136.99
2011-06-21,217.93,137.15
2011-06-22,215.68,135.73
2011-06-24,217.53,135.62
2011-06-27,216.48,135.64
2011-06-28,219.93,139.37
2011-06-29,220.01,139.95
2011-06-30,220.05,140.88
2011-07-01,221.0,141.94
2011-07-04,223.77,144.09
2011-07-05,220.53,140.91
2011-07-06,222.97,142.11
2011-07-07,223.07,143.36
2011-07-08,222.9,142.52
2011-07-11,216.08,136.67
2011-07-12,214.98,135.98
2011-07-13,218.9,138.99
2011-07-14,217.78,138.01
2011-07-15,216.18,137.26
2011-07-18,217.62,137.82
2011-07-19,216.96,138.46
2011-07-20,215.38,138.06
2011-07-21,214.96,138.24
2011-07-22,216.11,138.98
2011-07-25,218.15,141.38
2011-07-26,218.87,142.49
2011-07-27,216.87,139.11
2011-07-28,218.22,139.08
2011-07-29,216.78,139.59
2011-08-01,218.28,139.74
2011-08-02,218.61,139.42
2011-08-03,217.68,139.36
2011-08-04,216.96,137.14
2011-08-05,218.14,137.54
2011-08-08,213.88,132.68
2011-08-09,215.69,134.05
2011-08-10,218.0,134.82
2011-08-11,218.88,135.36
2011-08-12,217.53,134.86
2011-08-15,217.98,137.09
2011-08-16,217.69,136.91
2011-08-17,220.41,139.24
2011-08-18,223.02,139.22
2011-08-19,221.22,138.35
2011-08-22,227.91,142.18
2011-08-23,229.48,143.43
2011-08-24,228.97,142.22
2011-08-25,228.07,141.66
2011-08-26,228.23,142.2
2011-08-29,229.41,144.1
2011-08-30,229.77,144.69
2011-08-31,230.31,144.48
2011-09-01,228.13,141.7
2011-09-02,230.1,140.65
2011-09-05,227.9,138.12
2011-09-06,229.17,137.8
2011-09-08,226.6,136.76
2011-09-09,227.27,135.2
2011-09-12,229.64,133.9
2011-09-13,232.46,135.71
2011-09-14,234.01,136.05
2011-09-15,232.91,136.36
2011-09-16,234.39,135.49
2011-09-19,234.21,132.02
2011-09-20,234.54,130.74
2011-09-21,237.26,128.67
2011-09-22,234.32,122.87
2011-09-23,234.87,127.51
2011-09-26,234.07,127.7
2011-09-27,236.51,130.74
2011-09-28,239.18,130.91
2011-09-29,238.26,128.65
2011-09-30,237.22,126.18
2011-10-03,237.85,125.85
2011-10-04,238.26,126.13
2011-10-05,239.67,130.54
2011-10-06,242.94,135.95
2011-10-07,237.96,134.75
2011-10-10,240.26,135.74
2011-10-11,242.16,137.75
2011-10-13,241.26,137.78
2011-10-14,240.43,138.82
2011-10-17,241.76,137.05
2011-10-18,243.3,138.16
2011-10-19,245.25,138.25
2011-10-20,245.34,136.83
2011-10-21,244.67,137.46
2011-10-24,245.5,140.05
2011-10-25,248.57,140.91
2011-10-26,249.29,141.56
2011-10-27,252.06,147.92
2011-10-28,252.02,150.01
2011-10-31,254.5,150.23
2011-11-01,252.89,146.18
2011-11-03,255.54,146.78
2011-11-04,256.05,147.24
2011-11-07,258.57,147.67
2011-11-08,261.32,150.01
2011-11-09,261.74,148.29
2011-11-10,263.9,149.86
2011-11-11,264.82,151.85
2011-11-14,267.02,151.28
2011-11-16,268.31,151.42
2011-11-17,272.72,153.22
2011-11-18,273.47,153.38
2011-11-21,273.91,151.66
2011-11-22,275.18,152.37
2011-11-23,275.31,147.78
2011-11-24,275.08,145.7
2011-11-25,279.55,148.3
2011-11-28,279.56,150.63
2011-11-29,280.22,151.8
2011-11-30,290.71,160.7
2011-12-01,289.37,160.59
2011-12-02,292.52,163.24
2011-12-05,297.7,166.5
2011-12-06,300.32,167.31
2011-12-07,300.15,167.59
2011-12-08,303.92,167.35
2011-12-09,301.61,167.01
2011-12-12,298.32,161.78
2011-12-13,300.0,161.81
2011-12-14,299.7,159.92
2011-12-15,294.7,158.36
2011-12-16,298.98,161.09
2011-12-19,294.58,157.7
2011-12-20,297.37,161.35
2011-12-21,295.0,158.95
2011-12-22,295.79,159.71
2011-12-23,293.7,157.99
2011-12-26,292.7,157.45
2011-12-27,298.27,160.27
2011-12-28,298.95,159.52
2011-12-29,298.84,159.89
2012-01-02,297.56,159.12
2012-01-03,296.0,161.75
2012-01-04,298.1,162.98
2012-01-05,296.27,161.19
2012-01-06,297.48,160.45
2012-01-09,298.7,162.51
2012-01-10,297.9,165.23
2012-01-11,300.0,166.57
2012-01-12,300.62,168.41
2012-01-13,298.82,166.66
2012-01-16,300.26,168.21
2012-01-17,300.01,168.83
2012-01-18,301.61,170.88
2012-01-19,300.7,170.18
2012-01-20,302.4,171.92
2012-01-23,300.42,171.77
2012-01-24,299.21,170.49
2012-01-25,297.71,169.15
2012-01-26,292.9,168.14
2012-01-27,284.52,163.33
2012-01-30,283.39,162.03
2012-01-31,278.73,159.73
2012-02-01,264.74,152.76
2012-02-02,262.84,152.64
2012-02-03,264.9,154.28
2012-02-06,263.74,152.72
2012-02-07,268.19,155.56
2012-02-08,267.01,155.24
2012-02-09,269.12,156.65
2012-02-10,269.16,156.03
2012-02-13,268.74,156.61
2012-02-14,271.65,157.94
2012-02-15,274.31,159.12
2012-02-16,275.4,160.02
2012-02-17,275.73,160.96
2012-02-22,273.98,160.6
2012-02-23,274.03,160.16
2012-02-24,274.91,161.14
2012-02-27,273.91,160.37
2012-02-28,274.82,161.47
2012-02-29,275.06,160.29
2012-03-01,275.82,161.11
2012-03-02,276.96,159.81
2012-03-05,276.0,158.99
2012-03-06,276.13,156.89
2012-03-07,273.13,154.57
2012-03-08,269.73,152.39
2012-03-09,269.37,150.99
2012-03-12,263.99,146.25
2012-03-13,260.04,144.47
2012-03-14,254.02,140.42
2012-03-15,249.21,138.14
2012-03-16,249.16,138.27
2012-03-19,246.3,136.53
2012-03-20,244.34,134.18
2012-03-21,245.67,135.06
2012-03-22,245.06,134.35
2012-03-23,243.26,134.4
2012-03-26,239.92,132.19
2012-03-27,239.76,132.25
2012-03-28,240.16,131.38
2012-03-29,238.61,130.67
2012-03-30,239.76,131.23
2012-04-02,244.39,133.33
2012-04-03,242.21,132.21
2012-04-04,243.98,133.54
2012-04-05,245.9,134.67
2012-04-09,245.03,134.63
2012-04-10,246.25,134.49
2012-04-11,248.45,135.47
2012-04-12,249.42,136.52
2012-04-13,248.45,135.18
2012-04-16,249.25,135.39
2012-04-17,248.75,134.17
2012-04-18,250.75,133.59
2012-04-19,247.98,131.48
2012-04-20,250.45,133.72
2012-04-23,251.45,133.68
2012-04-24,253.74,134.76
2012-04-25,253.97,134.87
2012-04-26,250.9,133.1
2012-04-27,252.38,133.82
2012-04-30,249.5,130.9
2012-05-02,250.85,130.58
2012-05-03,249.85,130.47
2012-05-04,250.75,130.6
2012-05-07,249.57,129.92
2012-05-08,250.55,129.35
2012-05-09,250.38,127.61
2012-05-10,252.53,129.7
2012-05-11,251.42,128.8
2012-05-14,251.64,126.64
2012-05-15,250.21,125.1
2012-05-16,253.19,126.53
2012-05-17,252.55,126.34
2012-05-18,254.65,126.06
2012-05-21,255.86,125.3
2012-05-22,255.76,122.9
2012-05-23,257.69,126.13
2012-05-24,258.85,127.14
2012-05-25,261.64,130.95
2012-05-28,259.94,131.15
2012-05-29,259.34,130.52
2012-05-30,254.22,126.04
2012-05-31,250.98,124.43
2012-06-01,244.78,119.64
2012-06-04,245.77,119.83
2012-06-05,247.55,122.43
2012-06-06,250.5,123.46
2012-06-08,244.77,120.88
2012-06-11,246.5,120.24
2012-06-12,248.68,120.54
2012-06-13,253.18,122.19
2012-06-14,252.17,122.59
2012-06-15,255.01,124.95
2012-06-18,253.05,122.9
2012-06-19,253.02,124.64
2012-06-20,254.84,125.23
2012-06-21,254.84,124.13
2012-06-22,254.56,123.28
2012-06-25,253.92,122.9
2012-06-26,257.53,124.17
2012-06-27,258.43,124.07
2012-06-28,258.13,123.92
2012-06-29,261.66,130.18
2012-07-02,261.9,131.67
2012-07-03,262.51,130.28
2012-07-04,265.42,130.69
2012-07-05,265.75,131.11
2012-07-06,265.59,130.77
2012-07-09,266.03,130.98
2012-07-10,266.88,130.82
2012-07-11,268.5,131.88
2012-07-12,270.05,132.51
2012-07-13,268.5,131.81
2012-07-16,270.21,132.71
2012-07-17,274.25,135.3
2012-07-18,276.28,136.5
2012-07-19,282.01,139.89
2012-07-20,283.74,140.12
2012-07-23,284.99,139.77
2012-07-24,283.91,138.76
2012-07-25,284.74,139.85
2012-07-26,285.45,141.1
2012-07-27,288.23,142.41
2012-07-30,289.37,141.85
2012-07-31,290.01,141.67
2012-08-01,292.23,143.04
2012-08-02,287.34,140.16
2012-08-03,284.74,140.4
2012-08-06,283.38,139.73
2012-08-07,284.74,140.4
2012-08-08,279.24,138.1
2012-08-09,278.65,138.15
2012-08-10,275.95,136.88
2012-08-13,275.5,136.25
2012-08-14,269.48,132.95
2012-08-15,268.45,132.76
2012-08-16,267.59,132.54
2012-08-17,267.76,132.88
2012-08-20,271.21,134.39
2012-08-21,273.15,135.42
2012-08-22,272.92,135.11
2012-08-23,272.35,134.56
2012-08-24,272.08,134.43
2012-08-27,272.83,134.27
2012-08-28,276.75,135.46
2012-08-29,278.89,136.11
2012-08-30,280.2,136.95
2012-08-31,281.74,138.79
2012-09-03,285.54,140.52
2012-09-04,283.49,138.9
2012-09-05,283.83,139.2
2012-09-06,284.19,139.99
2012-09-10,285.74,141.11
2012-09-11,287.01,142.15
2012-09-12,287.55,141.79
2012-09-13,290.51,143.75
2012-09-14,289.36,143.75
2012-09-17,291.28,143.56
2012-09-18,290.62,143.73
2012-09-19,290.43,143.49
2012-09-20,285.6,141.17
2012-09-21,288.28,142.43
2012-09-24,286.28,141.3
2012-09-25,288.29,142.09
2012-09-26,288.24,141.64
2012-09-27,287.86,141.81
2012-09-28,288.74,142.31
2012-10-01,289.96,143.05
2012-10-02,289.11,142.63
2012-10-03,290.01,143.43
2012-10-04,289.04,143.16
2012-10-05,284.64,140.22
2012-10-08,285.13,140.53
2012-10-09,284.63,139.8
2012-10-10,284.92,139.67
2012-10-11,283.44,139.01
2012-10-15,283.97,139.61
2012-10-16,283.96,139.47
2012-10-17,284.41,140.03
2012-10-18,283.58,139.83
2012-10-19,283.29,139.69
2012-10-22,284.64,140.63
2012-10-23,283.16,139.69
2012-10-24,282.9,139.56
2012-10-25,278.75,137.59
2012-10-26,279.05,137.67
2012-10-29,276.83,136.17
2012-10-30,275.53,135.66
2012-10-31,274.33,135.14
2012-11-01,277.08,136.36
2012-11-05,274.08,134.68
2012-11-06,270.98,133.22
2012-11-07,270.85,133.1
2012-11-08,270.75,132.59
2012-11-09,270.75,132.2
2012-11-12,269.95,131.56
2012-11-13,269.21,129.8
2012-11-14,267.36,129.35
2012-11-16,266.9,128.32
2012-11-19,267.26,128.55
2012-11-20,267.3,128.2
2012-11-21,266.66,127.34
2012-11-22,266.94,127.3
2012-11-23,262.54,126.04
2012-11-26,257.32,123.59
2012-11-27,257.14,123.57
2012-11-28,257.27,123.21
2012-11-29,256.34,122.18
2012-11-30,256.11,120.41
2012-12-03,257.21,121.38
2012-12-04,257.41,121.59
2012-12-05,258.66,123.23
2012-12-06,258.02,124.11
2012-12-07,258.55,123.88
2012-12-10,257.37,123.85
2012-12-11,255.21,122.7
2012-12-12,257.27,124.04
2012-12-13,256.77,123.33
2012-12-14,254.27,121.78
2012-12-17,256.41,122.33
2012-12-18,255.61,122.36
2012-12-19,255.6,123.42
2012-12-20,256.07,124.18
2012-12-21,254.27,122.66
2012-12-26,256.43,124.78
2012-12-27,257.6,126.03
2012-12-28,256.27,125.31
2013-01-02,257.37,125.85
2013-01-03,259.1,127.26
2013-01-04,259.56,127.36
2013-01-07,258.46,127.26
2013-01-08,257.47,126.21
2013-01-09,261.22,128.17
2013-01-10,261.26,128.7
2013-01-11,262.87,129.11
2013-01-14,266.56,131.18
2013-01-15,266.96,131.12
2013-01-16,268.91,131.56
2013-01-17,271.37,132.83
2013-01-18,272.38,133.19
2013-01-21,274.24,134.3
2013-01-22,272.74,133.44
2013-01-23,275.56,135.21
2013-01-24,272.15,134.0
2013-01-25,272.05,134.01
2013-01-28,273.94,136.83
2013-01-29,273.6,137.76
2013-01-30,272.2,136.78
2013-01-31,268.75,135.25
2013-02-01,267.55,134.65
2013-02-04,266.25,133.59
2013-02-05,268.96,135.43
2013-02-06,267.58,134.53
2013-02-07,268.0,135.9
2013-02-08,268.75,136.28
2013-02-13,264.75,134.66
2013-02-14,268.74,137.18
2013-02-15,268.08,136.29
2013-02-18,266.25,135.63
2013-02-19,268.08,137.12
2013-02-20,263.75,134.29
2013-02-21,261.31,132.31
2013-02-22,260.91,132.31
2013-02-25,262.11,132.58
2013-02-26,260.5,131.3
2013-02-27,260.07,131.82
2013-02-28,258.03,130.58
2013-03-01,251.92,127.1
2013-03-04,249.58,126.18
2013-03-05,249.66,126.99
2013-03-06,251.16,127.56
2013-03-07,250.85,127.92
2013-03-08,252.87,129.68
2013-03-11,254.03,129.74
2013-03-12,253.85,129.38
2013-03-13,254.45,129.03
2013-03-14,254.54,128.75
2013-03-15,255.58,128.88
2013-03-18,254.84,128.12
2013-03-19,254.13,127.9
2013-03-20,253.69,127.35
2013-03-21,255.54,127.32
2013-03-22,254.84,126.53
2013-03-25,254.88,126.62
2013-03-26,254.59,126.22
2013-03-27,251.13,125.06
2013-03-28,251.76,124.51
2013-04-01,250.56,124.04
2013-04-02,249.04,123.16
2013-04-03,250.86,123.94
2013-04-04,250.58,124.36
2013-04-05,250.76,126.14
2013-04-08,249.58,125.42
2013-04-09,249.58,125.73
2013-04-10,249.76,126.27
2013-04-11,250.49,126.7
2013-04-12,248.68,126.23
2013-04-15,249.95,125.29
2013-04-16,251.35,126.05
2013-04-17,251.58,125.79
2013-04-18,251.18,124.47
2013-04-19,252.96,125.85
2013-04-22,252.06,124.78
2013-04-23,250.54,123.85
2013-04-24,250.4,124.14
2013-04-25,249.47,124.24
2013-04-26,248.99,124.56
2013-04-29,249.01,124.45
2013-04-30,249.66,124.71
2013-05-02,249.06,123.85
2013-05-03,247.6,123.12
2013-05-06,249.1,123.62
2013-05-07,251.39,125.32
2013-05-08,250.86,125.12
2013-05-09,250.68,124.53
2013-05-10,250.18,123.42
2013-05-13,251.85,125.3
2013-05-14,251.21,124.61
2013-05-15,252.54,124.65
2013-05-16,253.2,124.73
2013-05-17,251.39,123.35
2013-05-20,252.15,123.67
2013-05-21,252.76,124.02
2013-05-22,252.16,122.95
2013-05-23,251.86,122.56
2013-05-24,250.89,122.33
2013-05-27,250.71,121.94
2013-05-28,251.16,121.16
2013-05-29,249.13,118.07
2013-05-31,248.66,115.82
2013-06-03,248.49,116.77
2013-06-04,249.66,116.83
2013-06-05,248.86,116.73
2013-06-06,249.22,117.44
2013-06-07,248.1,116.15
2013-06-10,249.87,116.33
2013-06-11,248.26,116.17
2013-06-12,245.27,113.97
2013-06-13,243.97,113.9
2013-06-14,243.66,114.13
2013-06-17,243.6,112.16
2013-06-18,242.6,111.44
2013-06-19,242.23,109.86
2013-06-20,242.77,107.47
2013-06-21,243.14,108.35
2013-06-24,243.02,109.12
2013-06-25,242.7,109.08
2013-06-26,242.77,110.35
2013-06-27,241.44,110.65
2013-06-28,242.1,109.15
2013-07-01,241.77,108.42
2013-07-02,241.66,107.45
2013-07-03,243.05,107.12
2013-07-04,242.9,107.48
2013-07-05,243.38,107.6
2013-07-08,244.17,108.13
2013-07-09,242.1,106.93
2013-07-10,244.85,107.86
2013-07-11,243.6,107.89
2013-07-12,245.32,108.26
2013-07-15,245.49,108.87
2013-07-16,248.66,111.21
2013-07-17,252.06,112.98
2013-07-18,256.12,114.95
2013-07-19,256.3,114.47
2013-07-22,255.75,114.38
2013-07-23,255.6,114.93
2013-07-24,252.6,112.27
2013-07-25,253.3,112.88
2013-07-26,254.15,112.86
2013-07-29,254.27,112.06
2013-07-30,254.4,111.53
2013-07-31,253.4,111.24
2013-08-01,254.21,110.38
2013-08-02,254.35,111.61
2013-08-05,254.03,110.45
2013-08-06,253.42,110.23
2013-08-07,252.99,109.52
2013-08-08,253.98,111.2
2013-08-09,254.66,112.09
2013-08-12,254.45,111.26
2013-08-13,253.68,109.87
2013-08-14,254.39,109.51
2013-08-15,254.26,108.52
2013-08-16,253.85,106.12
2013-08-19,256.59,106.29
2013-08-20,256.75,107.25
2013-08-21,255.25,104.78
2013-08-22,258.25,105.93
2013-08-23,251.25,106.64
2013-08-26,250.92,105.08
2013-08-27,250.64,105.71
2013-08-28,249.94,106.63
2013-08-29,247.03,103.88
2013-08-30,245.98,103.22
2013-09-02,245.03,103.17
2013-09-03,247.63,104.93
2013-09-04,246.13,104.47
2013-09-05,244.56,105.37
2013-09-06,240.54,104.27
2013-09-09,240.58,105.66
2013-09-10,238.32,104.25
2013-09-11,238.02,104.71
2013-09-12,236.1,103.87
2013-09-13,237.28,104.02
2013-09-16,237.37,104.25
2013-09-17,234.87,103.97
2013-09-18,234.48,106.97
2013-09-19,233.86,106.2
2013-09-20,231.86,104.49
2013-09-23,231.77,105.35
2013-09-24,231.61,105.42
2013-09-25,232.0,104.18
2013-09-26,230.39,102.58
2013-09-27,225.08,99.64
2013-09-30,223.6,100.9
2013-10-01,221.89,99.82
2013-10-02,221.42,100.74
2013-10-03,218.97,99.49
2013-10-04,216.7,98.01
2013-10-07,219.02,99.24
2013-10-08,218.51,99.05
2013-10-09,216.99,98.36
2013-10-10,216.43,99.33
2013-10-11,214.29,98.39
2013-10-14,212.38,97.64
2013-10-15,209.59,95.97
2013-10-16,209.46,96.26
2013-10-17,204.62,94.64
2013-10-18,201.18,92.54
2013-10-21,198.89,91.32
2013-10-22,193.45,88.98
2013-10-23,193.81,88.54
2013-10-24,193.81,87.94
2013-10-25,193.36,88.33
2013-10-28,186.73,85.58
2013-10-29,184.52,84.6
2013-10-30,187.63,85.4
2013-10-31,186.63,83.66
2013-11-01,189.59,84.11
2013-11-04,188.66,84.0
2013-11-05,189.48,82.67
2013-11-06,188.99,82.82
2013-11-07,190.27,82.51
2013-11-08,193.67,83.66
2013-11-11,193.51,82.87
2013-11-12,193.81,83.04
2013-11-13,194.81,83.47
2013-11-14,195.89,84.44
2013-11-18,197.04,86.88
2013-11-19,201.01,88.32
2013-11-20,202.03,88.69
2013-11-21,204.43,88.61
2013-11-22,205.3,89.85
2013-11-25,205.4,89.93
2013-11-26,206.31,89.86
2013-11-27,209.92,90.56
2013-11-28,211.89,91.37
2013-11-29,214.54,91.84
2013-12-02,215.51,91.39
2013-12-03,219.8,92.47
2013-12-04,224.33,93.9
2013-12-05,228.06,96.51
2013-12-06,228.28,97.89
2013-12-09,229.18,98.78
2013-12-10,229.45,99.41
2013-12-11,227.89,97.31
2013-12-12,225.79,96.37
2013-12-13,228.28,97.77
2013-12-16,229.34,98.47
2013-12-17,226.33,97.51
2013-12-18,219.79,93.81
2013-12-19,217.79,92.68
2013-12-20,218.49,91.77
2013-12-23,217.13,91.96
2013-12-26,216.51,91.74
2013-12-27,219.93,93.91
2013-12-30,217.29,92.23
2014-01-02,214.8,89.84
2014-01-03,221.07,93.04
2014-01-06,219.46,92.32
2014-01-07,224.6,94.57
2014-01-08,225.03,94.16
2014-01-09,225.48,94.07
2014-01-10,227.23,96.08
2014-01-13,228.34,96.96
2014-01-14,228.7,97.07
2014-01-15,228.06,96.8
2014-01-16,229.79,97.24
2014-01-17,229.14,97.55
2014-01-20,229.36,98.06
2014-01-21,228.79,96.86
2014-01-22,228.52,96.46
2014-01-23,226.89,94.54
2014-01-24,226.4,94.45
2014-01-27,226.51,93.52
2014-01-28,226.89,93.49
2014-01-29,228.55,93.82
2014-01-30,231.87,95.97
2014-01-31,234.48,96.97
2014-02-03,237.51,97.54
2014-02-04,241.87,100.28
2014-02-05,239.78,99.91
2014-02-06,240.15,100.78
2014-02-07,236.29,99.32
2014-02-10,233.29,96.92
2014-02-11,236.06,98.24
2014-02-12,236.7,97.69
2014-02-13,235.59,97.92
2014-02-14,234.89,98.53
2014-02-17,235.89,98.82
2014-02-18,239.78,100.2
2014-02-19,243.78,101.91
2014-02-20,248.58,104.71
2014-02-21,249.48,105.89
2014-02-24,254.9,108.74
2014-02-25,253.9,108.55
2014-02-26,256.27,108.87
2014-02-27,257.34,110.83
2014-02-28,257.6,109.99
2014-03-05,257.87,111.25
2014-03-06,262.09,113.07
2014-03-07,263.03,111.98
2014-03-10,267.01,113.52
2014-03-11,274.75,116.27
2014-03-12,278.0,117.8
2014-03-13,276.75,117.02
2014-03-14,277.55,118.06
2014-03-17,274.25,116.75
2014-03-18,271.64,116.04
2014-03-19,260.76,110.87
2014-03-20,254.37,109.17
2014-03-21,250.78,107.91
2014-03-24,252.77,108.91
2014-03-25,253.49,109.88
2014-03-26,255.4,110.56
2014-03-27,257.47,113.57
2014-03-28,256.66,113.46
2014-03-31,257.07,113.4
2014-04-01,252.44,111.4
2014-04-02,247.95,109.13
2014-04-03,249.52,109.54
2014-04-04,256.66,114.38
2014-04-07,257.43,116.12
2014-04-08,261.01,118.37
2014-04-09,259.77,118.18
2014-04-10,258.1,117.27
2014-04-11,260.1,117.16
2014-04-14,257.2,116.01
2014-04-15,253.33,113.24
2014-04-16,249.78,111.46
2014-04-17,254.07,113.43
2014-04-22,260.32,116.11
2014-04-23,264.26,118.88
2014-04-24,261.11,117.78
2014-04-25,261.34,116.57
2014-04-28,257.15,115.47
2014-04-29,256.82,115.53
2014-04-30,257.05,115.06
2014-05-02,258.0,116.16
2014-05-05,256.17,114.0
2014-05-06,254.16,114.13
2014-05-07,257.57,116.02
2014-05-08,253.61,114.7
2014-05-09,249.12,112.37
2014-05-12,249.03,112.23
2014-05-13,248.23,112.07
2014-05-14,249.84,113.2
2014-05-15,249.33,112.21
2014-05-16,247.24,111.72
2014-05-19,244.15,110.58
2014-05-20,244.83,110.38
2014-05-21,242.92,109.97
2014-05-22,239.11,107.9
2014-05-23,239.24,107.57
2014-05-26,239.1,107.51
2014-05-27,238.44,106.4
2014-05-28,234.74,105.12
2014-05-29,234.33,105.36
2014-05-30,233.02,104.03
2014-06-02,233.84,102.88
2014-06-03,232.49,102.02
2014-06-04,232.24,101.68
2014-06-05,232.41,102.66
2014-06-06,234.3,104.23
2014-06-09,229.47,102.95
2014-06-10,228.85,102.76
2014-06-11,232.74,104.09
2014-06-12,230.18,103.08
2014-06-13,235.44,105.58
2014-06-16,235.38,105.27
2014-06-17,234.54,103.96
2014-06-18,236.04,105.85
2014-06-20,237.24,106.34
2014-06-23,238.99,107.75
2014-06-24,239.13,107.43
2014-06-25,239.73,108.67
2014-06-26,240.43,109.39
2014-06-27,242.24,110.21
2014-06-30,237.14,107.21
2014-07-01,237.94,107.91
2014-07-02,238.82,107.38
2014-07-04,241.61,109.08
2014-07-07,238.87,107.36
2014-07-08,242.72,109.63
2014-07-09,241.43,108.9
2014-07-10,240.83,108.43
2014-07-11,238.06,107.14
2014-07-14,237.53,107.33
2014-07-15,240.48,108.23
2014-07-16,238.06,107.14
2014-07-17,240.06,106.69
2014-07-18,241.59,108.33
2014-07-21,241.56,108.66
2014-07-22,242.88,109.85
2014-07-23,243.1,109.51
2014-07-24,245.98,110.8
2014-07-25,246.3,110.55
2014-07-28,246.83,111.03
2014-07-29,246.76,110.65
2014-07-30,250.87,111.6
2014-07-31,251.9,110.97
2014-08-01,255.61,113.05
2014-08-04,250.14,110.73
2014-08-05,249.07,109.0
2014-08-06,248.88,109.49
2014-08-07,246.86,107.47
2014-08-08,245.08,107.26
2014-08-11,246.9,108.58
2014-08-12,245.99,107.94
2014-08-13,249.28,109.24
2014-08-14,246.1,108.37
2014-08-15,246.21,108.75
2014-08-18,244.38,108.23
2014-08-19,241.32,107.2
2014-08-20,243.97,107.95
2014-08-21,246.46,108.77
2014-08-22,250.71,109.96
2014-08-25,248.8,108.84
2014-08-26,250.53,110.56
2014-08-27,252.63,112.13
2014-08-28,254.56,113.49
2014-08-29,253.25,112.96
2014-09-01,256.06,114.21
2014-09-02,257.24,114.63
2014-09-03,254.35,113.8
2014-09-04,253.48,112.96
2014-09-05,251.25,112.01
2014-09-08,248.79,109.79
2014-09-09,253.83,110.94
2014-09-10,249.5,108.95
2014-09-11,244.8,106.81
2014-09-12,245.55,105.02
2014-09-15,246.37,105.2
2014-09-16,251.41,107.95
2014-09-17,251.26,106.69
2014-09-18,250.81,106.05
2014-09-19,247.41,104.04
2014-09-22,247.28,103.25
2014-09-23,249.46,103.6
2014-09-24,250.07,104.85
2014-09-25,248.07,102.09
2014-09-26,250.85,103.91
2014-09-29,250.94,102.38
2014-09-30,253.46,103.45
2014-10-01,259.43,104.44
2014-10-02,262.0,105.31
2014-10-03,260.44,105.31
2014-10-06,266.01,109.52
2014-10-07,265.62,110.4
2014-10-08,265.36,111.45
2014-10-09,263.82,110.48
2014-10-10,268.38,110.99
2014-10-13,268.3,112.31
2014-10-14,266.72,111.04
2014-10-15,267.32,109.65
2014-10-16,266.86,108.08
2014-10-17,269.94,110.81
2014-10-20,258.33,104.93
2014-10-21,263.12,106.35
2014-10-22,264.52,106.32
2014-10-23,261.39,104.18
2014-10-24,260.92,105.94
2014-10-27,263.42,104.28
2014-10-28,263.42,106.56
2014-10-29,265.0,107.5
2014-10-30,264.72,109.71
2014-10-31,262.72,106.28
2014-11-03,266.05,106.29
2014-11-04,268.0,106.82
2014-11-05,269.82,107.37
2014-11-06,270.26,105.98
2014-11-07,272.57,106.22
2014-11-10,271.55,106.28
2014-11-11,275.21,107.38
2014-11-12,273.63,106.88
2014-11-13,277.63,106.94
2014-11-14,279.71,107.83
2014-11-17,280.87,107.94
2014-11-18,279.56,107.98
2014-11-19,281.25,109.01
2014-11-20,281.79,109.56
2014-11-21,282.7,112.45
2014-11-24,279.11,109.45
2014-11-25,282.55,111.33
2014-11-26,283.24,113.07
2014-11-27,283.03,112.36
2014-11-28,281.93,109.83
2014-12-01,279.25,109.38
2014-12-02,274.7,106.72
2014-12-03,277.45,108.59
2014-12-04,281.24,108.76
2014-12-05,277.16,106.76
2014-12-08,276.04,105.72
2014-12-09,276.27,106.46
2014-12-10,271.21,103.83
2014-12-11,268.21,101.17
2014-12-12,274.16,103.1
2014-12-15,273.91,101.94
2014-12-16,277.7,101.31
2014-12-17,280.36,103.76
2014-12-18,276.59,104.22
2014-12-19,277.45,104.46
2014-12-22,274.03,102.94
2014-12-23,273.01,100.85
2014-12-26,270.71,101.12
2014-12-29,272.99,100.96
2014-12-30,272.53,102.65
2015-01-02,268.04,99.57
2015-01-05,271.54,99.98
2015-01-06,276.94,102.65
2015-01-07,281.66,104.05
2015-01-08,282.59,105.92
2015-01-09,284.3,107.73
2015-01-12,287.86,107.89
2015-01-13,286.23,108.71
2015-01-14,290.52,110.88
2015-01-15,287.13,109.01
2015-01-16,285.91,109.08
2015-01-19,286.05,107.95
2015-01-20,281.89,107.75
2015-01-21,283.89,108.94
2015-01-22,280.51,108.89
2015-01-23,282.47,109.4
2015-01-26,283.84,109.72
2015-01-27,286.58,111.47
2015-01-28,287.86,111.79
2015-01-29,284.24,108.99
2015-01-30,288.96,107.62
2015-02-02,290.07,106.92
2015-02-03,289.22,107.36
2015-02-04,297.61,108.34
2015-02-05,296.68,108.2
2015-02-06,298.85,107.81
2015-02-09,299.22,107.63
2015-02-10,304.24,107.47
2015-02-11,305.91,106.59
2015-02-12,309.25,109.24
2015-02-13,310.16,109.41
2015-02-18,305.51,107.42
2015-02-19,303.31,105.87
2015-02-20,306.31,106.66
2015-02-23,304.09,105.81
2015-02-24,297.12,104.84
2015-02-25,292.54,101.96
2015-02-26,291.44,101.27
2015-02-27,290.92,101.86
2015-03-02,293.16,101.33
2015-03-03,295.51,101.24
2015-03-04,293.02,98.36
2015-03-05,296.04,98.39
2015-03-06,300.46,98.51
2015-03-09,308.47,98.77
2015-03-10,308.99,99.39
2015-03-11,306.14,97.96
2015-03-12,301.39,95.56
2015-03-13,298.74,91.64
2015-03-16,298.65,92.01
2015-03-17,306.18,94.33
2015-03-18,306.54,95.35
2015-03-19,309.62,93.97
2015-03-20,307.47,94.99
2015-03-23,304.9,96.76
2015-03-24,305.35,97.71
2015-03-25,307.26,96.11
2015-03-26,310.63,97.44
2015-03-27,308.9,95.46
2015-03-30,305.55,94.92
2015-03-31,302.75,94.61
2015-04-01,302.2,95.24
2015-04-02,303.3,96.99
2015-04-06,301.18,96.38
2015-04-07,305.64,97.87
2015-04-08,299.37,97.99
2015-04-09,296.15,96.53
2015-04-10,296.94,96.19
2015-04-13,293.78,94.16
2015-04-14,294.48,96.17
2015-04-15,293.57,96.57
2015-04-16,294.59,97.87
2015-04-17,297.16,97.62
2015-04-20,295.72,97.79
2015-04-22,295.84,98.22
2015-04-23,295.91,99.37
2015-04-24,294.11,99.46
2015-04-27,289.65,99.23
2015-04-28,287.34,97.73
2015-04-29,286.57,97.01
2015-04-30,294.19,97.74
2015-05-04,293.17,94.97
2015-05-05,292.87,95.3
2015-05-06,288.94,94.92
2015-05-07,285.52,94.42
2015-05-08,290.93,97.56
2015-05-11,289.64,95.0
2015-05-12,291.64,96.44
2015-05-13,291.56,95.94
2015-05-14,291.1,97.16
2015-05-15,289.23,96.54
2015-05-18,292.72,96.96
2015-05-19,291.72,95.99
2015-05-20,293.97,97.83
2015-05-21,290.73,95.6
2015-05-22,290.77,94.16
2015-05-25,285.73,92.2
2015-05-26,286.73,90.97
2015-05-27,289.57,92.07
2015-05-28,290.8,92.0
2015-05-29,289.18,90.8
2015-06-01,293.21,92.32
2015-06-02,295.64,94.33
2015-06-03,299.36,95.58
2015-06-05,293.04,93.03
2015-06-08,299.66,96.29
2015-06-09,301.32,97.26
2015-06-10,299.01,95.96
2015-06-11,294.13,94.73
2015-06-12,302.45,97.1
2015-06-15,299.89,95.84
2015-06-16,295.46,95.56
2015-06-17,300.8,98.27
2015-06-18,301.02,98.53
2015-06-19,301.43,97.2
2015-06-22,303.08,98.37
2015-06-23,304.32,98.71
2015-06-24,308.23,99.59
2015-06-25,306.56,98.26
2015-06-26,309.07,98.81
2015-06-29,306.36,98.38
2015-06-30,307.58,98.93
2015-07-01,304.94,96.99
2015-07-02,306.63,98.98
2015-07-03,301.18,96.04
2015-07-06,304.3,96.63
2015-07-07,302.45,95.02
2015-07-08,309.22,95.79
2015-07-09,309.44,96.28
2015-07-10,307.99,97.28
2015-07-13,309.24,98.7
2015-07-14,307.79,98.08
2015-07-15,306.39,97.8
2015-07-16,303.9,96.38
2015-07-17,300.83,94.25
2015-07-20,302.76,94.64
2015-07-21,305.53,96.44
2015-07-22,304.09,94.23
2015-07-23,307.81,93.53
2015-07-24,310.62,92.75
2015-07-27,311.54,92.69
2015-07-28,313.31,92.97
2015-07-29,310.91,93.37
2015-07-30,313.01,92.61
2015-07-31,313.62,91.78
2015-08-03,316.24,91.64
2015-08-04,318.46,92.04
2015-08-05,318.78,91.37
2015-08-06,323.02,91.35
2015-08-07,323.77,92.24
2015-08-10,323.48,93.76
2015-08-11,329.92,94.26
2015-08-12,329.92,95.0
2015-08-13,329.28,93.87
2015-08-14,330.75,94.91
2015-08-17,329.83,94.64
2015-08-18,330.67,95.38
2015-08-19,330.76,95.02
2015-08-20,328.51,95.17
2015-08-21,325.6,93.21
2015-08-24,321.86,90.43
2015-08-25,322.33,89.73
2015-08-26,322.08,89.39
2015-08-27,326.51,91.64
2015-08-28,328.22,91.6
2015-08-31,329.35,90.66
2015-09-01,329.76,89.34
2015-09-02,329.14,87.7
2015-09-03,334.59,89.13
2015-09-04,335.51,87.14
2015-09-08,329.68,86.35
2015-09-09,337.4,88.84
2015-09-10,336.04,87.01
2015-09-11,336.34,86.71
2015-09-14,336.95,88.23
2015-09-15,338.76,87.85
2015-09-16,339.74,88.64
2015-09-17,340.31,88.12
2015-09-18,336.33,85.15
2015-09-21,341.82,85.95
2015-09-22,342.92,84.67
2015-09-23,347.05,83.93
2015-09-24,351.83,86.96
2015-09-25,352.85,88.9
2015-09-28,352.2,86.32
2015-09-29,355.02,87.38
2015-09-30,352.91,88.8
2015-10-01,354.47,88.84
2015-10-02,356.65,90.45
2015-10-05,357.77,91.69
2015-10-06,356.73,92.8
2015-10-07,355.05,91.6
2015-10-08,356.73,93.63
2015-10-09,359.65,95.88
2015-10-13,358.44,92.57
2015-10-14,362.23,94.85
2015-10-15,363.47,95.65
2015-10-16,362.63,94.44
2015-10-19,366.14,94.15
2015-10-20,365.06,93.46
2015-10-21,367.46,93.14
2015-10-22,370.09,94.27
2015-10-23,370.92,95.5
2015-10-26,371.12,94.87
2015-10-27,371.56,95.32
2015-10-28,369.91,94.29
2015-10-29,372.84,96.64
2015-10-30,373.88,96.76
2015-11-03,374.18,99.43
2015-11-04,374.64,98.59
2015-11-05,375.13,99.27
2015-11-06,375.17,99.25
2015-11-09,373.89,98.37
2015-11-10,374.72,98.82
2015-11-11,375.55,99.59
2015-11-12,375.54,99.83
2015-11-13,375.17,97.96
2015-11-16,375.97,98.58
2015-11-17,376.0,98.38
2015-11-18,374.46,99.14
2015-11-19,374.64,100.14
2015-11-20,374.72,101.36
2015-11-23,374.1,100.24
2015-11-24,374.56,101.31
2015-11-25,376.26,100.31
2015-11-26,377.63,100.7
2015-11-27,377.4,99.16
2015-11-30,375.88,96.75
2015-12-01,375.47,97.2
2015-12-02,377.36,98.14
2015-12-03,378.27,100.87
2015-12-04,379.02,101.56
2015-12-07,378.69,100.56
2015-12-08,379.96,99.7
2015-12-09,380.46,101.65
2015-12-10,380.69,100.02
2015-12-11,379.96,98.28
2015-12-14,379.08,97.47
2015-12-15,377.86,97.36
2015-12-16,379.24,96.69
2015-12-17,379.97,97.63
2015-12-18,379.1,96.05
2015-12-21,378.8,94.37
2015-12-22,380.8,95.37
2015-12-23,381.56,96.55
2015-12-28,376.78,97.43
2015-12-29,378.13,97.46
2015-12-30,378.44,95.59
2016-01-04,386.17,95.4
2016-01-05,385.4,96.54
2016-01-06,385.58,95.96
2016-01-07,382.68,94.63
2016-01-08,387.01,95.94
2016-01-11,383.28,94.66
2016-01-12,382.89,94.78
2016-01-13,389.55,97.36
2016-01-14,385.07,96.41
2016-01-15,386.2,95.36
2016-01-18,384.96,95.5
2016-01-19,387.04,95.59
2016-01-20,389.3,94.58
2016-01-21,390.61,94.06
2016-01-22,395.62,96.33
2016-01-25,394.54,96.1
2016-01-26,396.33,97.5
2016-01-27,398.2,97.53
2016-01-28,397.48,97.61
2016-01-29,397.5,98.76
2016-02-01,395.7,99.67
2016-02-02,397.24,99.76
2016-02-03,395.58,100.86
2016-02-04,400.37,102.9
2016-02-05,401.58,102.63
2016-02-10,395.03,100.39
2016-02-11,399.97,100.57
2016-02-12,402.88,100.85
2016-02-15,401.52,100.58
2016-02-16,400.69,98.59
2016-02-17,394.99,99.37
2016-02-18,399.44,98.92
2016-02-19,398.65,98.7
2016-02-22,394.94,100.16
2016-02-23,393.19,99.29
2016-02-24,383.35,96.95
2016-02-25,374.45,95.01
2016-02-26,375.16,93.91
2016-02-29,373.88,93.56
2016-03-01,372.45,94.43
2016-03-02,370.97,95.32
2016-03-03,368.36,96.58
2016-03-04,358.37,95.08
2016-03-07,356.02,93.99
2016-03-08,357.27,95.19
2016-03-09,354.57,95.83
2016-03-10,356.39,97.86
2016-03-11,358.32,99.45
2016-03-14,357.27,98.02
2016-03-15,356.65,94.95
2016-03-16,357.63,95.39
2016-03-17,361.42,99.16
2016-03-18,363.32,101.2
2016-03-21,361.37,100.08
2016-03-22,366.98,102.19
2016-03-23,368.61,100.33
2016-03-24,367.17,99.5
2016-03-28,370.71,102.15
2016-03-29,372.1,102.42
2016-03-30,374.29,103.37
2016-03-31,375.13,104.09
2016-04-01,374.44,104.91
2016-04-04,375.33,104.17
2016-04-05,375.54,102.33
2016-04-06,379.93,104.15
2016-04-07,382.16,103.59
2016-04-08,379.46,105.32
2016-04-11,376.72,107.76
2016-04-12,379.38,107.99
2016-04-13,378.33,108.4
2016-04-14,376.52,108.13
2016-04-15,378.93,107.83
2016-04-18,379.71,105.36
2016-04-19,379.75,107.43
2016-04-20,379.31,107.45
2016-04-22,382.25,106.98
2016-04-25,381.79,107.55
2016-04-26,382.4,108.54
2016-04-27,381.8,108.4
2016-04-28,381.63,109.16
2016-04-29,381.25,110.86
2016-05-02,379.71,108.77
2016-05-03,378.8,106.26
2016-05-04,383.7,108.58
2016-05-05,384.2,108.35
2016-05-06,383.8,109.72
2016-05-09,386.37,109.58
2016-05-10,386.5,111.38
2016-05-11,388.93,112.86
2016-05-12,390.2,112.45
2016-05-13,389.06,110.5
2016-05-16,389.71,111.47
2016-05-17,389.36,111.63
2016-05-18,386.96,108.7
2016-05-19,388.2,108.77
2016-05-20,388.53,109.76
2016-05-23,386.86,108.03
2016-05-24,385.55,107.66
2016-05-25,387.7,107.78
2016-05-27,388.09,107.62
2016-05-30,390.03,109.1
2016-05-31,388.79,107.46
2016-06-01,389.45,108.39
2016-06-02,387.94,108.24
2016-06-03,387.42,109.85
2016-06-06,387.45,110.92
2016-06-07,389.31,112.88
2016-06-08,389.54,115.56
2016-06-09,390.16,114.89
2016-06-10,389.54,113.64
2016-06-13,389.71,112.02
2016-06-14,390.7,111.95
2016-06-15,389.21,112.36
2016-06-16,389.52,112.28
2016-06-17,389.7,113.88
2016-06-20,392.88,115.65
2016-06-21,389.71,114.59
2016-06-22,393.8,116.65
2016-06-23,395.26,118.02
2016-06-24,392.47,116.32
2016-06-27,395.19,116.34
2016-06-28,395.19,119.65
2016-06-29,397.58,122.86
2016-06-30,399.25,124.22
2016-07-01,399.52,123.65
2016-07-04,399.69,122.45
2016-07-05,400.27,121.26
2016-07-06,400.19,119.96
2016-07-07,404.23,120.38
2016-07-08,404.7,123.08
2016-07-11,404.41,122.22
2016-07-12,408.02,124.06
2016-07-13,408.68,124.67
2016-07-14,409.52,125.93
2016-07-15,412.41,126.82
2016-07-18,411.06,126.52
2016-07-19,412.39,126.62
2016-07-20,413.77,127.35
2016-07-21,414.18,126.12
2016-07-22,414.95,127.29
2016-07-25,414.93,126.12
2016-07-26,417.01,127.49
2016-07-27,418.58,128.2
2016-07-28,420.46,127.68
2016-07-29,420.84,129.93
2016-08-01,419.95,128.35
2016-08-02,421.49,128.98
2016-08-03,421.26,130.1
2016-08-04,421.51,131.76
2016-08-05,421.25,133.1
2016-08-08,421.83,133.28
2016-08-09,421.24,134.28
2016-08-10,421.91,135.1
2016-08-11,423.93,135.1
2016-08-12,422.39,132.54
2016-08-15,423.16,133.03
2016-08-16,423.66,133.02
2016-08-17,423.22,131.84
2016-08-18,423.83,130.85
2016-08-19,425.57,132.58
2016-08-22,424.15,132.42
2016-08-23,424.23,131.26
2016-08-24,422.99,131.2
2016-08-25,426.15,132.02
2016-08-26,422.66,129.25
2016-08-29,424.65,131.35
2016-08-30,423.02,130.36
2016-08-31,422.11,130.97
2016-09-01,422.95,130.22
2016-09-02,424.93,130.79
2016-09-05,424.95,129.64
2016-09-06,426.65,132.95
2016-09-08,424.4,132.17
2016-09-09,429.4,131.07
2016-09-12,429.92,132.49
2016-09-13,428.15,129.15
2016-09-14,428.65,128.41
2016-09-15,430.95,130.35
2016-09-16,434.65,133.16
2016-09-19,435.55,133.11
2016-09-20,438.53,134.85
2016-09-21,440.47,137.09
2016-09-22,443.14,137.66
2016-09-23,447.13,138.13
2016-09-26,444.14,136.83
2016-09-27,451.3,139.76
2016-09-28,452.61,140.34
2016-09-29,456.29,140.1
2016-09-30,459.63,141.38
2016-10-03,458.12,143.16
2016-10-04,461.26,141.71
2016-10-05,467.12,145.02
2016-10-06,468.37,145.28
2016-10-07,473.37,147.24
2016-10-10,473.51,147.79
2016-10-11,483.24,151.11
2016-10-13,487.93,153.49
2016-10-14,495.1,154.57
2016-10-17,499.1,155.77
2016-10-18,507.09,159.41
2016-10-19,512.36,161.63
2016-10-20,518.58,165.26
2016-10-21,522.91,165.22
2016-10-24,526.07,168.67
2016-10-25,529.11,170.24
2016-10-26,531.57,169.13
2016-10-27,533.21,169.11
2016-10-28,534.57,167.21
2016-10-31,538.93,169.21
2016-11-01,536.83,165.69
2016-11-03,540.06,166.89
2016-11-04,546.37,169.68
2016-11-07,546.33,170.46
2016-11-08,544.51,171.66
2016-11-09,545.87,169.84
2016-11-10,547.63,162.84
2016-11-11,550.63,161.57
2016-11-14,552.28,160.5
2016-11-16,550.89,160.7
2016-11-17,549.11,160.61
2016-11-18,536.36,158.64
2016-11-21,519.53,154.99
2016-11-22,511.54,152.33
2016-11-23,484.56,142.98
2016-11-24,469.9,138.65
2016-11-25,470.15,137.75
2016-11-28,473.37,139.93
2016-11-29,473.03,139.25
2016-11-30,477.34,140.97
2016-12-01,475.75,137.06
2016-12-02,478.5,138.13
2016-12-05,477.14,139.19
2016-12-06,481.9,141.44
2016-12-07,483.15,141.56
2016-12-08,489.56,144.67
2016-12-09,489.13,145.27
2016-12-12,491.06,146.76
2016-12-13,490.47,147.55
2016-12-14,490.41,146.79
2016-12-15,491.25,145.64
2016-12-16,486.46,143.46
2016-12-19,486.81,144.37
2016-12-20,486.78,145.44
2016-12-21,490.69,147.44
2016-12-22,490.14,148.66
2016-12-23,491.01,150.11
2016-12-26,493.15,150.53
2016-12-27,490.83,149.83
2016-12-28,492.44,150.04
2016-12-29,493.13,151.78
2017-01-02,490.67,149.37
2017-01-03,491.84,151.01
2017-01-04,493.44,153.15
2017-01-05,493.55,154.33
2017-01-06,498.66,154.77
2017-01-09,499.12,156.22
2017-01-10,499.57,156.41
2017-01-11,499.12,156.76
2017-01-12,501.84,158.26
2017-01-13,504.54,157.03
2017-01-16,506.21,156.43
2017-01-17,508.29,158.35
2017-01-18,508.32,157.91
2017-01-19,507.04,158.6
2017-01-20,502.05,157.98
2017-01-23,491.22,155.11
2017-01-24,491.06,154.96
2017-01-25,489.14,154.35
2017-01-26,481.84,151.57
2017-01-27,482.07,152.89
2017-01-30,480.68,154.21
2017-01-31,474.08,150.64
2017-02-01,471.58,149.76
2017-02-02,468.47,150.25
2017-02-03,467.92,150.26
2017-02-06,464.7,148.75
2017-02-07,459.73,147.26
2017-02-08,456.82,146.6
2017-02-09,461.26,147.37
2017-02-10,456.27,146.85
2017-02-13,458.97,147.53
2017-02-14,454.6,146.79
2017-02-15,443.61,144.69
2017-02-16,439.16,142.72
2017-02-17,433.51,140.2
2017-02-20,430.73,139.62
2017-02-21,431.62,139.77
2017-02-22,432.12,140.8
2017-02-23,433.71,141.74
2017-02-24,434.06,139.57
2017-03-01,429.62,138.86
2017-03-02,433.12,137.63
2017-03-03,434.05,139.34
2017-03-06,437.6,140.03
2017-03-07,438.77,140.86
2017-03-08,441.42,139.65
2017-03-09,441.52,138.28
2017-03-10,443.49,141.24
2017-03-13,446.26,141.58
2017-03-14,447.32,140.84
2017-03-15,447.93,143.84
2017-03-16,450.96,144.58
2017-03-17,451.68,145.75
2017-03-20,452.78,147.53
2017-03-21,450.6,146.11
2017-03-22,453.23,146.44
2017-03-23,453.69,144.67
2017-03-24,454.1,146.15
2017-03-27,450.96,144.03
2017-03-28,448.24,142.71
2017-03-29,447.33,143.47
2017-03-30,441.43,140.72
2017-03-31,438.37,140.19
2017-04-03,436.89,140.39
2017-04-04,432.12,139.48
2017-04-05,426.71,137.47
2017-04-06,423.13,134.54
2017-04-07,418.44,132.67
2017-04-10,417.13,133.06
2017-04-11,415.05,131.76
2017-04-12,413.39,131.32
2017-04-13,414.64,131.84
2017-04-17,411.45,132.6
2017-04-18,407.82,130.71
2017-04-19,410.89,130.86
2017-04-20,409.64,129.84
2017-04-24,394.42,125.93
2017-04-25,390.11,123.76
2017-04-26,392.98,123.77
2017-04-27,397.83,125.3
2017-04-28,391.1,123.26
2017-05-02,398.41,126.32
2017-05-03,395.77,125.4
2017-05-04,400.09,125.62
2017-05-05,399.1,125.74
2017-05-08,404.65,126.57
2017-05-09,407.11,127.9
2017-05-10,403.21,127.4
2017-05-11,406.22,128.88
2017-05-12,406.9,130.17
2017-05-15,407.34,131.06
2017-05-16,404.98,130.72
2017-05-17,405.87,130.04
2017-05-18,409.14,120.98
2017-05-19,412.08,126.4
2017-05-22,413.65,126.15
2017-05-23,410.06,125.67
2017-05-24,411.56,125.51
2017-05-25,413.79,125.81
2017-05-26,419.18,128.31
2017-05-29,418.19,127.89
2017-05-30,421.34,129.16
2017-05-31,425.32,131.39
2017-06-01,424.96,130.84
2017-06-02,427.74,131.57
2017-06-05,427.55,130.03
2017-06-06,428.64,130.72
2017-06-07,425.97,129.99
2017-06-08,426.54,130.72
2017-06-09,419.56,127.84
2017-06-12,422.09,127.4
2017-06-13,418.55,126.64
2017-06-14,416.64,126.68
2017-06-16,415.18,126.27
2017-06-19,417.46,126.93
2017-06-20,409.97,122.97
2017-06-21,407.64,122.41
2017-06-22,399.87,120.01
2017-06-23,401.27,120.18
2017-06-26,402.48,121.93
2017-06-27,402.64,121.35
2017-06-28,402.92,122.65
2017-06-29,409.36,123.93
2017-06-30,407.17,122.94
2017-07-03,411.78,124.78
2017-07-04,415.45,125.59
2017-07-05,412.74,125.3
2017-07-06,415.8,126.04
2017-07-07,412.06,125.47
2017-07-10,407.92,125.13
2017-07-11,406.83,125.03
2017-07-12,408.19,127.32
2017-07-13,408.39,127.15
2017-07-14,410.11,128.93
2017-07-17,409.81,128.79
2017-07-18,410.06,129.97
2017-07-19,411.48,130.79
2017-07-20,411.83,131.57
2017-07-21,413.05,131.63
2017-07-24,411.65,130.81
2017-07-25,411.9,129.98
2017-07-26,414.06,131.87
2017-07-27,415.26,131.54
2017-07-28,415.56,132.64
2017-07-31,414.74,133.1
2017-08-01,415.1,132.96
2017-08-02,415.46,133.07
2017-08-03,416.72,133.82
2017-08-04,416.39,133.25
2017-08-07,416.65,133.41
2017-08-08,415.89,133.13
2017-08-09,410.41,130.33
2017-08-10,410.2,129.48
2017-08-11,408.95,129.01
2017-08-14,410.02,128.49
2017-08-15,410.47,129.24
2017-08-16,407.95,129.47
2017-08-17,407.15,128.08
2017-08-18,407.03,129.42
2017-08-21,406.82,128.41
2017-08-22,410.96,129.76
2017-08-23,410.1,130.73
2017-08-24,408.93,130.07
2017-08-25,409.8,129.97
2017-08-28,409.57,129.57
2017-08-29,409.15,129.44
2017-08-30,407.26,128.92
2017-08-31,406.93,129.18
2017-09-01,406.32,129.28
2017-09-04,404.24,128.94
2017-09-05,401.49,128.77
2017-09-06,397.91,128.23
2017-09-08,394.58,127.61
2017-09-11,395.58,127.61
2017-09-12,396.22,126.63
2017-09-13,396.08,126.5
2017-09-14,397.25,127.49
2017-09-15,402.21,129.12
2017-09-18,406.9,129.92
2017-09-19,406.79,129.59
2017-09-20,405.67,129.52
2017-09-21,406.97,129.44
2017-09-22,403.3,129.01
2017-09-25,401.49,127.22
2017-09-26,399.73,126.14
2017-09-27,397.31,124.51
2017-09-28,393.78,123.79
2017-09-29,396.28,125.13
2017-10-02,394.08,124.95
2017-10-03,394.58,125.42
2017-10-04,393.47,125.71
2017-10-05,390.7,123.87
2017-10-06,392.08,124.2
2017-10-09,390.89,122.69
2017-10-10,390.95,122.98
2017-10-11,385.37,121.72
2017-10-13,383.88,121.83
2017-10-16,383.1,120.89
2017-10-17,377.97,119.31
2017-10-18,377.51,119.28
2017-10-19,378.01,119.06
2017-10-20,378.94,118.9
2017-10-23,377.42,117.03
2017-10-24,372.86,114.44
2017-10-25,372.74,114.94
2017-10-26,374.61,114.35
2017-10-27,374.72,115.48
2017-10-30,374.61,114.24
2017-10-31,372.71,113.8
2017-11-01,369.84,113.24
2017-11-03,365.51,110.76
2017-11-06,362.35,111.15
2017-11-07,357.9,109.08
2017-11-08,357.04,109.56
2017-11-09,356.63,109.56
2017-11-10,355.53,108.43
2017-11-13,359.22,109.02
2017-11-14,360.29,108.98
2017-11-16,362.93,110.78
2017-11-17,365.12,112.0
2017-11-20,366.37,112.3
2017-11-21,365.06,112.33
2017-11-22,368.84,114.01
2017-11-23,372.21,115.56
2017-11-24,369.11,114.31
2017-11-27,372.79,115.85
2017-11-28,375.49,116.94
2017-11-29,372.82,114.86
2017-11-30,372.17,113.57
2017-12-01,375.62,115.29
2017-12-04,375.98,115.94
2017-12-05,375.8,116.35
2017-12-06,373.44,115.22
2017-12-07,368.79,112.16
2017-12-08,366.73,111.13
2017-12-11,361.93,109.71
2017-12-12,359.27,107.99
2017-12-13,358.0,108.13
2017-12-14,359.05,107.47
2017-12-15,359.18,108.65
2017-12-18,357.72,108.5
2017-12-19,357.0,108.15
2017-12-20,356.18,108.23
2017-12-21,355.1,107.28
2017-12-22,354.09,106.33
2017-12-26,357.92,107.91
2017-12-27,356.02,107.53
2017-12-28,356.02,107.59
2018-01-02,355.24,108.97
2018-01-03,355.85,109.76
2018-01-04,355.15,110.05
2018-01-05,354.35,109.67
2018-01-08,351.32,108.63
2018-01-09,351.9,108.34
2018-01-10,348.83,108.07
2018-01-11,338.33,104.94
2018-01-12,335.07,104.45
2018-01-15,329.26,102.6
2018-01-16,326.96,101.26
2018-01-17,318.38,99.03
2018-01-18,320.88,99.93
2018-01-19,318.68,99.62
2018-01-22,316.38,98.62
2018-01-23,316.48,97.62
2018-01-24,317.1,99.81
2018-01-25,316.48,100.82
2018-01-26,318.57,101.26
2018-01-29,316.76,100.05
2018-01-30,315.46,99.29
2018-01-31,317.13,99.51
2018-02-01,319.08,100.69
2018-02-02,316.08,98.41
2018-02-05,318.76,98.23
2018-02-06,318.22,98.22
2018-02-07,320.18,97.67
2018-02-08,320.68,97.71
2018-02-09,320.08,96.76
2018-02-14,322.67,99.9
2018-02-15,318.68,98.45
2018-02-16,318.68,99.0
2018-02-19,317.53,98.18
2018-02-20,319.59,98.24
2018-02-21,320.77,98.67
2018-02-22,319.83,98.53
2018-02-23,320.79,98.98
2018-02-26,319.43,98.68
2018-02-27,318.76,98.17
2018-02-28,314.52,97.13
2018-03-01,313.35,96.24
2018-03-02,312.6,96.16
2018-03-05,307.96,94.85
2018-03-06,307.05,95.72
2018-03-07,306.69,94.51
2018-03-08,304.69,93.35
2018-03-09,305.44,93.98
2018-03-12,305.6,93.89
2018-03-13,303.25,92.91
2018-03-14,305.87,93.71
2018-03-15,301.4,91.58
2018-03-16,304.36,92.96
2018-03-19,301.58,91.75
2018-03-20,301.92,91.27
2018-03-21,302.9,92.6
2018-03-22,304.42,92.19
2018-03-23,302.7,91.34
2018-03-26,301.6,91.31
2018-03-27,309.14,92.84
2018-03-28,305.79,91.83
2018-03-29,308.39,93.42
2018-04-02,307.19,92.58
2018-04-03,308.51,92.48
2018-04-04,314.89,94.36
2018-04-05,314.84,94.18
2018-04-06,316.53,93.93
2018-04-09,317.88,93.47
2018-04-10,317.18,93.13
2018-04-11,317.94,94.09
2018-04-12,319.35,93.87
2018-04-13,319.32,93.29
2018-04-16,320.51,93.66
2018-04-17,321.49,94.45
2018-04-18,321.51,95.18
2018-04-19,322.59,95.19
2018-04-20,323.59,94.84
2018-04-23,324.83,94.21
2018-04-24,326.37,94.08
2018-04-25,325.77,93.43
2018-04-26,326.35,93.81
2018-04-27,327.43,94.58
2018-04-30,326.93,93.25
2018-05-02,329.28,92.81
2018-05-03,331.88,94.12
2018-05-04,330.59,93.86
2018-05-07,329.83,92.81
2018-05-08,326.95,91.56
2018-05-09,327.1,90.76
2018-05-10,326.88,92.18
2018-05-11,326.18,90.53
2018-05-14,326.38,90.04
2018-05-15,326.97,89.29
2018-05-16,329.37,89.55
2018-05-17,331.95,89.59
2018-05-18,334.17,89.28
2018-05-21,333.09,90.34
2018-05-22,336.6,92.47
2018-05-23,331.38,91.36
2018-05-24,333.95,91.59
2018-05-25,331.51,90.26
2018-05-28,333.78,89.32
2018-05-29,333.93,89.14
2018-05-30,334.76,89.51
2018-06-01,336.04,89.28
2018-06-04,333.68,89.22
2018-06-05,338.75,88.89
2018-06-06,337.77,88.47
2018-06-07,342.21,87.3
2018-06-08,342.77,92.22
2018-06-11,337.83,90.84
2018-06-12,335.42,90.26
2018-06-13,333.5,89.72
2018-06-14,333.08,87.72
2018-06-15,335.51,90.14
2018-06-18,333.84,89.07
2018-06-19,333.22,89.02
2018-06-20,329.79,87.32
2018-06-21,334.49,88.77
2018-06-22,333.68,88.37
2018-06-25,331.54,87.66
2018-06-26,332.52,87.6
2018-06-27,334.76,86.91
2018-06-28,335.58,86.89
2018-06-29,337.22,87.02
2018-07-02,336.76,86.11
2018-07-03,337.97,86.82
2018-07-04,337.95,86.39
2018-07-05,337.67,85.86
2018-07-06,334.68,85.68
2018-07-09,334.26,86.39
2018-07-10,336.37,88.56
2018-07-11,335.13,86.37
2018-07-12,336.86,86.71
2018-07-13,335.43,87.08
2018-07-16,336.58,87.18
2018-07-17,333.18,86.74
2018-07-18,331.6,86.51
2018-07-19,332.59,86.03
2018-07-20,333.08,88.09
2018-07-23,332.68,87.87
2018-07-24,331.04,88.42
2018-07-25,327.84,88.46
2018-07-26,325.35,86.97
2018-07-27,324.96,87.52
2018-07-30,321.29,86.18
2018-07-31,319.25,85.04
2018-08-01,317.59,84.6
2018-08-02,318.79,84.85
2018-08-03,317.69,85.75
2018-08-06,318.38,85.38
2018-08-07,317.36,84.34
2018-08-08,314.6,83.45
2018-08-09,313.84,82.59
2018-08-10,319.24,82.75
2018-08-13,318.69,81.69
2018-08-14,320.69,82.95
2018-08-15,317.09,81.29
2018-08-16,317.29,81.32
2018-08-17,315.92,80.61
2018-08-20,318.69,80.52
2018-08-21,317.98,79.04
2018-08-22,320.05,78.87
2018-08-23,321.44,78.11
2018-08-24,320.69,78.14
2018-08-27,322.05,78.84
2018-08-28,322.69,77.87
2018-08-29,325.02,78.93
2018-08-30,325.32,78.2
2018-08-31,321.87,79.12
2018-09-03,319.49,77.0
2018-09-04,319.25,76.83
2018-09-05,317.29,76.79
2018-09-06,319.15,77.56
2018-09-10,318.69,77.82
2018-09-11,320.96,77.15
2018-09-12,321.61,77.55
2018-09-13,322.29,76.77
2018-09-14,318.59,76.49
2018-09-17,319.69,77.59
2018-09-18,321.09,77.73
2018-09-19,319.58,77.47
2018-09-20,318.87,78.23
2018-09-21,318.15,78.75
2018-09-24,319.49,78.27
2018-09-25,320.42,78.48
2018-09-26,318.69,79.18
2018-09-27,316.92,79.49
2018-09-28,318.08,78.67
2018-10-01,320.38,79.7
2018-10-02,321.52,81.81
2018-10-03,322.59,82.76
2018-10-04,324.95,83.51
2018-10-05,327.68,84.78
2018-10-08,327.1,86.97
2018-10-09,329.84,88.91
2018-10-10,328.13,87.32
2018-10-11,329.28,87.34
2018-10-15,334.84,89.62
2018-10-16,334.01,89.79
2018-10-17,338.05,91.81
2018-10-18,341.89,92.18
2018-10-19,343.16,92.52
2018-10-22,334.94,90.77
2018-10-23,335.17,90.64
2018-10-24,336.5,90.12
2018-10-25,338.32,91.44
2018-10-26,336.57,92.26
2018-10-29,332.66,89.69
2018-10-30,329.3,89.12
2018-10-31,330.67,89.15
2018-11-01,333.08,90.31
2018-11-05,332.41,89.38
2018-11-06,334.03,88.98
2018-11-07,335.66,89.72
2018-11-08,334.56,89.38
2018-11-09,333.79,89.34
2018-11-12,334.39,89.17
2018-11-13,331.86,86.88
2018-11-14,333.12,87.94
2018-11-16,334.33,89.49
2018-11-19,331.47,88.09
2018-11-20,331.86,88.28
2018-11-21,329.97,87.18
2018-11-22,330.0,86.73
2018-11-23,328.47,86.08
2018-11-26,329.97,84.52
2018-11-27,333.96,85.92
2018-11-28,331.0,86.18
2018-11-29,329.47,85.51
2018-11-30,325.58,84.39
2018-12-03,324.29,84.69
2018-12-04,322.01,83.42
2018-12-05,319.22,82.51
2018-12-06,318.91,82.0
2018-12-07,317.6,81.81
2018-12-10,316.5,80.68
2018-12-11,312.68,79.85
2018-12-12,310.19,80.57
2018-12-13,310.1,79.99
2018-12-14,302.39,77.48
2018-12-17,302.69,77.71
2018-12-18,299.14,76.68
2018-12-19,303.24,78.28
2018-12-20,301.42,78.27
2018-12-21,297.26,76.4
2018-12-26,304.69,77.75
2018-12-27,303.03,77.74
2018-12-28,304.59,78.6
2019-01-02,299.84,78.59
2019-01-03,305.29,81.28
2019-01-04,304.29,81.93
2019-01-07,301.36,80.82
2019-01-08,304.8,82.16
2019-01-09,307.51,83.45
2019-01-10,305.29,82.09
2019-01-11,305.19,82.15
2019-01-14,304.29,82.33
2019-01-15,301.99,80.99
2019-01-16,304.07,81.54
2019-01-17,303.39,81.08
2019-01-18,305.42,81.29
2019-01-21,306.78,81.59
2019-01-22,306.39,80.69
2019-01-23,304.69,80.88
2019-01-24,306.03,81.17
2019-01-25,306.39,81.43
2019-01-28,302.7,80.42
2019-01-29,300.81,80.78
2019-01-30,303.47,81.51
2019-01-31,302.78,82.93
2019-02-01,302.7,82.7
2019-02-04,305.23,83.15
2019-02-05,305.15,83.31
2019-02-06,305.79,82.62
2019-02-07,306.53,82.71
2019-02-08,307.69,82.4
2019-02-11,307.09,81.67
2019-02-12,304.5,82.14
2019-02-13,303.9,80.97
2019-02-14,304.78,81.43
2019-02-15,304.97,82.34
2019-02-18,304.51,81.55
2019-02-19,303.82,81.96
2019-02-20,305.2,81.89
2019-02-21,304.88,81.24
2019-02-22,304.7,81.58
2019-02-25,305.11,81.6
2019-02-26,306.36,81.74
2019-02-27,305.42,81.9
2019-02-28,304.6,81.23
2019-03-01,304.25,80.62
2019-03-06,307.55,80.13
2019-03-07,306.69,78.7
2019-03-08,307.19,79.42
2019-03-11,306.11,79.7
2019-03-12,304.78,79.97
2019-03-13,303.77,79.79
2019-03-14,303.61,78.94
2019-03-15,300.95,78.82
2019-03-18,299.45,79.03
2019-03-19,299.27,79.09
2019-03-20,299.16,79.78
2019-03-21,299.39,78.91
2019-03-22,301.25,77.16
2019-03-25,301.62,78.16
2019-03-26,300.77,77.78
2019-03-27,302.03,76.46
2019-03-28,304.54,77.89
2019-03-29,302.45,77.25
2019-04-01,296.24,76.49
2019-04-02,292.51,75.86
2019-04-03,291.94,75.44
2019-04-04,290.79,75.49
2019-04-05,287.53,74.37
2019-04-08,290.48,75.51
2019-04-09,292.21,75.8
2019-04-10,286.6,75.07
2019-04-11,284.3,73.69
2019-04-12,288.08,74.11
2019-04-15,289.48,74.8
2019-04-16,290.63,74.58
2019-04-17,287.13,73.02
2019-04-18,290.11,73.82
2019-04-22,286.21,72.81
2019-04-23,286.38,73.02
2019-04-24,284.99,71.5
2019-04-25,285.38,72.18
2019-04-26,285.3,72.58
2019-04-29,285.92,72.55
2019-04-30,284.26,72.53
2019-05-02,279.06,70.47
2019-05-03,278.36,70.72
2019-05-06,272.95,68.98
2019-05-07,266.08,67.04
2019-05-08,264.86,67.41
2019-05-09,265.5,67.23
2019-05-10,267.5,67.88
2019-05-13,270.31,67.86
2019-05-14,276.12,69.5
2019-05-15,281.05,70.4
2019-05-16,275.82,68.31
2019-05-17,272.01,66.34
2019-05-20,277.89,67.74
2019-05-21,281.26,69.41
2019-05-22,282.3,69.84
2019-05-23,284.88,70.43
2019-05-24,287.72,71.68
2019-05-27,284.71,70.6
2019-05-28,287.88,71.67
2019-05-29,293.08,73.73
2019-05-30,299.04,75.21
2019-05-31,299.33,76.24
2019-06-03,302.02,77.52
2019-06-04,302.37,78.37
2019-06-05,286.2,73.38
2019-06-06,295.21,76.1
2019-06-07,294.24,75.99
2019-06-10,292.46,75.42
2019-06-11,286.87,74.57
2019-06-12,287.63,74.55
2019-06-13,285.91,74.15
2019-06-14,287.52,73.86
2019-06-17,284.55,72.94
2019-06-18,279.7,72.44
2019-06-19,278.22,72.21
2019-06-21,286.3,74.95
2019-06-24,286.21,74.85
2019-06-25,291.29,75.64
2019-06-26,289.33,75.19
2019-06-27,288.9,75.41
2019-06-28,294.22,76.7
2019-07-01,294.39,76.56
2019-07-02,290.51,75.4
2019-07-03,296.71,77.65
2019-07-04,295.06,77.77
2019-07-05,293.38,76.86
2019-07-08,289.0,75.93
2019-07-09,287.25,75.88
2019-07-10,285.43,76.05
2019-07-11,285.1,76.03
2019-07-12,285.43,76.3
2019-07-15,280.07,74.55
2019-07-16,280.16,74.45
2019-07-17,283.41,75.4
2019-07-18,283.25,75.96
2019-07-19,279.8,74.67
2019-07-22,278.07,74.39
2019-07-23,276.88,73.38
2019-07-24,277.05,73.47
2019-07-25,277.8,73.43
2019-07-26,273.97,72.71
2019-07-29,276.39,73.14
2019-07-30,276.03,72.76
2019-07-31,274.71,72.33
2019-08-01,271.81,70.75
2019-08-02,274.0,70.55
2019-08-05,273.11,68.95
2019-08-06,276.08,69.79
2019-08-07,278.2,69.97
2019-08-08,278.0,70.83
2019-08-09,278.3,70.65
2019-08-12,278.36,69.97
2019-08-13,278.9,70.38
2019-08-14,281.31,69.68
2019-08-15,283.39,70.97
2019-08-16,276.44,69.11
2019-08-19,281.23,69.17
2019-08-20,281.45,69.67
2019-08-21,283.31,70.41
2019-08-22,285.36,70.08
2019-08-23,286.61,69.62
2019-08-26,287.11,69.17
2019-08-27,287.68,69.34
2019-08-28,296.98,71.46
2019-08-29,292.08,70.16
2019-08-30,291.58,70.58
2019-09-02,288.89,69.08
2019-09-03,289.21,69.2
2019-09-04,287.92,70.16
2019-09-05,283.63,69.16
2019-09-06,280.69,68.91
2019-09-09,282.63,68.98
2019-09-10,287.01,70.02
2019-09-11,287.17,70.68
2019-09-12,288.53,71.12
2019-09-13,287.81,70.35
2019-09-16,289.36,70.75
2019-09-17,288.53,70.72
2019-09-18,288.31,70.13
2019-09-19,288.97,69.51
2019-09-20,288.56,69.48
2019-09-23,291.08,69.79
2019-09-24,291.6,69.88
2019-09-25,293.0,70.52
2019-09-26,292.68,70.36
2019-09-27,295.2,71.05
2019-09-30,294.47,70.94
2019-10-01,298.17,71.63
2019-10-02,296.89,71.8
2019-10-03,295.71,72.41
2019-10-04,290.92,71.64
2019-10-07,285.18,69.52
2019-10-08,288.51,70.54
2019-10-09,287.36,70.19
2019-10-10,286.7,69.55
2019-10-11,283.81,69.48
2019-10-14,286.11,69.33
2019-10-15,288.11,69.29
2019-10-16,286.06,68.8
2019-10-17,286.39,68.84
2019-10-18,287.35,69.83
2019-10-21,287.31,69.48
2019-10-22,288.61,70.86
2019-10-23,285.7,70.86
2019-10-24,283.43,70.22
2019-10-25,282.99,70.61
2019-10-28,285.89,71.67
2019-10-29,288.21,72.11
2019-10-30,286.97,71.94
2019-10-31,289.71,72.21
2019-11-01,291.8,72.97
2019-11-04,290.35,72.44
2019-11-05,294.71,73.84
2019-11-06,296.16,72.5
2019-11-07,299.1,73.17
2019-11-08,303.35,72.99
2019-11-11,304.05,73.49
2019-11-12,307.02,73.63
2019-11-13,309.7,73.97
2019-11-14,312.13,74.49
2019-11-18,301.47,71.78
2019-11-19,302.42,72.06
2019-11-20,305.57,72.69
2019-11-21,312.02,74.36
2019-11-22,312.49,74.56
2019-11-25,314.59,74.69
2019-11-26,311.46,73.39
2019-11-27,313.54,73.65
2019-11-28,314.46,74.62
2019-11-29,314.21,74.19
2019-12-02,314.79,74.63
2019-12-03,314.62,74.77
2019-12-04,310.46,73.83
2019-12-05,311.99,74.53
2019-12-06,315.79,76.22
2019-12-09,315.43,76.32
2019-12-10,321.29,77.51
2019-12-11,312.79,75.68
2019-12-12,316.29,77.43
2019-12-13,313.9,76.43
2019-12-16,316.97,78.05
2019-12-17,313.49,77.14
2019-12-18,313.21,77.01
2019-12-19,307.61,75.75
2019-12-20,306.89,74.91
2019-12-23,307.22,75.39
2019-12-26,302.3,74.4
2019-12-27,305.08,75.37
2019-12-30,303.8,75.65
2020-01-02,304.8,75.76
2020-01-03,303.37,74.85
2020-01-06,302.3,74.26
2020-01-07,300.58,74.03
2020-01-08,301.2,74.39
2020-01-09,302.5,74.01
2020-01-10,301.3,73.83
2020-01-13,293.44,70.93
2020-01-14,298.89,72.39
2020-01-15,298.97,71.57
2020-01-16,300.8,71.72
2020-01-17,302.25,72.64
2020-01-20,305.43,72.91
2020-01-21,305.71,72.79
2020-01-22,307.07,73.51
2020-01-23,310.49,74.55
2020-01-24,310.13,74.09
2020-01-27,305.4,72.63
2020-01-28,305.89,72.93
2020-01-29,299.8,71.01
2020-01-30,305.43,71.68
2020-01-31,309.68,72.31
2020-02-03,299.47,70.48
2020-02-04,304.96,71.64
2020-02-05,303.16,71.43
2020-02-06,305.72,71.48
2020-02-07,307.7,71.24
2020-02-10,305.92,70.7
2020-02-11,308.46,71.3
2020-02-12,305.92,70.38
2020-02-13,310.3,71.43
2020-02-14,309.25,71.92
2020-02-17,309.96,71.65
2020-02-18,309.8,71.09
2020-02-19,310.02,70.96
2020-02-20,309.34,70.53
2020-02-21,310.57,70.75
2020-02-26,309.8,69.79
2020-02-27,312.29,69.86
2020-02-28,312.92,69.66
2020-03-02,313.35,69.87
2020-03-03,316.46,70.17
2020-03-04,314.68,68.74
2020-03-05,312.19,67.17
2020-03-06,311.13,67.21
2020-03-09,311.0,65.54
2020-03-10,314.97,67.82
2020-03-11,316.21,66.8
2020-03-12,318.04,66.01
2020-03-13,317.69,65.48
2020-03-16,318.39,63.3
2020-03-17,321.57,64.3
2020-03-18,325.9,62.34
2020-03-19,325.69,63.87
2020-03-20,325.19,64.41
2020-03-23,329.72,64.16
2020-03-24,332.02,65.2
2020-03-25,329.64,65.77
2020-03-26,328.12,65.57
2020-03-27,323.52,63.96
2020-03-30,324.52,62.71
2020-03-31,327.02,62.94
2020-04-01,326.32,62.04
2020-04-02,332.74,63.2
2020-04-03,334.26,62.89
2020-04-06,331.91,62.6
2020-04-07,332.73,63.78
2020-04-08,333.73,64.79
2020-04-09,324.82,63.69
2020-04-13,328.64,63.48
2020-04-14,329.82,63.59
2020-04-15,329.82,62.99
2020-04-16,331.07,62.95
2020-04-17,329.82,62.91
2020-04-20,328.82,61.97
2020-04-22,326.32,60.35
2020-04-23,330.27,60.01
2020-04-24,334.62,59.01
2020-04-27,335.15,58.71
2020-04-28,340.96,62.02
2020-04-29,335.04,62.54
2020-04-30,335.13,61.52
2020-05-04,340.94,61.55
2020-05-05,348.74,62.31
2020-05-06,350.05,61.4
2020-05-07,352.85,60.23
2020-05-08,353.94,61.58
2020-05-11,361.18,61.9
2020-05-12,357.12,60.92
2020-05-13,359.57,60.79
2020-05-14,362.14,62.04
2020-05-15,361.74,62.03
2020-05-18,359.54,62.92
2020-05-19,360.4,62.85
2020-05-20,361.29,63.64
2020-05-21,356.21,63.91
2020-05-22,356.51,63.89
2020-05-25,354.22,64.95
2020-05-26,354.65,66.41
2020-05-27,352.15,66.54
2020-05-28,345.85,64.49
2020-05-29,344.85,64.58
2020-06-01,346.18,64.36
2020-06-02,342.76,65.66
2020-06-03,336.74,66.44
2020-06-04,335.04,65.49
2020-06-05,336.96,67.83
2020-06-08,335.04,68.78
2020-06-09,333.35,68.35
2020-06-10,333.74,67.88
2020-06-12,331.52,65.53
2020-06-15,337.13,65.46
2020-06-16,336.15,64.34
2020-06-17,339.02,64.39
2020-06-18,340.35,63.19
2020-06-19,338.19,63.75
2020-06-22,337.13,64.0
2020-06-23,335.85,65.28
2020-06-24,339.44,63.85
2020-06-25,338.74,63.63
2020-06-26,343.6,62.84
2020-06-29,348.94,64.19
2020-06-30,352.57,64.81
2020-07-01,347.97,65.52
2020-07-02,347.77,64.98
2020-07-03,345.49,65.0
2020-07-06,342.58,64.13
2020-07-07,347.35,64.56
2020-07-08,348.85,65.27
2020-07-09,348.18,65.25
2020-07-10,347.12,65.25
2020-07-13,348.48,64.87
2020-07-14,350.76,65.67
2020-07-15,348.1,64.68
2020-07-16,349.26,65.59
2020-07-17,356.84,66.25
2020-07-20,354.75,66.51
2020-07-21,356.51,68.6
2020-07-22,357.62,69.88
2020-07-23,361.51,69.44
2020-07-24,360.34,69.18
2020-07-27,361.21,69.88
2020-07-28,361.76,70.2
2020-07-29,362.3,70.08
2020-07-30,365.34,70.86
2020-07-31,364.04,69.83
2020-08-03,366.26,68.7
2020-08-04,379.83,71.69
2020-08-05,372.62,70.33
2020-08-06,373.04,69.67
2020-08-07,377.56,69.66
2020-08-10,379.67,69.56
2020-08-11,376.84,69.72
2020-08-12,376.98,69.11
2020-08-13,381.08,70.97
2020-08-14,386.33,71.15
2020-08-17,384.05,69.79
2020-08-18,392.33,71.75
2020-08-19,394.16,71.37
2020-08-20,398.74,71.76
2020-08-21,403.62,71.97
2020-08-24,406.19,72.55
2020-08-25,406.32,73.56
2020-08-26,411.18,73.41
2020-08-27,410.24,73.66
2020-08-28,409.49,75.72
2020-08-31,407.32,74.38
2020-09-01,411.71,76.41
2020-09-02,404.32,75.49
2020-09-03,401.08,75.82
2020-09-04,400.83,75.54
2020-09-08,399.41,74.53
2020-09-09,397.83,75.22
2020-09-10,399.98,75.24
2020-09-11,398.92,74.79
2020-09-14,388.72,73.66
2020-09-15,385.33,72.9
2020-09-16,384.63,73.4
2020-09-17,385.22,73.54
2020-09-18,385.53,71.83
2020-09-21,384.53,71.17
2020-09-22,388.9,71.16
2020-09-23,393.58,70.57
2020-09-24,396.55,71.89
2020-09-25,401.91,72.49
2020-09-28,399.44,70.89
2020-09-29,398.29,70.67
2020-09-30,396.33,70.55
2020-10-01,392.33,69.41
2020-10-02,395.28,69.87
2020-10-05,392.28,70.54
2020-10-06,393.06,70.19
2020-10-07,391.14,69.63
2020-10-08,393.16,70.36
2020-10-09,393.92,71.21
2020-10-13,391.7,70.27
2020-10-14,397.28,70.91
2020-10-15,398.92,71.08
2020-10-16,402.02,71.22
2020-10-19,402.37,71.8
2020-10-20,397.33,70.98
2020-10-21,399.41,71.23
2020-10-22,401.98,71.81
2020-10-23,402.55,71.53
2020-10-26,403.9,71.8
2020-10-27,407.1,71.75
2020-10-28,412.09,71.76
2020-10-29,412.13,71.66
2020-10-30,413.82,71.99
2020-11-03,410.36,71.35
2020-11-04,405.62,71.64
2020-11-05,409.12,73.76
2020-11-06,407.9,75.71
2020-11-09,397.55,73.43
2020-11-10,399.19,74.21
2020-11-11,407.51,75.27
2020-11-12,410.65,75.13
2020-11-13,416.36,76.02
2020-11-16,421.48,77.59
2020-11-17,415.24,77.79
2020-11-18,417.32,78.08
2020-11-19,412.32,77.62
2020-11-20,408.82,76.1
2020-11-23,409.82,75.38
2020-11-24,407.13,75.6
2020-11-25,406.75,76.48
2020-11-26,409.57,76.84
2020-11-27,414.15,77.72
2020-11-30,412.9,77.13
2020-12-01,408.9,78.12
2020-12-02,406.12,77.43
2020-12-03,401.82,78.22
2020-12-04,398.01,77.61
2020-12-07,393.01,77.33
2020-12-08,395.28,77.07
2020-12-09,395.2,76.25
2020-12-10,393.92,78.21
2020-12-11,393.92,77.96
2020-12-14,398.68,78.02
2020-12-15,398.46,78.3
2020-12-16,404.64,78.94
2020-12-17,403.01,79.41
2020-12-18,404.42,79.5
2020-12-21,404.82,79.01
2020-12-22,404.82,78.38
2020-12-23,404.75,77.85
2020-12-28,407.1,77.7
2020-12-29,410.82,79.25
2020-12-30,410.32,79.12
2021-01-04,407.55,77.47
2021-01-05,417.32,79.29
2021-01-06,415.52,78.65
2021-01-07,413.38,76.74
2021-01-08,414.82,76.59
2021-01-11,419.36,76.37
2021-01-12,416.49,78.1
2021-01-13,417.07,78.69
2021-01-14,412.82,79.34
2021-01-15,416.32,78.76
2021-01-18,416.82,78.76
2021-01-19,415.6,77.68
2021-01-20,415.97,78.21
2021-01-21,416.18,77.7
2021-01-22,418.98,76.57
2021-01-25,420.73,76.38
2021-01-26,416.52,78.18
2021-01-27,418.0,77.45
2021-01-28,422.48,77.72
2021-01-29,422.35,77.03
2021-02-01,422.91,77.58
2021-02-02,422.09,78.78
2021-02-03,425.4,79.34
2021-02-04,425.91,78.09
2021-02-05,424.72,78.86
2021-02-08,422.57,78.66
2021-02-09,423.48,78.68
2021-02-10,420.96,78.26
2021-02-11,422.18,78.3
2021-02-12,424.28,78.89
2021-02-17,425.09,78.43
2021-02-18,429.54,78.96
2021-02-19,428.51,79.25
2021-02-22,436.17,80.15
2021-02-23,444.17,81.47
2021-02-24,447.31,82.33
2021-02-25,452.08,82.11
2021-02-26,455.22,81.57
2021-03-01,458.31,81.86
2021-03-02,460.16,81.23
2021-03-03,465.61,80.95
2021-03-04,447.89,79.09
2021-03-05,450.44,79.11
2021-03-08,451.22,78.22
2021-03-09,454.97,78.59
2021-03-10,462.47,81.77
2021-03-11,450.36,81.35
2021-03-12,449.42,80.77
2021-03-15,449.34,79.6
2021-03-16,450.43,80.28
2021-03-17,453.47,81.22
2021-03-18,447.47,80.5
2021-03-19,443.59,80.83
2021-03-22,442.66,80.29
2021-03-23,439.24,79.66
2021-03-24,439.38,78.28
2021-03-25,444.96,78.52
2021-03-26,456.46,79.44
2021-03-29,456.16,79.1
2021-03-30,446.46,77.69
2021-03-31,448.15,79.68
2021-04-01,439.06,76.95
2021-04-05,437.69,77.17
2021-04-06,441.5,78.87
2021-04-07,444.51,78.69
2021-04-08,444.51,79.76
2021-04-09,454.08,79.97
2021-04-12,454.19,79.33
2021-04-13,455.69,79.93
2021-04-14,456.63,80.48
2021-04-15,452.88,80.53
2021-04-16,449.06,80.39
2021-04-19,445.97,80.18
2021-04-20,449.51,80.89
2021-04-22,448.72,82.15
2021-04-23,452.74,82.39
2021-04-26,452.24,82.86
2021-04-27,455.6,83.37
2021-04-28,459.41,85.65
2021-04-29,454.51,84.89
2021-04-30,455.97,83.91
2021-05-03,455.97,84.1
2021-05-04,459.69,84.61
2021-05-05,467.47,87.12
2021-05-06,465.47,88.14
2021-05-07,460.46,88.18
2021-05-10,458.96,87.74
2021-05-11,461.62,88.37
2021-05-12,459.5,86.76
2021-05-13,459.54,86.72
2021-05-14,457.74,86.86
2021-05-17,455.41,86.48
2021-05-18,462.21,88.11
2021-05-19,462.87,87.09
2021-05-20,463.59,87.92
2021-05-21,465.46,87.03
2021-05-24,460.46,86.52
2021-05-25,463.14,86.78
2021-05-26,467.18,88.0
2021-05-27,468.14,89.12
2021-05-28,476.77,91.37
2021-05-31,476.32,91.16
2021-06-01,483.45,93.77
2021-06-02,484.4,95.13
2021-06-04,478.59,95.05
2021-06-07,480.51,95.4
2021-06-08,479.95,95.27
2021-06-09,481.95,95.06
2021-06-10,483.45,95.47
2021-06-11,483.45,94.42
2021-06-14,479.95,94.63
2021-06-15,480.79,95.34
2021-06-16,482.68,95.67
2021-06-17,479.95,95.53
2021-06-18,484.94,95.65
2021-06-21,484.49,96.47
2021-06-22,483.58,97.42
2021-06-23,484.94,97.67
2021-06-24,486.61,99.21
2021-06-25,492.72,99.5
2021-06-28,497.16,100.93
2021-06-29,493.12,99.86
2021-06-30,500.44,100.63
2021-07-01,501.44,99.33
2021-07-02,506.44,100.32
2021-07-05,502.72,98.9
2021-07-06,513.27,98.71
2021-07-07,521.64,99.66
2021-07-08,524.03,99.74
2021-07-09,526.6,100.52
2021-07-12,527.94,102.12
2021-07-13,520.85,100.72
2021-07-14,531.3,104.75
2021-07-15,530.57,103.53
2021-07-16,533.69,104.24
2021-07-19,537.79,102.32
2021-07-20,549.48,105.28
2021-07-21,553.43,106.78
2021-07-22,565.84,108.63
2021-07-23,566.81,108.65
2021-07-26,583.57,112.77
2021-07-27,598.57,115.6
2021-07-28,602.43,117.8
2021-07-29,599.93,118.17
2021-07-30,580.56,111.71
2021-08-02,577.71,111.89
2021-08-03,594.93,114.78
2021-08-04,601.82,115.98
2021-08-05,603.11,115.92
2021-08-06,601.73,114.81
2021-08-09,612.91,117.01
2021-08-10,622.91,119.84
2021-08-11,622.41,119.05
2021-08-12,626.02,119.15
2021-08-13,631.18,120.39
2021-08-16,632.91,119.73
2021-08-17,637.18,120.95
2021-08-18,646.78,120.67
2021-08-19,649.35,119.89
2021-08-20,652.13,121.26
2021-08-23,652.68,121.5
2021-08-24,667.68,126.96
2021-08-25,666.9,128.0
2021-08-26,674.35,128.45
2021-08-27,683.65,131.57
2021-08-30,683.79,131.83
2021-08-31,691.01,133.53
2021-09-01,708.9,137.01
2021-09-02,721.71,139.19
2021-09-03,724.34,139.73
2021-09-06,733.23,141.69
2021-09-08,734.09,138.17
2021-09-09,735.73,138.63
2021-09-10,735.73,139.71
2021-09-13,737.67,141.02
2021-09-14,745.89,141.78
2021-09-15,758.64,144.72
2021-09-16,757.89,143.68
2021-09-17,762.89,144.4
2021-09-20,771.55,144.19
2021-09-21,782.11,148.07
2021-09-22,786.88,148.44
2021-09-23,794.0,149.58
2021-09-24,811.86,151.86
2021-09-27,812.64,151.05
2021-09-28,822.58,151.49
2021-09-29,818.49,150.85
2021-09-30,825.86,151.9
2021-10-01,830.32,154.82
2021-10-04,833.75,152.93
2021-10-05,827.36,151.28
2021-10-06,833.36,151.85
2021-10-07,836.06,151.93
2021-10-08,834.41,151.44
2021-10-11,831.06,150.23
2021-10-13,833.86,151.31
2021-10-14,828.86,150.16
2021-10-15,811.68,148.66
2021-10-18,799.31,144.96
2021-10-19,774.87,138.69
2021-10-20,752.65,135.69
2021-10-21,753.38,133.25
2021-10-22,755.43,133.94
2021-10-25,759.87,137.01
2021-10-26,772.37,138.74
2021-10-27,767.65,137.82
2021-10-28,765.71,136.05
2021-10-29,771.04,136.52
2021-11-01,776.53,136.93
2021-11-03,778.33,139.11
2021-11-04,782.13,139.29
2021-11-05,781.28,141.79
2021-11-08,784.46,141.37
2021-11-09,791.46,144.35
2021-11-10,794.83,144.65
2021-11-11,801.19,148.42
2021-11-12,802.1,147.04
2021-11-16,804.27,146.44
2021-11-17,815.08,147.5
2021-11-18,809.1,145.29
2021-11-19,812.6,145.0
2021-11-22,808.83,144.69
2021-11-23,819.82,146.19
2021-11-24,822.32,147.03
2021-11-25,818.64,147.16
2021-11-26,820.82,146.58
2021-11-29,812.83,144.76
2021-11-30,815.82,144.47
2021-12-01,825.93,145.79
2021-12-02,830.81,146.99
2021-12-03,834.51,147.0
2021-12-06,836.69,147.15
2021-12-07,838.7,149.29
2021-12-08,834.36,150.66
2021-12-09,839.81,150.5
2021-12-10,830.89,148.03
2021-12-13,828.67,146.07
2021-12-14,829.22,145.71
2021-12-15,831.28,145.25
2021-12-16,829.78,146.22
2021-12-17,830.78,146.21
2021-12-20,825.41,143.85
2021-12-21,826.28,144.03
2021-12-22,828.11,146.05
2021-12-23,829.78,146.53
2021-12-27,831.21,147.48
2021-12-28,827.64,146.82
2021-12-29,827.92,145.4
2021-12-30,828.35,148.58
2022-01-03,829.17,146.47
2022-01-04,826.8,145.38
2022-01-05,826.3,145.91
2022-01-06,826.47,145.35
2022-01-07,828.0,146.99
2022-01-10,826.94,145.79
2022-01-11,832.02,149.13
2022-01-12,836.67,151.16
2022-01-13,827.58,149.95
2022-01-14,827.92,149.93
2022-01-17,829.58,150.18
2022-01-18,825.3,148.54
2022-01-19,827.2,151.39
2022-01-20,824.8,152.43
2022-01-21,827.58,151.65
2022-01-24,825.8,150.06
2022-01-25,830.5,152.67
2022-01-26,835.35,154.49
2022-01-27,829.24,152.8
2022-01-28,828.35,153.6
2022-01-31,819.8,154.59
2022-02-01,817.08,155.04
2022-02-02,817.73,154.73
2022-02-03,822.73,155.44
2022-02-04,822.28,154.39
2022-02-07,823.48,156.56
2022-02-08,828.53,157.66
2022-02-09,830.41,159.08
2022-02-10,827.28,158.3
2022-02-11,822.96,157.47
2022-02-14,823.42,157.83
2022-02-15,823.87,159.02
2022-02-16,824.96,160.87
2022-02-17,821.6,158.95
2022-02-18,819.78,159.55
2022-02-21,819.23,160.44
2022-02-22,817.05,161.31
2022-02-23,812.06,162.31
2022-02-24,802.01,156.73
2022-02-25,804.78,156.42
2022-03-02,782.26,153.08
2022-03-03,773.1,153.88
2022-03-04,767.95,151.2
2022-03-07,750.68,147.8
2022-03-08,749.77,148.29
2022-03-09,751.44,149.96
2022-03-10,746.44,148.75
2022-03-11,758.52,150.14
2022-03-14,755.32,147.27
2022-03-15,758.4,147.15
2022-03-16,766.13,150.07
2022-03-17,766.13,152.07
2022-03-18,769.74,153.52
2022-03-21,768.63,155.22
2022-03-22,773.49,157.25
2022-03-23,769.24,159.0
2022-03-24,764.74,158.43
2022-03-25,767.02,161.44
2022-03-28,766.41,160.67
2022-03-29,769.74,161.68
2022-03-30,784.28,164.01
2022-03-31,805.29,169.14
2022-04-01,807.75,173.0
2022-04-04,813.5,176.39
2022-04-05,811.97,174.36
2022-04-06,806.12,170.79
2022-04-07,809.75,170.65
2022-04-08,817.25,173.7
2022-04-11,826.25,176.44
2022-04-12,822.25,175.77
2022-04-13,820.75,175.15
2022-04-14,822.53,175.3
2022-04-18,809.2,173.72
2022-04-19,819.25,175.32
2022-04-20,821.75,177.68
2022-04-22,821.97,171.35
2022-04-25,820.37,168.35
2022-04-26,809.75,162.27
2022-04-27,806.57,162.48
2022-04-28,799.76,161.96
2022-04-29,791.98,160.06
2022-05-02,790.3,155.97
2022-05-03,789.75,159.06
2022-05-04,789.19,160.7
2022-05-05,783.75,155.85
2022-05-06,770.84,151.95
2022-05-09,763.14,148.01
2022-05-10,755.47,147.41
2022-05-11,756.52,147.24
2022-05-12,755.11,146.74
2022-05-13,752.61,148.91
2022-05-16,758.44,150.33
2022-05-17,756.07,152.99
2022-05-18,751.56,150.7
2022-05-19,747.47,152.11
2022-05-20,747.74,153.57
2022-05-23,732.75,152.24
2022-05-24,733.25,152.09
2022-05-25,727.75,151.27
2022-05-26,726.41,152.58
2022-05-27,723.84,152.77
2022-05-30,717.25,150.97
2022-05-31,708.25,149.07
2022-06-01,707.75,147.48
2022-06-02,695.76,145.13
2022-06-03,693.76,145.02
2022-06-06,691.58,144.05
2022-06-07,692.26,142.12
2022-06-08,693.4,142.06
2022-06-09,690.32,140.57
2022-06-10,693.51,139.23
2022-06-13,689.76,134.64
2022-06-14,691.98,134.63
2022-06-15,692.26,137.76
2022-06-17,691.43,134.52
2022-06-20,696.57,134.34
2022-06-21,699.29,135.76
2022-06-22,706.41,136.64
2022-06-23,698.25,133.53
2022-06-24,698.25,132.8
2022-06-27,698.08,133.53
2022-06-28,699.25,132.79
2022-06-29,706.75,136.02
2022-06-30,709.24,135.61
2022-07-01,703.65,132.21
2022-07-04,709.3,133.18
2022-07-05,705.31,130.81
2022-07-06,707.26,130.61
2022-07-07,708.26,132.53
2022-07-08,706.76,134.24
2022-07-11,706.76,131.66
2022-07-12,710.76,130.7
2022-07-13,713.26,131.94
2022-07-14,711.98,131.02
2022-07-15,711.76,131.64
2022-07-18,718.64,132.52
2022-07-19,719.25,132.7
2022-07-20,717.75,131.43
2022-07-21,721.39,131.38
2022-07-22,718.63,130.64
2022-07-25,722.31,134.41
2022-07-26,718.66,134.23
2022-07-27,720.25,137.22
2022-07-28,716.42,138.81
2022-07-29,715.38,138.16
2022-08-01,715.73,138.04
2022-08-02,715.93,135.59
2022-08-03,721.4,136.76
2022-08-04,723.06,138.6
2022-08-05,719.22,139.17
2022-08-08,719.72,140.74
2022-08-09,719.72,140.11
2022-08-10,724.09,142.17
2022-08-11,728.47,141.12
2022-08-12,731.38,144.34
2022-08-15,729.22,143.18
2022-08-16,732.44,142.3
2022-08-17,736.21,142.35
2022-08-18,737.71,142.58
2022-08-19,737.44,142.5
2022-08-22,743.04,143.94
2022-08-23,741.71,145.43
2022-08-24,748.21,146.45
2022-08-25,751.37,146.58
2022-08-26,747.21,147.26
2022-08-29,744.71,148.17
2022-08-30,744.21,145.64
2022-08-31,749.71,144.12
2022-09-01,745.35,142.38
2022-09-02,749.72,144.82
2022-09-05,753.05,146.14
2022-09-06,755.13,144.05
2022-09-08,750.35,144.05
2022-09-09,750.22,145.67
2022-09-12,750.28,147.37
2022-09-13,749.22,144.39
2022-09-14,744.72,143.77
2022-09-15,745.22,142.14
2022-09-16,746.72,142.04
2022-09-19,745.28,144.35
2022-09-20,747.22,144.78
2022-09-21,746.09,144.39
2022-09-22,747.72,146.24
2022-09-23,741.72,141.25
2022-09-26,745.83,138.4
2022-09-27,746.09,138.68
2022-09-28,744.22,139.19
2022-09-29,741.09,137.29
2022-09-30,737.73,137.15
2022-10-03,722.66,139.59
2022-10-04,716.11,138.35
2022-10-05,713.38,137.88
2022-10-06,698.39,134.2
2022-10-07,696.75,133.35
2022-10-10,686.39,132.43
2022-10-11,684.76,129.93
2022-10-13,667.76,126.49
2022-10-14,656.58,123.23
2022-10-17,646.77,122.15
2022-10-18,638.66,121.4
2022-10-19,625.28,118.6
2022-10-20,614.78,117.68
2022-10-21,605.78,117.67
2022-10-24,604.29,114.25
2022-10-25,604.79,113.79
2022-10-26,590.35,109.87
2022-10-27,580.25,109.5
2022-10-28,580.79,109.29
2022-10-31,587.01,113.45
2022-11-01,574.79,112.44
2022-11-03,555.52,108.65
2022-11-04,557.79,110.8
2022-11-07,548.3,106.36
2022-11-08,551.29,106.65
2022-11-09,553.13,106.82
2022-11-10,556.46,103.11
2022-11-11,560.79,105.0
2022-11-14,550.67,103.3
2022-11-16,554.79,103.04
2022-11-17,558.13,102.77
2022-11-18,557.92,103.97
2022-11-21,564.37,106.26
2022-11-22,573.88,106.65
2022-11-23,583.42,108.6
2022-11-24,579.78,109.15
2022-11-25,590.78,109.2
2022-11-28,595.28,110.94
2022-11-29,601.59,113.7
2022-11-30,609.77,117.04
2022-12-01,627.27,120.51
2022-12-02,633.65,122.14
2022-12-05,634.76,120.22
2022-12-06,649.2,123.21
2022-12-07,659.75,126.63
2022-12-08,665.31,127.65
2022-12-09,675.37,128.89
2022-12-12,683.75,128.4
2022-12-13,694.24,130.59
2022-12-14,709.11,133.27
2022-12-15,704.74,132.42
2022-12-16,700.24,132.17
2022-12-19,699.74,131.83
2022-12-20,699.18,134.25
2022-12-21,700.85,134.86
2022-12-22,696.82,134.6
2022-12-23,698.24,135.21
2022-12-26,696.56,133.75
2022-12-27,694.24,131.39
2022-12-28,698.74,133.02
2022-12-29,697.74,132.15
2023-01-02,693.31,129.35
2023-01-03,690.46,126.74
2023-01-04,694.74,127.38
2023-01-05,693.08,129.26
2023-01-06,693.08,132.19
2023-01-09,695.57,132.36
2023-01-10,684.74,131.63
2023-01-11,673.08,129.79
2023-01-12,675.2,132.55
2023-01-13,672.68,132.05
2023-01-16,665.38,129.17
2023-01-17,664.2,130.03
2023-01-18,666.25,129.14
2023-01-19,667.61,129.01
2023-01-20,669.75,128.72
2023-01-23,676.18,130.13
2023-01-24,674.75,131.1
2023-01-25,676.62,133.3
2023-01-26,679.75,134.02
2023-01-27,687.74,134.56
2023-01-30,696.96,136.34
2023-01-31,703.63,138.56
2023-02-01,698.76,137.28
2023-02-02,688.27,136.67
2023-02-03,682.77,132.86
2023-02-06,694.76,134.23
2023-02-07,702.89,135.2
2023-02-08,702.26,135.34
2023-02-09,697.26,132.31
2023-02-10,691.27,132.35
2023-02-13,689.77,133.11
2023-02-14,693.27,133.29
2023-02-15,688.66,132.03
2023-02-16,693.52,132.86
2023-02-17,694.05,134.45
2023-02-22,701.43,135.7
2023-02-23,699.76,136.35
2023-02-24,698.93,134.25
2023-02-27,694.76,133.74
2023-02-28,694.21,132.96
2023-03-01,693.06,133.38
2023-03-02,694.73,133.5
2023-03-03,691.4,133.01
2023-03-06,692.59,134.07
2023-03-07,679.74,130.94
2023-03-08,668.24,129.93
2023-03-09,658.49,128.26
2023-03-10,650.75,124.78
2023-03-13,639.33,121.36
2023-03-14,622.03,118.35
2023-03-15,609.35,115.1
2023-03-16,615.32,117.36
2023-03-17,610.32,115.72
2023-03-20,606.85,115.74
2023-03-21,616.12,117.51
2023-03-22,619.76,118.77
2023-03-23,629.75,119.07
2023-03-24,640.25,122.0
2023-03-27,648.75,124.5
2023-03-28,648.25,125.48
2023-03-29,646.41,125.74
2023-03-30,644.75,126.4
2023-03-31,638.64,125.99
2023-04-03,644.78,127.08
2023-04-04,644.78,126.75
2023-04-05,651.14,128.84
2023-04-06,653.28,129.11
2023-04-10,656.14,129.42
2023-04-11,659.78,131.77
2023-04-12,660.19,133.53
2023-04-13,672.95,136.58
2023-04-14,664.28,135.07
2023-04-17,664.15,134.58
2023-04-18,667.47,134.16
2023-04-19,676.65,133.3
2023-04-20,665.23,131.68
2023-04-24,680.22,134.97
2023-04-25,672.95,132.76
2023-04-26,677.95,134.17
2023-04-27,670.68,134.59
2023-04-28,668.11,133.92
2023-05-02,672.01,133.15
2023-05-03,668.07,133.86
2023-05-04,667.92,133.77
2023-05-05,664.29,134.36
2023-05-08,669.28,133.48
2023-05-09,667.01,133.72
2023-05-10,670.85,135.5
2023-05-11,661.56,133.84
2023-05-12,662.66,134.5
2023-05-15,667.01,136.29
2023-05-16,667.74,135.2
2023-05-17,675.19,136.71
2023-05-18,676.82,136.21
2023-05-19,684.73,136.92
2023-05-22,691.73,139.21
2023-05-23,690.98,138.97
2023-05-24,686.4,138.61
2023-05-25,696.23,138.2
2023-05-26,696.4,139.56
2023-05-29,691.73,138.01
2023-05-30,698.23,138.51
2023-05-31,700.64,137.95
2023-06-01,710.44,141.72
2023-06-02,711.1,143.45
2023-06-05,710.19,144.14
2023-06-06,712.92,145.11
2023-06-07,711.73,144.51
2023-06-09,725.84,148.86
2023-06-12,721.4,148.25
2023-06-13,721.81,148.43
2023-06-14,720.19,149.17
2023-06-15,725.29,150.98
2023-06-16,729.23,151.36
2023-06-19,727.73,152.37
2023-06-20,726.95,151.7
2023-06-21,709.74,148.79
2023-06-22,703.37,147.21
2023-06-23,691.96,144.73
2023-06-26,698.07,146.47
2023-06-27,692.24,144.34
2023-06-28,679.75,140.33
2023-06-29,657.26,135.35
2023-06-30,644.31,134.43
2023-07-03,634.77,132.13
2023-07-04,633.24,130.97
2023-07-05,646.44,133.42
2023-07-06,650.68,132.09
2023-07-07,657.77,135.37
2023-07-10,661.99,135.51
2023-07-11,660.77,136.02
2023-07-12,657.49,136.47
2023-07-13,654.27,136.59
2023-07-14,651.59,135.92
2023-07-17,651.44,135.29
2023-07-18,647.55,134.68
2023-07-19,652.77,136.42
2023-07-20,643.66,134.04
2023-07-21,646.13,135.32
2023-07-24,651.99,137.7
2023-07-25,650.88,136.94
2023-07-26,645.77,136.5
2023-07-27,650.88,137.23
2023-07-28,642.77,135.86
2023-07-31,642.27,135.76
2023-08-01,644.75,134.58
2023-08-02,650.25,135.36
2023-08-03,654.12,133.79
2023-08-04,658.64,135.27
2023-08-07,657.25,134.24
2023-08-08,665.25,135.85
2023-08-09,667.25,135.95
2023-08-10,667.67,136.82
2023-08-11,666.62,135.99
2023-08-14,662.25,133.25
2023-08-15,653.5,130.99
2023-08-16,649.76,130.32
2023-08-17,648.09,130.09
2023-08-18,644.34,129.62
2023-08-21,646.58,129.86
2023-08-22,649.3,131.52
2023-08-23,648.39,133.58
2023-08-24,648.26,133.03
2023-08-25,646.98,132.8
2023-08-28,645.31,132.32
2023-08-29,648.76,133.65
2023-08-30,645.76,132.74
2023-08-31,655.17,132.36
2023-09-01,654.28,132.5
2023-09-04,654.28,132.61
2023-09-05,647.56,130.03
2023-09-06,648.28,129.99
2023-09-08,649.78,130.35
2023-09-11,647.56,131.19
2023-09-12,642.78,129.75
2023-09-13,645.4,131.29
2023-09-14,642.78,131.85
2023-09-15,647.05,132.86
2023-09-18,651.14,134.17
2023-09-19,651.44,133.63
2023-09-20,647.98,133.05
2023-09-21,648.28,131.47
2023-09-22,644.49,130.73
2023-09-25,649.29,130.61
2023-09-26,644.79,129.22
2023-09-27,644.79,127.63
2023-09-28,645.9,128.23
2023-09-29,645.34,128.32
2023-10-02,647.5,127.79
2023-10-03,648.53,125.81
2023-10-04,643.78,124.98
2023-10-05,651.65,125.95
2023-10-06,646.44,125.28
2023-10-09,641.86,125.0
2023-10-10,637.86,125.98
2023-10-11,631.92,125.08
2023-10-13,636.45,124.99
2023-10-16,631.92,125.36
2023-10-17,631.32,125.44
2023-10-18,633.87,125.37
2023-10-19,643.24,127.4
2023-10-20,652.27,129.55
2023-10-23,658.52,131.15
2023-10-24,658.11,131.7
2023-10-25,654.36,130.87
2023-10-26,651.31,130.45
2023-10-27,647.05,129.02
2023-10-30,636.7,126.28
2023-10-31,647.96,128.69
2023-11-01,639.36,128.49
2023-11-03,641.44,130.93
2023-11-06,646.57,132.2
2023-11-07,643.12,132.08
2023-11-08,650.28,132.58
2023-11-09,657.56,133.41
2023-11-10,652.06,132.77
2023-11-13,658.11,134.09
2023-11-14,653.12,134.25
2023-11-16,667.78,137.18
2023-11-17,655.93,133.73
2023-11-20,664.28,136.91
2023-11-21,659.78,134.62
2023-11-22,664.78,135.67
2023-11-23,666.28,135.78
2023-11-24,667.0,136.21
2023-11-27,670.61,136.91
2023-11-28,681.02,139.78
2023-11-29,675.93,138.25
2023-11-30,697.49,141.74
2023-12-01,697.05,142.98
2023-12-04,686.45,138.7
2023-12-05,697.78,141.57
2023-12-06,704.22,143.57
2023-12-07,700.78,142.7
2023-12-08,709.22,144.0
2023-12-11,710.23,143.92
2023-12-12,741.58,149.36
2023-12-13,759.3,154.05
2023-12-14,774.75,157.92
2023-12-15,772.26,156.2
2023-12-18,770.32,156.92
2023-12-19,775.26,159.49
2023-12-20,772.84,157.69
2023-12-21,788.39,161.32
2023-12-22,770.32,158.47
2023-12-26,766.91,158.91
2023-12-27,760.6,157.38
2023-12-28,759.05,156.44
2024-01-02,760.25,154.77
2024-01-03,762.74,155.31
2024-01-04,758.08,154.3
2024-01-05,755.86,155.14
2024-01-08,767.92,157.62
2024-01-09,782.95,159.75
2024-01-10,789.74,161.37
2024-01-11,792.51,162.47
2024-01-12,792.01,163.17
2024-01-15,792.01,162.8
2024-01-16,823.72,167.12
2024-01-17,818.23,166.0
2024-01-18,805.98,163.35
2024-01-19,805.84,163.49
2024-01-22,814.73,163.27
2024-01-23,823.47,166.16
2024-01-24,827.45,167.74
2024-01-25,819.73,166.58
2024-01-26,831.22,169.22
2024-01-29,831.8,168.01
2024-01-30,847.84,171.49
2024-01-31,854.71,172.77
2024-02-01,843.63,171.64
2024-02-02,842.88,169.7
2024-02-05,840.75,168.79
2024-02-06,834.75,168.26
2024-02-07,838.09,168.73
2024-02-08,840.25,168.35
2024-02-09,850.25,171.49
2024-02-14,837.53,168.52
2024-02-15,842.25,169.5
2024-02-16,848.25,170.81
2024-02-19,846.83,170.66
2024-02-20,846.25,171.65
2024-02-21,856.11,173.3
2024-02-22,843.09,170.32
2024-02-23,833.76,167.15
2024-02-26,836.0,167.97
2024-02-27,837.25,169.66
2024-02-28,833.99,167.77
2024-02-29,840.75,169.06
2024-03-01,845.75,170.76
2024-03-04,853.75,172.58
2024-03-05,860.25,173.65
2024-03-06,863.38,174.6
2024-03-07,889.32,180.17
2024-03-08,878.38,176.38
2024-03-11,869.24,174.72
2024-03-12,877.24,176.4
2024-03-13,869.74,174.86
2024-03-14,878.97,176.08
2024-03-15,888.2,177.82
2024-03-18,903.07,179.64
2024-03-19,901.4,179.53
2024-03-20,900.99,181.21
2024-03-21,909.73,182.68
2024-03-22,913.83,182.77
2024-03-25,917.01,184.29
2024-03-26,926.74,185.94
2024-03-27,955.19,191.8
2024-03-28,952.42,190.1
2024-04-01,955.72,188.69
2024-04-02,992.21,196.13
2024-04-03,1024.7,203.35
2024-04-04,1037.42,205.51
2024-04-05,1032.47,203.84
2024-04-08,1034.7,205.75
2024-04-09,1027.42,205.12
2024-04-10,1040.19,204.84
2024-04-11,1050.15,206.36
2024-04-12,1073.43,209.45
2024-04-15,1104.67,213.01
2024-04-16,1113.17,211.59
2024-04-17,1160.43,221.67
2024-04-18,1146.33,218.51
2024-04-19,1155.43,222.41
2024-04-22,1148.23,221.92
2024-04-23,1146.66,223.56
2024-04-24,1169.66,227.25
2024-04-25,1181.92,228.83
2024-04-26,1160.91,226.92
2024-04-29,1158.83,226.64
2024-04-30,1134.67,218.63
2024-05-02,1026.35,200.73
2024-05-03,970.33,191.39
2024-05-06,955.61,188.34
2024-05-07,904.22,178.28
2024-05-08,902.22,177.11
2024-05-09,934.21,181.61
2024-05-10,940.27,182.33
2024-05-13,948.56,184.12
2024-05-14,948.6,184.88
2024-05-15,945.72,184.1
2024-05-16,949.26,185.04
2024-05-17,977.21,191.46
2024-05-20,977.21,191.27
2024-05-21,1011.97,197.84
2024-05-22,1077.18,209.0
2024-05-23,1056.35,204.92
2024-05-24,1075.79,207.96
2024-05-27,1068.77,206.65
2024-05-28,1138.5,220.64
2024-05-29,1169.23,224.72
2024-05-31,1149.2,218.6
2024-06-03,1198.61,229.05
2024-06-04,1215.52,229.86
2024-06-05,1236.04,233.3
2024-06-06,1247.17,237.33
2024-06-07,1212.6,228.1
2024-06-10,1208.02,225.59
2024-06-11,1194.69,222.93
2024-06-12,1212.18,224.15
2024-06-13,1212.68,225.7
2024-06-14,1193.78,222.02
2024-06-17,1195.94,220.49
2024-06-18,1200.59,220.94
2024-06-19,1209.68,222.04
2024-06-20,1225.68,226.35
2024-06-21,1206.91,221.65
2024-06-24,1250.67,231.86
2024-06-25,1219.23,223.67
2024-06-26,1206.68,218.8
2024-06-27,1215.18,220.86
2024-06-28,1222.46,218.76
2024-07-01,1218.38,216.1
2024-07-02,1231.06,217.77
2024-07-03,1223.63,219.96
2024-07-04,1229.63,224.22
2024-07-05,1235.99,226.08
2024-07-08,1257.54,229.6
2024-07-09,1288.5,237.82
2024-07-10,1260.53,232.87
2024-07-11,1285.86,236.2
2024-07-12,1292.34,237.91
2024-07-15,1273.51,233.8
2024-07-16,1285.11,236.54
2024-07-17,1289.11,235.02
2024-07-18,1295.44,232.16
2024-07-19,1279.61,228.54
2024-07-22,1299.22,233.09
2024-07-23,1302.61,232.94
2024-07-24,1273.99,225.21
2024-07-25,1294.61,229.5
2024-07-26,1278.5,225.8
2024-07-29,1278.25,227.08
2024-07-30,1274.62,226.64
2024-07-31,1271.28,224.53
2024-08-01,1279.63,223.05
2024-08-02,1285.19,225.04
2024-08-05,1260.09,219.72
2024-08-06,1294.17,228.98
2024-08-07,1307.48,232.44
2024-08-08,1326.89,238.05
2024-08-09,1287.13,233.51
2024-08-12,1322.07,240.25
2024-08-13,1295.25,237.36
2024-08-14,1306.77,238.72
2024-08-15,1295.74,236.36
2024-08-16,1324.62,242.2
2024-08-19,1330.07,245.85
2024-08-20,1346.11,246.18
2024-08-21,1355.17,247.52
2024-08-22,1344.61,240.58
2024-08-23,1375.16,251.08
2024-08-26,1378.89,251.26
2024-08-27,1423.48,258.77
2024-08-28,1440.7,259.63
2024-08-29,1433.34,255.09
2024-08-30,1483.95,262.65
2024-09-02,1417.94,252.66
2024-09-03,1464.6,259.36
2024-09-04,1488.34,264.03
2024-09-05,1476.68,264.68
2024-09-06,1465.6,261.95
2024-09-09,1483.82,265.73
2024-09-10,1484.09,262.35
2024-09-11,1493.68,264.32
2024-09-12,1506.81,268.12
2024-09-13,1520.49,273.27
2024-09-16,1530.03,277.43
2024-09-17,1526.4,278.29
2024-09-18,1518.33,278.85
2024-09-19,1502.8,276.91
2024-09-20,1468.87,266.15
2024-09-23,1509.99,272.86
2024-09-24,1524.99,279.3
2024-09-25,1513.21,276.23
2024-09-26,1533.03,281.44
2024-09-27,1504.58,276.73
2024-09-30,1512.35,277.19
2024-10-01,1511.53,276.94
2024-10-02,1441.37,264.62
2024-10-03,1410.68,257.75
2024-10-04,1411.65,258.54
2024-10-07,1358.43,247.71
2024-10-08,1359.58,245.77
2024-10-09,1375.73,246.41
2024-10-10,1397.07,250.15
2024-10-11,1394.96,248.08
2024-10-14,1424.95,255.23
2024-10-15,1430.89,252.94
2024-10-16,1444.22,254.94
2024-10-17,1428.89,252.14
2024-10-18,1428.02,250.93
2024-10-21,1388.8,243.56
2024-10-22,1401.71,245.83
2024-10-23,1408.2,247.49
2024-10-24,1393.74,245.55
2024-10-25,1409.57,246.9
2024-10-28,1440.33,252.38
2024-10-29,1433.13,248.63
2024-10-30,1440.33,249.88
2024-10-31,1450.8,250.96
2024-11-01,1416.1,241.24
2024-11-04,1424.18,246.65
2024-11-05,1467.09,255.1
2024-11-06,1439.6,253.41
2024-11-07,1490.04,262.15
2024-11-08,1490.02,259.0
2024-11-11,1496.87,259.38
2024-11-12,1526.82,264.71
2024-11-13,1554.96,268.19
2024-11-14,1588.7,274.91
2024-11-18,1570.79,273.47
2024-11-19,1556.36,269.55
2024-11-21,1595.89,274.3
2024-11-22,1614.53,277.89
2024-11-25,1676.59,288.62
2024-11-26,1685.34,290.23
2024-11-27,1747.67,295.41
2024-11-28,1766.75,295.15
2024-11-29,1784.02,297.04
2024-12-02,1652.82,272.38
2024-12-03,1626.42,268.56
2024-12-04,1646.16,272.59
2024-12-05,1672.82,278.71
2024-12-06,1709.47,280.84
2024-12-09,1793.99,294.82
2024-12-10,1833.53,302.66
2024-12-11,1771.55,294.57
2024-12-12,1812.62,300.4
2024-12-13,1805.23,298.78
2024-12-16,1835.1,301.58
2024-12-17,1841.61,302.7
2024-12-18,1874.37,300.28
2024-12-19,1857.16,303.66
2024-12-20,1836.89,303.12
2024-12-23,1849.38,298.77
2024-12-26,1833.97,296.9
2024-12-27,1836.89,296.65
2024-12-30,1832.57,296.53
2025-01-02,1851.63,300.34
2025-01-03,1851.63,299.52
2025-01-06,1838.53,300.76
2025-01-07,1872.98,306.29
2025-01-08,1852.85,303.35
2025-01-09,1875.46,309.84
2025-01-10,1883.84,308.93
2025-01-13,1901.84,311.78
2025-01-14,1896.01,313.54
2025-01-15,1937.24,321.8
2025-01-16,1963.81,324.06
2025-01-17,2015.66,332.51
2025-01-20,2030.06,335.88
2025-01-21,2092.05,346.82
2025-01-22,2071.55,348.8
2025-01-23,2102.12,355.27
2025-01-24,2087.4,353.08
2025-01-27,2066.78,349.65
2025-01-28,2078.27,353.99
2025-01-29,2076.55,353.21
2025-01-30,2088.44,355.9
2025-01-31,2074.22,355.17
2025-02-03,2075.15,356.86
2025-02-04,2072.66,359.34
2025-02-05,2068.77,357.36
2025-02-06,2074.71,359.63
2025-02-07,2057.96,355.56
2025-02-10,2071.6,357.85
2025-02-11,2070.57,358.91
2025-02-12,2087.05,362.33
2025-02-13,2077.65,360.14
2025-02-14,2075.43,363.92
2025-02-17,2065.23,361.69
2025-02-18,2046.6,359.56
2025-02-19,2062.96,360.78
2025-02-20,2041.33,357.69
2025-02-21,2046.0,357.19
2025-02-24,2043.83,355.45
2025-02-25,2018.89,350.87
2025-02-26,1974.35,340.46
2025-02-27,1985.89,340.57
2025-02-28,1985.18,336.19
2025-03-05,1999.94,347.45
2025-03-06,2007.64,348.31
2025-03-07,1981.46,342.1
2025-03-10,1998.2,341.34
2025-03-11,2020.97,347.96
2025-03-12,2016.31,347.28
2025-03-13,2014.76,347.37
2025-03-14,2010.56,350.21
2025-03-17,1998.81,352.34
2025-03-18,2015.14,355.22
2025-03-19,2017.64,357.04
2025-03-20,2010.22,354.66
2025-03-21,2017.04,352.81
2025-03-24,2015.93,350.47
2025-03-25,2020.76,354.39
2025-03-26,2008.35,350.19
2025-03-27,1978.77,343.78
2025-03-28,1977.91,343.51
2025-03-31,1946.98,341.22
2025-04-01,1913.76,336.63
2025-04-02,1827.8,321.0
2025-04-03,1761.14,313.04
2025-04-04,1718.34,294.44
2025-04-07,1586.39,268.38
2025-04-08,1572.89,262.72
2025-04-09,1576.39,269.98
2025-04-10,1615.88,273.69
2025-04-11,1608.88,274.09
2025-04-14,1635.37,279.5
2025-04-15,1693.93,287.5
2025-04-16,1711.84,291.63
2025-04-17,1712.52,294.91
2025-04-22,1671.17,292.06
2025-04-23,1692.53,296.16
2025-04-24,1698.85,298.93
2025-04-25,1716.34,302.01
2025-04-28,1714.84,303.3
2025-04-29,1714.79,304.47
2025-04-30,1702.68,300.19
2025-05-02,1667.99,294.96
2025-05-05,1658.0,291.49
2025-05-06,1659.82,290.84
2025-05-07,1657.36,287.74
2025-05-08,1678.9,296.05
2025-05-09,1666.84,294.75
2025-05-12,1583.74,278.53
2025-05-13,1599.36,285.55
2025-05-14,1555.74,276.48
2025-05-15,1523.94,268.2
2025-05-16,1519.4,268.07
2025-05-19,1528.48,270.34
2025-05-20,1535.5,270.76
2025-05-21,1525.76,270.05
2025-05-22,1504.4,266.27
2025-05-23,1485.32,262.7
2025-05-26,1481.08,261.03
2025-05-27,1463.92,259.15
2025-05-28,1426.93,250.65
2025-05-29,1424.43,251.27
2025-05-30,1394.45,243.87
2025-06-02,1358.37,239.07
2025-06-03,1320.75,234.13
2025-06-04,1334.49,236.19
2025-06-05,1363.05,243.79
2025-06-06,1363.23,245.1
2025-06-09,1375.84,247.32
2025-06-10,1367.66,245.36
2025-06-11,1343.93,242.37
2025-06-12,1333.38,240.47
2025-06-13,1283.26,231.76
2025-06-16,1273.96,231.88
2025-06-17,1287.01,233.96
2025-06-18,1209.04,219.71
2025-06-20,1167.47,211.38
2025-06-23,1186.21,215.44
2025-06-24,1138.2,206.42
2025-06-25,1094.58,197.01
2025-06-26,1114.57,202.58
2025-06-27,1114.07,203.08
2025-06-30,1105.07,203.51
2025-07-01,1099.04,201.18
2025-07-02,1068.92,197.07
2025-07-03,1082.04,199.93
2025-07-04,1086.76,200.36
2025-07-07,1066.77,194.7
2025-07-08,1065.55,195.66
2025-07-09,1032.69,188.0
2025-07-10,1020.19,184.12
2025-07-11,1012.75,182.58
2025-07-14,1014.57,181.66
2025-07-15,1006.39,180.94
2025-07-16,1024.07,184.12
2025-07-17,1003.95,180.99
2025-07-18,1013.46,181.43
2025-07-21,975.7,175.23
2025-07-22,1003.46,180.28
2025-07-23,986.81,178.67
2025-07-24,1007.91,182.66
2025-07-25,1002.35,180.05
2025-07-28,1018.32,181.97
2025-07-29,1009.02,181.18
2025-07-30,1027.07,184.26
2025-07-31,1028.45,183.62
2025-08-01,1029.6,185.55
2025-08-04,1015.06,184.32
2025-08-05,1018.5,184.95
2025-08-06,1003.61,183.71
2025-08-07,1032.33,189.94
2025-08-08,1051.41,193.24
2025-08-11,1073.47,197.11
2025-08-12,1073.47,199.16
2025-08-13,1163.3,215.27
2025-08-14,1179.05,217.66
2025-08-15,1231.19,228.08
2025-08-18,1231.4,226.65
2025-08-19,1299.95,236.31
2025-08-20,1383.84,252.85
2025-08-21,1424.45,259.94
2025-08-22,1452.77,267.79
2025-08-25,1469.43,271.36
2025-08-26,1510.92,278.0
2025-08-27,1548.95,285.73
2025-08-28,1529.97,283.06
2025-08-29,1534.41,283.1
2025-09-01,1474.4,270.78
2025-09-02,1431.92,261.54
2025-09-03,1427.76,261.59
2025-09-04,1402.21,257.48
2025-09-05,1358.45,251.38
2025-09-08,1356.95,250.41
2025-09-09,1361.12,250.48
2025-09-10,1385.55,256.2
2025-09-11,1392.94,258.24
2025-09-12,1421.24,265.4
2025-09-15,1477.18,277.77
2025-09-16,1476.22,278.64
2025-09-17,1408.43,265.79
2025-09-18,1389.44,261.66
2025-09-19,1288.48,242.2
2025-09-22,1313.22,246.06
2025-09-23,1278.86,241.98
2025-09-24,1303.92,244.78
2025-09-25,1288.92,240.11
2025-09-26,1321.13,247.4
2025-09-29,1313.84,247.06
2025-09-30,1342.46,252.15
2025-10-01,1353.43,254.36
2025-10-02,1344.89,251.85
2025-10-03,1389.41,260.68
2025-10-06,1393.91,262.46
2025-10-07,1387.19,259.39
2025-10-08,1388.96,259.91
2025-10-09,1395.41,259.47
2025-10-10,1388.41,252.48
2025-10-13,1414.4,259.14
2025-10-14,1416.62,259.17
2025-10-15,1425.51,261.23
2025-10-16,1420.51,260.79
2025-10-17,1400.77,259.11
2025-10-20,1407.41,261.94
2025-10-21,1423.4,264.13
2025-10-22,1429.9,264.75
2025-10-23,1428.84,265.29
2025-10-24,1401.63,259.95
2025-10-27,1381.42,257.15
2025-10-28,1371.3,255.84
2025-10-29,1389.91,259.02
2025-10-30,1405.03,261.26
2025-10-31,1405.91,261.27
2025-11-03,1412.98,263.81
2025-11-04,1434.97,265.83
2025-11-05,1431.75,267.17
2025-11-06,1392.99,260.47
2025-11-07,1409.48,264.05
2025-11-10,1393.99,262.67
2025-11-11,1380.12,261.88
2025-11-12,1350.22,255.1
2025-11-13,1345.51,254.01
2025-11-14,1316.18,248.38
2025-11-17,1346.38,252.79
2025-11-18,1383.49,260.15
2025-11-19,1389.49,260.3
2025-11-21,1347.28,249.64
2025-11-24,1373.5,254.63
2025-11-25,1397.67,259.98
2025-11-26,1396.99,261.8
2025-11-27,1397.26,260.98
2025-11-28,1404.48,263.41
2025-12-01,1386.08,258.65
2025-12-02,1373.17,257.53
2025-12-03,1373.92,258.64
2025-12-04,1377.92,259.54
2025-12-05,1372.42,251.54
2025-12-08,1367.15,252.06
2025-12-09,1373.92,252.61
2025-12-10,1363.31,248.87
2025-12-11,1358.87,251.6
2025-12-12,1332.56,246.18
2025-12-15,1284.46,236.9
2025-12-16,1255.09,229.62
2025-12-17,1222.34,221.36
2025-12-18,1229.48,222.69
2025-12-19,1223.77,221.34
2025-12-22,1240.19,222.18
2025-12-23,1255.97,226.79
2025-12-26,1256.47,226.64
2025-12-29,1250.58,224.16
2025-12-30,1263.91,230.3
2026-01-02,1263.38,233.01
2026-01-05,1250.12,231.42
2026-01-06,1265.99,235.4
2026-01-07,1282.66,238.02
2026-01-08,1285.25,238.41
2026-01-09,1282.4,238.94
2026-01-12,1278.33,238.05
2026-01-13,1280.59,238.03
2026-01-14,1298.48,240.5
2026-01-15,1288.37,240.28
2026-01-16,1300.57,242.1
2026-01-19,1301.47,242.63
2026-01-20,1281.48,238.28
2026-01-21,1283.65,241.33
2026-01-22,1276.76,241.67
2026-01-23,1286.48,243.33
2026-01-26,1290.03,244.28
2026-01-27,1282.21,246.34
2026-01-28,1239.04,237.55
2026-01-29,1227.5,236.42
2026-01-30,1212.01,230.82
2026-02-02,1155.13,219.07
2026-02-03,1095.1,209.03
2026-02-04,1079.1,205.11
2026-02-05,1073.36,204.33
2026-02-06,1068.7,204.73
2026-02-09,1063.5,204.99
2026-02-10,1069.05,205.55
2026-02-11,1058.11,204.03
2026-02-12,1067.94,205.29
2026-02-13,1092.1,209.01
2026-02-18,1056.49,201.43
2026-02-19,1027.75,196.7
2026-02-20,1042.95,201.38
2026-02-23,1030.25,199.35
2026-02-24,1044.06,202.53
2026-02-25,1055.17,205.81
2026-02-26,1042.39,202.64
2026-02-27,1032.75,201.04
2026-03-02,1056.07,204.31
2026-03-03,1075.07,203.96
2026-03-04,1067.9,204.62
2026-03-05,1065.57,201.74
2026-03-06,1070.68,203.94
2026-03-09,1067.07,206.32
2026-03-10,1037.08,200.95
2026-03-11,998.97,193.45
2026-03-12,1011.41,193.13
2026-03-13,1000.05,188.23
2026-03-16,994.04,190.07
2026-03-17,989.6,190.09
2026-03-18,995.85,190.48
2026-03-19,1005.22,192.76
2026-03-20,1014.04,190.65
2026-03-23,1012.93,193.57
2026-03-24,1028.09,195.57
2026-03-25,1026.26,196.56
2026-03-26,1017.1,193.88
2026-03-27,1016.6,193.9
2026-03-30,966.84,183.81
2026-03-31,965.73,186.04
2026-04-01,949.07,184.0
2026-04-02,937.13,181.54
2026-04-06,921.86,179.07
2026-04-07,901.31,174.64
2026-04-08,891.15,174.36
2026-04-09,899.64,177.62
2026-04-10,879.03,175.49
2026-04-13,878.82,175.87
2026-04-14,899.64,180.29
2026-04-15,901.64,180.62
2026-04-16,896.31,179.51
2026-04-17,885.48,177.7
2026-04-20,909.64,182.88
2026-04-22,933.13,187.64
2026-04-23,941.63,187.99
2026-04-24,955.12,191.06
2026-04-27,941.05,188.97
2026-04-28,953.19,191.4
2026-04-29,940.88,187.91
2026-04-30,925.26,186.66
2026-05-04,910.36,183.24
2026-05-05,924.65,188.24
2026-05-06,916.32,186.28
2026-05-07,916.93,186.29
2026-05-08,912.99,186.55
2026-05-11,943.54,192.72
2026-05-12,933.65,190.77
2026-05-13,969.64,193.97
2026-05-14,952.98,191.09
2026-05-15,930.15,183.68
2026-05-18,914.16,182.58
2026-05-19,921.88,182.73
2026-05-20,919.16,183.79
2026-05-21,921.88,184.56
2026-05-22,941.92,187.48
2026-05-25,937.65,186.93
2026-05-26,961.86,191.19
2026-05-27,959.64,189.69
2026-05-28,970.14,192.87
2026-05-29,952.56,188.78
2026-06-01,939.28,187.33
2026-06-02,942.13,187.94
2026-06-03,932.97,183.84
2026-06-05,921.46,178.78
2026-06-08,948.38,183.12
2026-06-09,945.74,182.54
2026-06-10,955.13,184.64
2026-06-11,967.4,189.87
2026-06-12,975.12,192.6
2026-06-15,974.12,192.1
2026-06-16,988.5,194.28
2026-06-17,1005.16,196.51
2026-06-18,1018.24,196.68
2026-06-19,1025.96,198.17
2026-06-22,1007.34,195.71
2026-06-23,1018.11,196.24
2026-06-24,1037.93,199.45
2026-06-25,1054.04,203.6
2026-06-26,1049.14,202.89
2026-06-29,1017.39,196.86
2026-06-30,1061.81,205.42
2026-07-01,1071.24,205.65
2026-07-02,1089.06,209.03
2026-07-03,1070.57,207.11
2026-07-06,1117.33,217.63
2026-07-07,1100.67,213.39
2026-07-08,1090.56,211.92
2026-07-09,1109.55,216.62
2026-07-10,1087.74,212.82
2026-07-13,1096.83,213.72
2026-07-14,1105.01,217.74
2026-07-15,1107.68,218.18
2026-07-16,1092.56,214.14
2026-07-17,1110.8,217.42
2026-07-20,1104.56,217.0
2026-07-21,1102.56,217.42
2026-07-22,1082.29,214.1
2026-07-23,1066.24,209.64
2026-07-24,1070.72,210.86
2026-07-27,1087.34,212.83
2026-07-28,1114.0,217.66
2026-07-29,1079.57,211.6
2026-07-30,1080.81,213.26
2026-07-31,1092.56,215.33
2026-08-03,1087.68,213.82
2026-08-04,1095.15,213.27
2026-08-05,1111.86,216.65
2026-08-06,1090.51,213.62
2026-08-07,1089.15,214.23
2026-08-10,1092.38,213.73
2026-08-11,1086.88,210.43
2026-08-12,1077.11,208.22
2026-08-13,1064.62,205.13
2026-08-14,1049.17,200.84
2026-08-17,1052.95,202.57
2026-08-18,1075.11,206.0
2026-08-19,1062.69,205.51
2026-08-20,1066.15,205.27
2026-08-21,1051.93,204.58
2026-08-24,1058.71,205.41
2026-08-25,1048.71,203.75
2026-08-26,1036.13,201.03
2026-08-27,1021.9,197.81
2026-08-28,1027.55,197.53
2026-08-31,1022.13,197.25
2026-09-01,1007.35,195.6
2026-09-02,991.71,194.15
2026-09-03,980.05,192.02
2026-09-04,976.71,190.39
2026-09-08,980.78,192.61
2026-09-09,996.9,195.13
2026-09-10,986.16,193.29
2026-09-11,992.96,193.79
2026-09-14,992.35,192.65
2026-09-15,985.78,191.27
2026-09-16,977.32,189.37
2026-09-17,965.02,187.71
2026-09-18,965.79,187.68
2026-09-21,957.72,187.53
2026-09-22,936.96,183.61
2026-09-23,938.4,181.61
2026-09-24,941.57,181.35
2026-09-25,952.72,183.57
2026-09-28,963.39,184.59
2026-09-29,967.14,185.42
2026-09-30,985.47,190.5
2026-10-01,972.44,186.36
2026-10-02,992.41,190.23
2026-10-05,966.0,193.74
2026-10-06,976.94,196.17
